GarageBand	pst	American Clean	/Library/Application Support/GarageBand/Instrument Library/Plug-In Settings/Amp Simulation/American Clean.pst
GarageBand	pst	American Crunch	/Library/Application Support/GarageBand/Instrument Library/Plug-In Settings/Amp Simulation/American Crunch.pst
GarageBand	pst	American Lead	/Library/Application Support/GarageBand/Instrument Library/Plug-In Settings/Amp Simulation/American Lead.pst
GarageBand	pst	American Overdrive	/Library/Application Support/GarageBand/Instrument Library/Plug-In Settings/Amp Simulation/American Overdrive.pst
GarageBand	pst	Big Wheels	/Library/Application Support/GarageBand/Instrument Library/Plug-In Settings/Amp Simulation/Big Wheels.pst
GarageBand	pst	British Clean	/Library/Application Support/GarageBand/Instrument Library/Plug-In Settings/Amp Simulation/British Clean.pst
GarageBand	pst	British Crunch	/Library/Application Support/GarageBand/Instrument Library/Plug-In Settings/Amp Simulation/British Crunch.pst
GarageBand	pst	British Lead	/Library/Application Support/GarageBand/Instrument Library/Plug-In Settings/Amp Simulation/British Lead.pst
GarageBand	pst	British Overdrive	/Library/Application Support/GarageBand/Instrument Library/Plug-In Settings/Amp Simulation/British Overdrive.pst
GarageBand	pst	Classic Rock	/Library/Application Support/GarageBand/Instrument Library/Plug-In Settings/Amp Simulation/Classic Rock.pst
GarageBand	pst	English Channel	/Library/Application Support/GarageBand/Instrument Library/Plug-In Settings/Amp Simulation/English Channel.pst
GarageBand	pst	Thick Jazz	/Library/Application Support/GarageBand/Instrument Library/Plug-In Settings/Amp Simulation/Thick Jazz.pst
GarageBand	pst	Attack Bass	/Library/Application Support/GarageBand/Instrument Library/Plug-In Settings/Analog Basic/Attack Bass.pst
GarageBand	pst	Blue Sky Synth	/Library/Application Support/GarageBand/Instrument Library/Plug-In Settings/Analog Basic/Blue Sky Synth.pst
GarageBand	pst	Brassy Synth	/Library/Application Support/GarageBand/Instrument Library/Plug-In Settings/Analog Basic/Brassy Synth.pst
GarageBand	pst	Bright Square Bass	/Library/Application Support/GarageBand/Instrument Library/Plug-In Settings/Analog Basic/Bright Square Bass.pst
GarageBand	pst	Classic Brass	/Library/Application Support/GarageBand/Instrument Library/Plug-In Settings/Analog Basic/Classic Brass.pst
GarageBand	pst	Dance Synth	/Library/Application Support/GarageBand/Instrument Library/Plug-In Settings/Analog Basic/Dance Synth.pst
GarageBand	pst	Eighties Synth Brass	/Library/Application Support/GarageBand/Instrument Library/Plug-In Settings/Analog Basic/Eighties Synth Brass.pst
GarageBand	pst	Fat Sequence	/Library/Application Support/GarageBand/Instrument Library/Plug-In Settings/Analog Basic/Fat Sequence.pst
GarageBand	pst	Fifth Lead	/Library/Application Support/GarageBand/Instrument Library/Plug-In Settings/Analog Basic/Fifth Lead.pst
GarageBand	pst	Funky Fifth	/Library/Application Support/GarageBand/Instrument Library/Plug-In Settings/Analog Basic/Funky Fifth.pst
GarageBand	pst	Hard Octave	/Library/Application Support/GarageBand/Instrument Library/Plug-In Settings/Analog Basic/Hard Octave.pst
GarageBand	pst	Octave Brass	/Library/Application Support/GarageBand/Instrument Library/Plug-In Settings/Analog Basic/Octave Brass.pst
GarageBand	pst	Percussive Fifth	/Library/Application Support/GarageBand/Instrument Library/Plug-In Settings/Analog Basic/Percussive Fifth.pst
GarageBand	pst	Plucky Lead	/Library/Application Support/GarageBand/Instrument Library/Plug-In Settings/Analog Basic/Plucky Lead.pst
GarageBand	pst	Rezzy Brass	/Library/Application Support/GarageBand/Instrument Library/Plug-In Settings/Analog Basic/Rezzy Brass.pst
GarageBand	pst	Ringtone	/Library/Application Support/GarageBand/Instrument Library/Plug-In Settings/Analog Basic/Ringtone.pst
GarageBand	pst	RnB Bass	/Library/Application Support/GarageBand/Instrument Library/Plug-In Settings/Analog Basic/RnB Bass.pst
GarageBand	pst	Short Poly	/Library/Application Support/GarageBand/Instrument Library/Plug-In Settings/Analog Basic/Short Poly.pst
GarageBand	pst	Slow Brass	/Library/Application Support/GarageBand/Instrument Library/Plug-In Settings/Analog Basic/Slow Brass.pst
GarageBand	pst	Soft Pulse Lead	/Library/Application Support/GarageBand/Instrument Library/Plug-In Settings/Analog Basic/Soft Pulse Lead.pst
GarageBand	pst	Square Bass	/Library/Application Support/GarageBand/Instrument Library/Plug-In Settings/Analog Basic/Square Bass.pst
GarageBand	pst	Square Fifth	/Library/Application Support/GarageBand/Instrument Library/Plug-In Settings/Analog Basic/Square Fifth.pst
GarageBand	pst	Super Octave	/Library/Application Support/GarageBand/Instrument Library/Plug-In Settings/Analog Basic/Super Octave.pst
GarageBand	pst	Sweet Pulse	/Library/Application Support/GarageBand/Instrument Library/Plug-In Settings/Analog Basic/Sweet Pulse.pst
GarageBand	pst	Dark & Dirty	/Library/Application Support/GarageBand/Instrument Library/Plug-In Settings/Analog Mono/Dark & Dirty.pst
GarageBand	pst	Dirty Sweller	/Library/Application Support/GarageBand/Instrument Library/Plug-In Settings/Analog Mono/Dirty Sweller.pst
GarageBand	pst	Drive Lead	/Library/Application Support/GarageBand/Instrument Library/Plug-In Settings/Analog Mono/Drive Lead.pst
GarageBand	pst	Fat Pulsbass	/Library/Application Support/GarageBand/Instrument Library/Plug-In Settings/Analog Mono/Fat Pulsbass.pst
GarageBand	pst	Kick Bass	/Library/Application Support/GarageBand/Instrument Library/Plug-In Settings/Analog Mono/Kick Bass.pst
GarageBand	pst	Mini Bass 1	/Library/Application Support/GarageBand/Instrument Library/Plug-In Settings/Analog Mono/Mini Bass 1.pst
GarageBand	pst	Mini Bass 2	/Library/Application Support/GarageBand/Instrument Library/Plug-In Settings/Analog Mono/Mini Bass 2.pst
GarageBand	pst	Mini Bass 3	/Library/Application Support/GarageBand/Instrument Library/Plug-In Settings/Analog Mono/Mini Bass 3.pst
GarageBand	pst	Mini Crusher	/Library/Application Support/GarageBand/Instrument Library/Plug-In Settings/Analog Mono/Mini Crusher.pst
GarageBand	pst	Mini Dance	/Library/Application Support/GarageBand/Instrument Library/Plug-In Settings/Analog Mono/Mini Dance.pst
GarageBand	pst	Mini Lead 1	/Library/Application Support/GarageBand/Instrument Library/Plug-In Settings/Analog Mono/Mini Lead 1.pst
GarageBand	pst	Mini Lead 2	/Library/Application Support/GarageBand/Instrument Library/Plug-In Settings/Analog Mono/Mini Lead 2.pst
GarageBand	pst	Mini Lead 3	/Library/Application Support/GarageBand/Instrument Library/Plug-In Settings/Analog Mono/Mini Lead 3.pst
GarageBand	pst	Mini Lead 4	/Library/Application Support/GarageBand/Instrument Library/Plug-In Settings/Analog Mono/Mini Lead 4.pst
GarageBand	pst	Mini Q Lead	/Library/Application Support/GarageBand/Instrument Library/Plug-In Settings/Analog Mono/Mini Q Lead.pst
GarageBand	pst	New Luck	/Library/Application Support/GarageBand/Instrument Library/Plug-In Settings/Analog Mono/New Luck.pst
GarageBand	pst	Sonic Lead	/Library/Application Support/GarageBand/Instrument Library/Plug-In Settings/Analog Mono/Sonic Lead.pst
GarageBand	pst	Techno Line	/Library/Application Support/GarageBand/Instrument Library/Plug-In Settings/Analog Mono/Techno Line.pst
GarageBand	pst	Trance Sequence	/Library/Application Support/GarageBand/Instrument Library/Plug-In Settings/Analog Mono/Trance Sequence.pst
GarageBand	pst	Wow Bass	/Library/Application Support/GarageBand/Instrument Library/Plug-In Settings/Analog Mono/Wow Bass.pst
GarageBand	pst	Analog Dreams	/Library/Application Support/GarageBand/Instrument Library/Plug-In Settings/Analog Pad/Analog Dreams.pst
GarageBand	pst	Atmo Pad 1	/Library/Application Support/GarageBand/Instrument Library/Plug-In Settings/Analog Pad/Atmo Pad 1.pst
GarageBand	pst	Atmo Pad 2	/Library/Application Support/GarageBand/Instrument Library/Plug-In Settings/Analog Pad/Atmo Pad 2.pst
GarageBand	pst	Atmo Pad 3	/Library/Application Support/GarageBand/Instrument Library/Plug-In Settings/Analog Pad/Atmo Pad 3.pst
GarageBand	pst	Bright Pad	/Library/Application Support/GarageBand/Instrument Library/Plug-In Settings/Analog Pad/Bright Pad.pst
GarageBand	pst	Chill Pad	/Library/Application Support/GarageBand/Instrument Library/Plug-In Settings/Analog Pad/Chill Pad.pst
GarageBand	pst	Dancy Pad	/Library/Application Support/GarageBand/Instrument Library/Plug-In Settings/Analog Pad/Dancy Pad.pst
GarageBand	pst	Dark Pad ModW	/Library/Application Support/GarageBand/Instrument Library/Plug-In Settings/Analog Pad/Dark Pad ModW.pst
GarageBand	pst	Digi Synth	/Library/Application Support/GarageBand/Instrument Library/Plug-In Settings/Analog Pad/Digi Synth.pst
GarageBand	pst	HPF Polysynth	/Library/Application Support/GarageBand/Instrument Library/Plug-In Settings/Analog Pad/HPF Polysynth.pst
GarageBand	pst	HPF Sweep	/Library/Application Support/GarageBand/Instrument Library/Plug-In Settings/Analog Pad/HPF Sweep.pst
GarageBand	pst	HiPass Pad ModW	/Library/Application Support/GarageBand/Instrument Library/Plug-In Settings/Analog Pad/HiPass Pad ModW.pst
GarageBand	pst	LPF Sweep	/Library/Application Support/GarageBand/Instrument Library/Plug-In Settings/Analog Pad/LPF Sweep.pst
GarageBand	pst	Perc Digisyn	/Library/Application Support/GarageBand/Instrument Library/Plug-In Settings/Analog Pad/Perc Digisyn.pst
GarageBand	pst	Phasing HiPaPad	/Library/Application Support/GarageBand/Instrument Library/Plug-In Settings/Analog Pad/Phasing HiPaPad.pst
GarageBand	pst	Phasing HiPaStabs	/Library/Application Support/GarageBand/Instrument Library/Plug-In Settings/Analog Pad/Phasing HiPaStabs.pst
GarageBand	pst	Phasing LoPaPad	/Library/Application Support/GarageBand/Instrument Library/Plug-In Settings/Analog Pad/Phasing LoPaPad.pst
GarageBand	pst	Phasing MixStabs	/Library/Application Support/GarageBand/Instrument Library/Plug-In Settings/Analog Pad/Phasing MixStabs.pst
GarageBand	pst	Silent Pad	/Library/Application Support/GarageBand/Instrument Library/Plug-In Settings/Analog Pad/Silent Pad.pst
GarageBand	pst	Softsyn	/Library/Application Support/GarageBand/Instrument Library/Plug-In Settings/Analog Pad/Softsyn.pst
GarageBand	pst	Swell Pad	/Library/Application Support/GarageBand/Instrument Library/Plug-In Settings/Analog Pad/Swell Pad.pst
GarageBand	pst	Warm Pad	/Library/Application Support/GarageBand/Instrument Library/Plug-In Settings/Analog Pad/Warm Pad.pst
GarageBand	pst	Analog Swell	/Library/Application Support/GarageBand/Instrument Library/Plug-In Settings/Analog Swirl/Analog Swell.pst
GarageBand	pst	Avantgarde	/Library/Application Support/GarageBand/Instrument Library/Plug-In Settings/Analog Swirl/Avantgarde.pst
GarageBand	pst	Ballad King	/Library/Application Support/GarageBand/Instrument Library/Plug-In Settings/Analog Swirl/Ballad King.pst
GarageBand	pst	Blue Lead	/Library/Application Support/GarageBand/Instrument Library/Plug-In Settings/Analog Swirl/Blue Lead.pst
GarageBand	pst	Bright Swell	/Library/Application Support/GarageBand/Instrument Library/Plug-In Settings/Analog Swirl/Bright Swell.pst
GarageBand	pst	Dream Synth	/Library/Application Support/GarageBand/Instrument Library/Plug-In Settings/Analog Swirl/Dream Synth.pst
GarageBand	pst	Funky Synth	/Library/Application Support/GarageBand/Instrument Library/Plug-In Settings/Analog Swirl/Funky Synth.pst
GarageBand	pst	Medium Sweep	/Library/Application Support/GarageBand/Instrument Library/Plug-In Settings/Analog Swirl/Medium Sweep.pst
GarageBand	pst	No Resonance Pad	/Library/Application Support/GarageBand/Instrument Library/Plug-In Settings/Analog Swirl/No Resonance Pad.pst
GarageBand	pst	PWM Arpeggio	/Library/Application Support/GarageBand/Instrument Library/Plug-In Settings/Analog Swirl/PWM Arpeggio.pst
GarageBand	pst	PWM Atmosphere	/Library/Application Support/GarageBand/Instrument Library/Plug-In Settings/Analog Swirl/PWM Atmosphere.pst
GarageBand	pst	PWM Lead	/Library/Application Support/GarageBand/Instrument Library/Plug-In Settings/Analog Swirl/PWM Lead.pst
GarageBand	pst	PWM Percussive Synth	/Library/Application Support/GarageBand/Instrument Library/Plug-In Settings/Analog Swirl/PWM Percussive Synth.pst
GarageBand	pst	PWM Slow Brass	/Library/Application Support/GarageBand/Instrument Library/Plug-In Settings/Analog Swirl/PWM Slow Brass.pst
GarageBand	pst	Poly Basic 1	/Library/Application Support/GarageBand/Instrument Library/Plug-In Settings/Analog Swirl/Poly Basic 1.pst
GarageBand	pst	Poly Basic 2	/Library/Application Support/GarageBand/Instrument Library/Plug-In Settings/Analog Swirl/Poly Basic 2.pst
GarageBand	pst	Popular Synth	/Library/Application Support/GarageBand/Instrument Library/Plug-In Settings/Analog Swirl/Popular Synth.pst
GarageBand	pst	Resonance Organ	/Library/Application Support/GarageBand/Instrument Library/Plug-In Settings/Analog Swirl/Resonance Organ.pst
GarageBand	pst	Slow PWM Sweep	/Library/Application Support/GarageBand/Instrument Library/Plug-In Settings/Analog Swirl/Slow PWM Sweep.pst
GarageBand	pst	Synth Sheep	/Library/Application Support/GarageBand/Instrument Library/Plug-In Settings/Analog Swirl/Synth Sheep.pst
GarageBand	pst	Tacky	/Library/Application Support/GarageBand/Instrument Library/Plug-In Settings/Analog Swirl/Tacky.pst
GarageBand	pst	Color 19	/Library/Application Support/GarageBand/Instrument Library/Plug-In Settings/Analog Sync/Color 19.pst
GarageBand	pst	Digi Lead	/Library/Application Support/GarageBand/Instrument Library/Plug-In Settings/Analog Sync/Digi Lead.pst
GarageBand	pst	Dry Bass	/Library/Application Support/GarageBand/Instrument Library/Plug-In Settings/Analog Sync/Dry Bass.pst
GarageBand	pst	Feedback Lead	/Library/Application Support/GarageBand/Instrument Library/Plug-In Settings/Analog Sync/Feedback Lead.pst
GarageBand	pst	Groovy Sync	/Library/Application Support/GarageBand/Instrument Library/Plug-In Settings/Analog Sync/Groovy Sync.pst
GarageBand	pst	Nirvana	/Library/Application Support/GarageBand/Instrument Library/Plug-In Settings/Analog Sync/Nirvana.pst
GarageBand	pst	Sync Lead A	/Library/Application Support/GarageBand/Instrument Library/Plug-In Settings/Analog Sync/Sync Lead A.pst
GarageBand	pst	Sync Lead B	/Library/Application Support/GarageBand/Instrument Library/Plug-In Settings/Analog Sync/Sync Lead B.pst
GarageBand	pst	Sync Lead C	/Library/Application Support/GarageBand/Instrument Library/Plug-In Settings/Analog Sync/Sync Lead C.pst
GarageBand	pst	Sync Lead D	/Library/Application Support/GarageBand/Instrument Library/Plug-In Settings/Analog Sync/Sync Lead D.pst
GarageBand	pst	Sync Pad A	/Library/Application Support/GarageBand/Instrument Library/Plug-In Settings/Analog Sync/Sync Pad A.pst
GarageBand	pst	Sync Pad B	/Library/Application Support/GarageBand/Instrument Library/Plug-In Settings/Analog Sync/Sync Pad B.pst
GarageBand	pst	Sync Pad C	/Library/Application Support/GarageBand/Instrument Library/Plug-In Settings/Analog Sync/Sync Pad C.pst
GarageBand	pst	Sync Pad D	/Library/Application Support/GarageBand/Instrument Library/Plug-In Settings/Analog Sync/Sync Pad D.pst
GarageBand	pst	Sync Percussive	/Library/Application Support/GarageBand/Instrument Library/Plug-In Settings/Analog Sync/Sync Percussive.pst
GarageBand	pst	Sync Tech	/Library/Application Support/GarageBand/Instrument Library/Plug-In Settings/Analog Sync/Sync Tech.pst
GarageBand	pst	Synced Waves	/Library/Application Support/GarageBand/Instrument Library/Plug-In Settings/Analog Sync/Synced Waves.pst
GarageBand	pst	Syncy	/Library/Application Support/GarageBand/Instrument Library/Plug-In Settings/Analog Sync/Syncy.pst
GarageBand	pst	Syrenade	/Library/Application Support/GarageBand/Instrument Library/Plug-In Settings/Analog Sync/Syrenade.pst
GarageBand	pst	Bass Snap	/Library/Application Support/GarageBand/Instrument Library/Plug-In Settings/Auto Wah/Bass Snap.pst
GarageBand	pst	Bass Wah	/Library/Application Support/GarageBand/Instrument Library/Plug-In Settings/Auto Wah/Bass Wah.pst
GarageBand	pst	Crunch Wah	/Library/Application Support/GarageBand/Instrument Library/Plug-In Settings/Auto Wah/Crunch Wah.pst
GarageBand	pst	Cry Baby	/Library/Application Support/GarageBand/Instrument Library/Plug-In Settings/Auto Wah/Cry Baby.pst
GarageBand	pst	Filter Ducks	/Library/Application Support/GarageBand/Instrument Library/Plug-In Settings/Auto Wah/Filter Ducks.pst
GarageBand	pst	Funky Filter	/Library/Application Support/GarageBand/Instrument Library/Plug-In Settings/Auto Wah/Funky Filter.pst
GarageBand	pst	Heavy Wah	/Library/Application Support/GarageBand/Instrument Library/Plug-In Settings/Auto Wah/Heavy Wah.pst
GarageBand	pst	Hi Pass Autofilter	/Library/Application Support/GarageBand/Instrument Library/Plug-In Settings/Auto Wah/Hi Pass Autofilter.pst
GarageBand	pst	Hi Reaction	/Library/Application Support/GarageBand/Instrument Library/Plug-In Settings/Auto Wah/Hi Reaction.pst
GarageBand	pst	Light Peak	/Library/Application Support/GarageBand/Instrument Library/Plug-In Settings/Auto Wah/Light Peak.pst
GarageBand	pst	Medium Wah	/Library/Application Support/GarageBand/Instrument Library/Plug-In Settings/Auto Wah/Medium Wah.pst
GarageBand	pst	Static Peak	/Library/Application Support/GarageBand/Instrument Library/Plug-In Settings/Auto Wah/Static Peak.pst
GarageBand	pst	Strong Gate	/Library/Application Support/GarageBand/Instrument Library/Plug-In Settings/Auto Wah/Strong Gate.pst
GarageBand	pst	Wow	/Library/Application Support/GarageBand/Instrument Library/Plug-In Settings/Auto Wah/Wow.pst
GarageBand	pst	Club Next Door	/Library/Application Support/GarageBand/Instrument Library/Plug-In Settings/Automatic Filter/Club Next Door.pst
GarageBand	pst	Deep and Slow Filter	/Library/Application Support/GarageBand/Instrument Library/Plug-In Settings/Automatic Filter/Deep and Slow Filter.pst
GarageBand	pst	Deep and Slow Resonance	/Library/Application Support/GarageBand/Instrument Library/Plug-In Settings/Automatic Filter/Deep and Slow Resonance.pst
GarageBand	pst	Downbeat Saw	/Library/Application Support/GarageBand/Instrument Library/Plug-In Settings/Automatic Filter/Downbeat Saw.pst
GarageBand	pst	Eight Notes Dark Pulse	/Library/Application Support/GarageBand/Instrument Library/Plug-In Settings/Automatic Filter/Eight Notes Dark Pulse.pst
GarageBand	pst	FM Filter	/Library/Application Support/GarageBand/Instrument Library/Plug-In Settings/Automatic Filter/FM Filter.pst
GarageBand	pst	Fast Pulse	/Library/Application Support/GarageBand/Instrument Library/Plug-In Settings/Automatic Filter/Fast Pulse.pst
GarageBand	pst	Fast Saw Filter	/Library/Application Support/GarageBand/Instrument Library/Plug-In Settings/Automatic Filter/Fast Saw Filter.pst
GarageBand	pst	Resonance Filter	/Library/Application Support/GarageBand/Instrument Library/Plug-In Settings/Automatic Filter/Resonance Filter.pst
GarageBand	pst	Resonance Ticks	/Library/Application Support/GarageBand/Instrument Library/Plug-In Settings/Automatic Filter/Resonance Ticks.pst
GarageBand	pst	Sixteenth Pulse	/Library/Application Support/GarageBand/Instrument Library/Plug-In Settings/Automatic Filter/Sixteenth Pulse.pst
GarageBand	pst	Soft Auto Wah	/Library/Application Support/GarageBand/Instrument Library/Plug-In Settings/Automatic Filter/Soft Auto Wah.pst
GarageBand	pst	Triple Offset Filter	/Library/Application Support/GarageBand/Instrument Library/Plug-In Settings/Automatic Filter/Triple Offset Filter.pst
GarageBand	pst	Two Bars Down Filter	/Library/Application Support/GarageBand/Instrument Library/Plug-In Settings/Automatic Filter/Two Bars Down Filter.pst
GarageBand	pst	Deep Bass Amp	/Library/Application Support/GarageBand/Instrument Library/Plug-In Settings/Bass Amp/Deep Bass Amp.pst
GarageBand	pst	Fat Bass Amp	/Library/Application Support/GarageBand/Instrument Library/Plug-In Settings/Bass Amp/Fat Bass Amp.pst
GarageBand	pst	Funk Bass Amp	/Library/Application Support/GarageBand/Instrument Library/Plug-In Settings/Bass Amp/Funk Bass Amp.pst
GarageBand	pst	Fuzz Bass Amp	/Library/Application Support/GarageBand/Instrument Library/Plug-In Settings/Bass Amp/Fuzz Bass Amp.pst
GarageBand	pst	Modern Rock Bass Amp	/Library/Application Support/GarageBand/Instrument Library/Plug-In Settings/Bass Amp/Modern Rock Bass Amp.pst
GarageBand	pst	Reggae Bass Amp	/Library/Application Support/GarageBand/Instrument Library/Plug-In Settings/Bass Amp/Reggae Bass Amp.pst
GarageBand	pst	Rock Edge Bass Amp	/Library/Application Support/GarageBand/Instrument Library/Plug-In Settings/Bass Amp/Rock Edge Bass Amp.pst
GarageBand	pst	Seventies Bass Amp	/Library/Application Support/GarageBand/Instrument Library/Plug-In Settings/Bass Amp/Seventies Bass Amp.pst
GarageBand	pst	Sixties Bass Amp	/Library/Application Support/GarageBand/Instrument Library/Plug-In Settings/Bass Amp/Sixties Bass Amp.pst
GarageBand	pst	Slap Bass Amp	/Library/Application Support/GarageBand/Instrument Library/Plug-In Settings/Bass Amp/Slap Bass Amp.pst
GarageBand	pst	Warm Bass Amp	/Library/Application Support/GarageBand/Instrument Library/Plug-In Settings/Bass Amp/Warm Bass Amp.pst
GarageBand	pst	Hi Pass	/Library/Application Support/GarageBand/Instrument Library/Plug-In Settings/Bass Reduction/Hi Pass.pst
GarageBand	pst	Remove Bass	/Library/Application Support/GarageBand/Instrument Library/Plug-In Settings/Bass Reduction/Remove Bass.pst
GarageBand	pst	Remove Deep Bass	/Library/Application Support/GarageBand/Instrument Library/Plug-In Settings/Bass Reduction/Remove Deep Bass.pst
GarageBand	pst	Aggressive Fretless	/Library/Application Support/GarageBand/Instrument Library/Plug-In Settings/Bass/Aggressive Fretless.pst
GarageBand	pst	Attitude Bass	/Library/Application Support/GarageBand/Instrument Library/Plug-In Settings/Bass/Attitude Bass.pst
GarageBand	pst	Ballad Electric Bass	/Library/Application Support/GarageBand/Instrument Library/Plug-In Settings/Bass/Ballad Electric Bass.pst
GarageBand	pst	Deep Bass	/Library/Application Support/GarageBand/Instrument Library/Plug-In Settings/Bass/Deep Bass.pst
GarageBand	pst	Fingerstyle Electric Bass	/Library/Application Support/GarageBand/Instrument Library/Plug-In Settings/Bass/Fingerstyle Electric Bass.pst
GarageBand	pst	Fretless Electric Bass	/Library/Application Support/GarageBand/Instrument Library/Plug-In Settings/Bass/Fretless Electric Bass.pst
GarageBand	pst	Latin Baby Bass	/Library/Application Support/GarageBand/Instrument Library/Plug-In Settings/Bass/Latin Baby Bass.pst
GarageBand	pst	Liverpool Bass	/Library/Application Support/GarageBand/Instrument Library/Plug-In Settings/Bass/Liverpool Bass.pst
GarageBand	pst	Mexican Guitarron	/Library/Application Support/GarageBand/Instrument Library/Plug-In Settings/Bass/Mexican Guitarron.pst
GarageBand	pst	Motown Bass	/Library/Application Support/GarageBand/Instrument Library/Plug-In Settings/Bass/Motown Bass.pst
GarageBand	pst	Muted Electric Bass	/Library/Application Support/GarageBand/Instrument Library/Plug-In Settings/Bass/Muted Electric Bass.pst
GarageBand	pst	Picked Electric Bass	/Library/Application Support/GarageBand/Instrument Library/Plug-In Settings/Bass/Picked Electric Bass.pst
GarageBand	pst	Prog Rock Bass	/Library/Application Support/GarageBand/Instrument Library/Plug-In Settings/Bass/Prog Rock Bass.pst
GarageBand	pst	Prog Rock Muted	/Library/Application Support/GarageBand/Instrument Library/Plug-In Settings/Bass/Prog Rock Muted.pst
GarageBand	pst	Russian Balalaika	/Library/Application Support/GarageBand/Instrument Library/Plug-In Settings/Bass/Russian Balalaika.pst
GarageBand	pst	Session Bass	/Library/Application Support/GarageBand/Instrument Library/Plug-In Settings/Bass/Session Bass.pst
GarageBand	pst	Slapped Electric Bass	/Library/Application Support/GarageBand/Instrument Library/Plug-In Settings/Bass/Slapped Electric Bass.pst
GarageBand	pst	Stinger Bass	/Library/Application Support/GarageBand/Instrument Library/Plug-In Settings/Bass/Stinger Bass.pst
GarageBand	pst	Subby Bass	/Library/Application Support/GarageBand/Instrument Library/Plug-In Settings/Bass/Subby Bass.pst
GarageBand	pst	Thumbstroke Bass	/Library/Application Support/GarageBand/Instrument Library/Plug-In Settings/Bass/Thumbstroke Bass.pst
GarageBand	pst	Unplugged Bass	/Library/Application Support/GarageBand/Instrument Library/Plug-In Settings/Bass/Unplugged Bass.pst
GarageBand	pst	Upright Ballad Bass	/Library/Application Support/GarageBand/Instrument Library/Plug-In Settings/Bass/Upright Ballad Bass.pst
GarageBand	pst	Upright Jazz Bass	/Library/Application Support/GarageBand/Instrument Library/Plug-In Settings/Bass/Upright Jazz Bass.pst
GarageBand	pst	6 Bit Resynth	/Library/Application Support/GarageBand/Instrument Library/Plug-In Settings/Bitcrusher/6 Bit Resynth.pst
GarageBand	pst	AM Radio	/Library/Application Support/GarageBand/Instrument Library/Plug-In Settings/Bitcrusher/AM Radio.pst
GarageBand	pst	Classic 8 Bit	/Library/Application Support/GarageBand/Instrument Library/Plug-In Settings/Bitcrusher/Classic 8 Bit.pst
GarageBand	pst	Demaged Bits	/Library/Application Support/GarageBand/Instrument Library/Plug-In Settings/Bitcrusher/Demaged Bits.pst
GarageBand	pst	Digitizer	/Library/Application Support/GarageBand/Instrument Library/Plug-In Settings/Bitcrusher/Digitizer.pst
GarageBand	pst	Meet Atari	/Library/Application Support/GarageBand/Instrument Library/Plug-In Settings/Bitcrusher/Meet Atari.pst
GarageBand	pst	Sample Rate Crusher	/Library/Application Support/GarageBand/Instrument Library/Plug-In Settings/Bitcrusher/Sample Rate Crusher.pst
GarageBand	pst	Soft Bit Reduction	/Library/Application Support/GarageBand/Instrument Library/Plug-In Settings/Bitcrusher/Soft Bit Reduction.pst
GarageBand	pst	Wave Destruction	/Library/Application Support/GarageBand/Instrument Library/Plug-In Settings/Bitcrusher/Wave Destruction.pst
GarageBand	pst	Atmospheric	/Library/Application Support/GarageBand/Instrument Library/Plug-In Settings/Chorus/Atmospheric.pst
GarageBand	pst	Deep Modulation	/Library/Application Support/GarageBand/Instrument Library/Plug-In Settings/Chorus/Deep Modulation.pst
GarageBand	pst	Faster Modulation	/Library/Application Support/GarageBand/Instrument Library/Plug-In Settings/Chorus/Faster Modulation.pst
GarageBand	pst	Glimmer	/Library/Application Support/GarageBand/Instrument Library/Plug-In Settings/Chorus/Glimmer.pst
GarageBand	pst	Jazz Chorus	/Library/Application Support/GarageBand/Instrument Library/Plug-In Settings/Chorus/Jazz Chorus.pst
GarageBand	pst	Light Chorus	/Library/Application Support/GarageBand/Instrument Library/Plug-In Settings/Chorus/Light Chorus.pst
GarageBand	pst	Medium Chorus	/Library/Application Support/GarageBand/Instrument Library/Plug-In Settings/Chorus/Medium Chorus.pst
GarageBand	pst	Smooth Chorus	/Library/Application Support/GarageBand/Instrument Library/Plug-In Settings/Chorus/Smooth Chorus.pst
GarageBand	pst	Spread Stereo	/Library/Application Support/GarageBand/Instrument Library/Plug-In Settings/Chorus/Spread Stereo.pst
GarageBand	pst	Stage Chorus	/Library/Application Support/GarageBand/Instrument Library/Plug-In Settings/Chorus/Stage Chorus.pst
GarageBand	pst	Bass 1	/Library/Application Support/GarageBand/Instrument Library/Plug-In Settings/Church Organ/Bass 1.pst
GarageBand	pst	Bass 2	/Library/Application Support/GarageBand/Instrument Library/Plug-In Settings/Church Organ/Bass 2.pst
GarageBand	pst	Flutes + 2 Octaves	/Library/Application Support/GarageBand/Instrument Library/Plug-In Settings/Church Organ/Flutes + 2 Octaves.pst
GarageBand	pst	Flutes + Fifth	/Library/Application Support/GarageBand/Instrument Library/Plug-In Settings/Church Organ/Flutes + Fifth.pst
GarageBand	pst	Flutes + Octave	/Library/Application Support/GarageBand/Instrument Library/Plug-In Settings/Church Organ/Flutes + Octave.pst
GarageBand	pst	Flutes	/Library/Application Support/GarageBand/Instrument Library/Plug-In Settings/Church Organ/Flutes.pst
GarageBand	pst	Full Organ	/Library/Application Support/GarageBand/Instrument Library/Plug-In Settings/Church Organ/Full Organ.pst
GarageBand	pst	Principal + 2 Octaves	/Library/Application Support/GarageBand/Instrument Library/Plug-In Settings/Church Organ/Principal + 2 Octaves.pst
GarageBand	pst	Principal + Mixture	/Library/Application Support/GarageBand/Instrument Library/Plug-In Settings/Church Organ/Principal + Mixture.pst
GarageBand	pst	Principal + Octave	/Library/Application Support/GarageBand/Instrument Library/Plug-In Settings/Church Organ/Principal + Octave.pst
GarageBand	pst	Principal	/Library/Application Support/GarageBand/Instrument Library/Plug-In Settings/Church Organ/Principal.pst
GarageBand	pst	Accoustic Guitar Clarify	/Library/Application Support/GarageBand/Instrument Library/Plug-In Settings/Compressor/Accoustic Guitar Clarify.pst
GarageBand	pst	Accoustic Guitar Smoothen	/Library/Application Support/GarageBand/Instrument Library/Plug-In Settings/Compressor/Accoustic Guitar Smoothen.pst
GarageBand	pst	Bass Big Squeeze	/Library/Application Support/GarageBand/Instrument Library/Plug-In Settings/Compressor/Bass Big Squeeze.pst
GarageBand	pst	Bass Punchier	/Library/Application Support/GarageBand/Instrument Library/Plug-In Settings/Compressor/Bass Punchier.pst
GarageBand	pst	Bass Punchy	/Library/Application Support/GarageBand/Instrument Library/Plug-In Settings/Compressor/Bass Punchy.pst
GarageBand	pst	Bass Smooth	/Library/Application Support/GarageBand/Instrument Library/Plug-In Settings/Compressor/Bass Smooth.pst
GarageBand	pst	Brass Gentle	/Library/Application Support/GarageBand/Instrument Library/Plug-In Settings/Compressor/Brass Gentle.pst
GarageBand	pst	Brass Hard	/Library/Application Support/GarageBand/Instrument Library/Plug-In Settings/Compressor/Brass Hard.pst
GarageBand	pst	Drum Kit Cushion	/Library/Application Support/GarageBand/Instrument Library/Plug-In Settings/Compressor/Drum Kit Cushion.pst
GarageBand	pst	Drum Kit Extreme Pump	/Library/Application Support/GarageBand/Instrument Library/Plug-In Settings/Compressor/Drum Kit Extreme Pump.pst
GarageBand	pst	Drum Kit Fat	/Library/Application Support/GarageBand/Instrument Library/Plug-In Settings/Compressor/Drum Kit Fat.pst
GarageBand	pst	Drum Kit Punchy	/Library/Application Support/GarageBand/Instrument Library/Plug-In Settings/Compressor/Drum Kit Punchy.pst
GarageBand	pst	Drum Kit Soften	/Library/Application Support/GarageBand/Instrument Library/Plug-In Settings/Compressor/Drum Kit Soften.pst
GarageBand	pst	Drum Kit Tighten	/Library/Application Support/GarageBand/Instrument Library/Plug-In Settings/Compressor/Drum Kit Tighten.pst
GarageBand	pst	Drum Kit tight	/Library/Application Support/GarageBand/Instrument Library/Plug-In Settings/Compressor/Drum Kit tight.pst
GarageBand	pst	Drum Limiter	/Library/Application Support/GarageBand/Instrument Library/Plug-In Settings/Compressor/Drum Limiter.pst
GarageBand	pst	Electric Guitar More Attack	/Library/Application Support/GarageBand/Instrument Library/Plug-In Settings/Compressor/Electric Guitar More Attack.pst
GarageBand	pst	Electric Guitar Smoothen 	/Library/Application Support/GarageBand/Instrument Library/Plug-In Settings/Compressor/Electric Guitar Smoothen .pst
GarageBand	pst	Electric Piano Crunch	/Library/Application Support/GarageBand/Instrument Library/Plug-In Settings/Compressor/Electric Piano Crunch.pst
GarageBand	pst	Extreme Compression	/Library/Application Support/GarageBand/Instrument Library/Plug-In Settings/Compressor/Extreme Compression.pst
GarageBand	pst	FX Cruncher	/Library/Application Support/GarageBand/Instrument Library/Plug-In Settings/Compressor/FX Cruncher.pst
GarageBand	pst	Limiter Hard	/Library/Application Support/GarageBand/Instrument Library/Plug-In Settings/Compressor/Limiter Hard.pst
GarageBand	pst	Limiter Smooth	/Library/Application Support/GarageBand/Instrument Library/Plug-In Settings/Compressor/Limiter Smooth.pst
GarageBand	pst	Percussion More Definition	/Library/Application Support/GarageBand/Instrument Library/Plug-In Settings/Compressor/Percussion More Definition.pst
GarageBand	pst	Piano Smooth	/Library/Application Support/GarageBand/Instrument Library/Plug-In Settings/Compressor/Piano Smooth.pst
GarageBand	pst	Piano Upfront	/Library/Application Support/GarageBand/Instrument Library/Plug-In Settings/Compressor/Piano Upfront.pst
GarageBand	pst	Synth Definition	/Library/Application Support/GarageBand/Instrument Library/Plug-In Settings/Compressor/Synth Definition.pst
GarageBand	pst	Synth Pad Compression	/Library/Application Support/GarageBand/Instrument Library/Plug-In Settings/Compressor/Synth Pad Compression.pst
GarageBand	pst	Vocal Compression Basic	/Library/Application Support/GarageBand/Instrument Library/Plug-In Settings/Compressor/Vocal Compression Basic.pst
GarageBand	pst	Vocal Compression Gentle	/Library/Application Support/GarageBand/Instrument Library/Plug-In Settings/Compressor/Vocal Compression Gentle.pst
GarageBand	pst	Vocal Compression Rap	/Library/Application Support/GarageBand/Instrument Library/Plug-In Settings/Compressor/Vocal Compression Rap.pst
GarageBand	pst	Vocal Compression Rock	/Library/Application Support/GarageBand/Instrument Library/Plug-In Settings/Compressor/Vocal Compression Rock.pst
GarageBand	pst	Bali Bells	/Library/Application Support/GarageBand/Instrument Library/Plug-In Settings/Digital Basic/Bali Bells.pst
GarageBand	pst	Bitcrush Keys	/Library/Application Support/GarageBand/Instrument Library/Plug-In Settings/Digital Basic/Bitcrush Keys.pst
GarageBand	pst	Crushed Bells	/Library/Application Support/GarageBand/Instrument Library/Plug-In Settings/Digital Basic/Crushed Bells.pst
GarageBand	pst	Digital Softpad	/Library/Application Support/GarageBand/Instrument Library/Plug-In Settings/Digital Basic/Digital Softpad.pst
GarageBand	pst	Digital Synth A	/Library/Application Support/GarageBand/Instrument Library/Plug-In Settings/Digital Basic/Digital Synth A.pst
GarageBand	pst	Digital Synth B	/Library/Application Support/GarageBand/Instrument Library/Plug-In Settings/Digital Basic/Digital Synth B.pst
GarageBand	pst	FM Bells A	/Library/Application Support/GarageBand/Instrument Library/Plug-In Settings/Digital Basic/FM Bells A.pst
GarageBand	pst	FM Bells B	/Library/Application Support/GarageBand/Instrument Library/Plug-In Settings/Digital Basic/FM Bells B.pst
GarageBand	pst	FM Bells C	/Library/Application Support/GarageBand/Instrument Library/Plug-In Settings/Digital Basic/FM Bells C.pst
GarageBand	pst	FM Bellsynth	/Library/Application Support/GarageBand/Instrument Library/Plug-In Settings/Digital Basic/FM Bellsynth.pst
GarageBand	pst	FM Percussion A	/Library/Application Support/GarageBand/Instrument Library/Plug-In Settings/Digital Basic/FM Percussion A.pst
GarageBand	pst	FM Percussion B	/Library/Application Support/GarageBand/Instrument Library/Plug-In Settings/Digital Basic/FM Percussion B.pst
GarageBand	pst	FM Percussion C	/Library/Application Support/GarageBand/Instrument Library/Plug-In Settings/Digital Basic/FM Percussion C.pst
GarageBand	pst	FM Percussion D	/Library/Application Support/GarageBand/Instrument Library/Plug-In Settings/Digital Basic/FM Percussion D.pst
GarageBand	pst	FM Polysynth	/Library/Application Support/GarageBand/Instrument Library/Plug-In Settings/Digital Basic/FM Polysynth.pst
GarageBand	pst	FM Warmsynth	/Library/Application Support/GarageBand/Instrument Library/Plug-In Settings/Digital Basic/FM Warmsynth.pst
GarageBand	pst	Glassy Pad 1	/Library/Application Support/GarageBand/Instrument Library/Plug-In Settings/Digital Basic/Glassy Pad 1.pst
GarageBand	pst	Glassy Pad 2	/Library/Application Support/GarageBand/Instrument Library/Plug-In Settings/Digital Basic/Glassy Pad 2.pst
GarageBand	pst	Metallic Atmo A	/Library/Application Support/GarageBand/Instrument Library/Plug-In Settings/Digital Basic/Metallic Atmo A.pst
GarageBand	pst	Metallic Atmo B	/Library/Application Support/GarageBand/Instrument Library/Plug-In Settings/Digital Basic/Metallic Atmo B.pst
GarageBand	pst	Metallic Atmo C	/Library/Application Support/GarageBand/Instrument Library/Plug-In Settings/Digital Basic/Metallic Atmo C.pst
GarageBand	pst	Metallic Atmo D	/Library/Application Support/GarageBand/Instrument Library/Plug-In Settings/Digital Basic/Metallic Atmo D.pst
GarageBand	pst	Metallic Pad	/Library/Application Support/GarageBand/Instrument Library/Plug-In Settings/Digital Basic/Metallic Pad.pst
GarageBand	pst	Tremolo Bells	/Library/Application Support/GarageBand/Instrument Library/Plug-In Settings/Digital Basic/Tremolo Bells.pst
GarageBand	pst	Trilogy	/Library/Application Support/GarageBand/Instrument Library/Plug-In Settings/Digital Basic/Trilogy.pst
GarageBand	pst	Vibra Roads	/Library/Application Support/GarageBand/Instrument Library/Plug-In Settings/Digital Basic/Vibra Roads.pst
GarageBand	pst	Bass Plus	/Library/Application Support/GarageBand/Instrument Library/Plug-In Settings/Digital Mono/Bass Plus.pst
GarageBand	pst	Dark Bass	/Library/Application Support/GarageBand/Instrument Library/Plug-In Settings/Digital Mono/Dark Bass.pst
GarageBand	pst	DnB Bass	/Library/Application Support/GarageBand/Instrument Library/Plug-In Settings/Digital Mono/DnB Bass.pst
GarageBand	pst	Hard Corer	/Library/Application Support/GarageBand/Instrument Library/Plug-In Settings/Digital Mono/Hard Corer.pst
GarageBand	pst	Hard Pulse Bass	/Library/Application Support/GarageBand/Instrument Library/Plug-In Settings/Digital Mono/Hard Pulse Bass.pst
GarageBand	pst	Impact Bass	/Library/Application Support/GarageBand/Instrument Library/Plug-In Settings/Digital Mono/Impact Bass.pst
GarageBand	pst	Iron Bass	/Library/Application Support/GarageBand/Instrument Library/Plug-In Settings/Digital Mono/Iron Bass.pst
GarageBand	pst	Knock Bass	/Library/Application Support/GarageBand/Instrument Library/Plug-In Settings/Digital Mono/Knock Bass.pst
GarageBand	pst	Metal Slapper	/Library/Application Support/GarageBand/Instrument Library/Plug-In Settings/Digital Mono/Metal Slapper.pst
GarageBand	pst	Old FM Bass	/Library/Application Support/GarageBand/Instrument Library/Plug-In Settings/Digital Mono/Old FM Bass.pst
GarageBand	pst	Over and Over	/Library/Application Support/GarageBand/Instrument Library/Plug-In Settings/Digital Mono/Over and Over.pst
GarageBand	pst	Perc X	/Library/Application Support/GarageBand/Instrument Library/Plug-In Settings/Digital Mono/Perc X.pst
GarageBand	pst	Plastic Bass	/Library/Application Support/GarageBand/Instrument Library/Plug-In Settings/Digital Mono/Plastic Bass.pst
GarageBand	pst	Power Fuzz	/Library/Application Support/GarageBand/Instrument Library/Plug-In Settings/Digital Mono/Power Fuzz.pst
GarageBand	pst	Rope Man	/Library/Application Support/GarageBand/Instrument Library/Plug-In Settings/Digital Mono/Rope Man.pst
GarageBand	pst	Sine Bass	/Library/Application Support/GarageBand/Instrument Library/Plug-In Settings/Digital Mono/Sine Bass.pst
GarageBand	pst	Steam Hammer	/Library/Application Support/GarageBand/Instrument Library/Plug-In Settings/Digital Mono/Steam Hammer.pst
GarageBand	pst	Wooden Pulse Bass	/Library/Application Support/GarageBand/Instrument Library/Plug-In Settings/Digital Mono/Wooden Pulse Bass.pst
GarageBand	pst	Chorus Organ A	/Library/Application Support/GarageBand/Instrument Library/Plug-In Settings/Digital Stepper/Chorus Organ A.pst
GarageBand	pst	Chorus Organ B	/Library/Application Support/GarageBand/Instrument Library/Plug-In Settings/Digital Stepper/Chorus Organ B.pst
GarageBand	pst	Crosswaves A ModW	/Library/Application Support/GarageBand/Instrument Library/Plug-In Settings/Digital Stepper/Crosswaves A ModW.pst
GarageBand	pst	Crosswaves B ModW	/Library/Application Support/GarageBand/Instrument Library/Plug-In Settings/Digital Stepper/Crosswaves B ModW.pst
GarageBand	pst	Crosswaves C ModW	/Library/Application Support/GarageBand/Instrument Library/Plug-In Settings/Digital Stepper/Crosswaves C ModW.pst
GarageBand	pst	Crush Stepper	/Library/Application Support/GarageBand/Instrument Library/Plug-In Settings/Digital Stepper/Crush Stepper.pst
GarageBand	pst	Dark Crosswaves	/Library/Application Support/GarageBand/Instrument Library/Plug-In Settings/Digital Stepper/Dark Crosswaves.pst
GarageBand	pst	Dry Organ	/Library/Application Support/GarageBand/Instrument Library/Plug-In Settings/Digital Stepper/Dry Organ.pst
GarageBand	pst	Electro Steps	/Library/Application Support/GarageBand/Instrument Library/Plug-In Settings/Digital Stepper/Electro Steps.pst
GarageBand	pst	Filter RNDM	/Library/Application Support/GarageBand/Instrument Library/Plug-In Settings/Digital Stepper/Filter RNDM.pst
GarageBand	pst	Icy Pad	/Library/Application Support/GarageBand/Instrument Library/Plug-In Settings/Digital Stepper/Icy Pad.pst
GarageBand	pst	Mellow Blue	/Library/Application Support/GarageBand/Instrument Library/Plug-In Settings/Digital Stepper/Mellow Blue.pst
GarageBand	pst	Mystical	/Library/Application Support/GarageBand/Instrument Library/Plug-In Settings/Digital Stepper/Mystical.pst
GarageBand	pst	One World	/Library/Application Support/GarageBand/Instrument Library/Plug-In Settings/Digital Stepper/One World.pst
GarageBand	pst	PWM Stringpad	/Library/Application Support/GarageBand/Instrument Library/Plug-In Settings/Digital Stepper/PWM Stringpad.pst
GarageBand	pst	Saw Pad	/Library/Application Support/GarageBand/Instrument Library/Plug-In Settings/Digital Stepper/Saw Pad.pst
GarageBand	pst	Talking Organ	/Library/Application Support/GarageBand/Instrument Library/Plug-In Settings/Digital Stepper/Talking Organ.pst
GarageBand	pst	Voodoo Groove A	/Library/Application Support/GarageBand/Instrument Library/Plug-In Settings/Digital Stepper/Voodoo Groove A.pst
GarageBand	pst	Voodoo Groove B	/Library/Application Support/GarageBand/Instrument Library/Plug-In Settings/Digital Stepper/Voodoo Groove B.pst
GarageBand	pst	Voxy Pad	/Library/Application Support/GarageBand/Instrument Library/Plug-In Settings/Digital Stepper/Voxy Pad.pst
GarageBand	pst	Zero Lima	/Library/Application Support/GarageBand/Instrument Library/Plug-In Settings/Digital Stepper/Zero Lima.pst
GarageBand	pst	Distortion 1	/Library/Application Support/GarageBand/Instrument Library/Plug-In Settings/Distortion/Distortion 1.pst
GarageBand	pst	Distortion 2	/Library/Application Support/GarageBand/Instrument Library/Plug-In Settings/Distortion/Distortion 2.pst
GarageBand	pst	Distortion 3	/Library/Application Support/GarageBand/Instrument Library/Plug-In Settings/Distortion/Distortion 3.pst
GarageBand	pst	Distortion 4	/Library/Application Support/GarageBand/Instrument Library/Plug-In Settings/Distortion/Distortion 4.pst
GarageBand	pst	2-Step Remix	/Library/Application Support/GarageBand/Instrument Library/Plug-In Settings/Drum Kits/2-Step Remix.pst
GarageBand	pst	African Kit	/Library/Application Support/GarageBand/Instrument Library/Plug-In Settings/Drum Kits/African Kit.pst
GarageBand	pst	Asian Kit	/Library/Application Support/GarageBand/Instrument Library/Plug-In Settings/Drum Kits/Asian Kit.pst
GarageBand	pst	Atmospheric FX	/Library/Application Support/GarageBand/Instrument Library/Plug-In Settings/Drum Kits/Atmospheric FX.pst
GarageBand	pst	Big Beat Remix	/Library/Application Support/GarageBand/Instrument Library/Plug-In Settings/Drum Kits/Big Beat Remix.pst
GarageBand	pst	Breaks Remix	/Library/Application Support/GarageBand/Instrument Library/Plug-In Settings/Drum Kits/Breaks Remix.pst
GarageBand	pst	Cavern Kit	/Library/Application Support/GarageBand/Instrument Library/Plug-In Settings/Drum Kits/Cavern Kit.pst
GarageBand	pst	Classic Hip Hop Remix	/Library/Application Support/GarageBand/Instrument Library/Plug-In Settings/Drum Kits/Classic Hip Hop Remix.pst
GarageBand	pst	Classic House Remix	/Library/Application Support/GarageBand/Instrument Library/Plug-In Settings/Drum Kits/Classic House Remix.pst
GarageBand	pst	Dance Kit	/Library/Application Support/GarageBand/Instrument Library/Plug-In Settings/Drum Kits/Dance Kit.pst
GarageBand	pst	Drum 'N Bass Remix	/Library/Application Support/GarageBand/Instrument Library/Plug-In Settings/Drum Kits/Drum 'N Bass Remix.pst
GarageBand	pst	Electro Kit	/Library/Application Support/GarageBand/Instrument Library/Plug-In Settings/Drum Kits/Electro Kit.pst
GarageBand	pst	Electroclash Remix	/Library/Application Support/GarageBand/Instrument Library/Plug-In Settings/Drum Kits/Electroclash Remix.pst
GarageBand	pst	Euro Dance Remix	/Library/Application Support/GarageBand/Instrument Library/Plug-In Settings/Drum Kits/Euro Dance Remix.pst
GarageBand	pst	European Folk Kit	/Library/Application Support/GarageBand/Instrument Library/Plug-In Settings/Drum Kits/European Folk Kit.pst
GarageBand	pst	Goa Remix	/Library/Application Support/GarageBand/Instrument Library/Plug-In Settings/Drum Kits/Goa Remix.pst
GarageBand	pst	Hard Techno Remix	/Library/Application Support/GarageBand/Instrument Library/Plug-In Settings/Drum Kits/Hard Techno Remix.pst
GarageBand	pst	Headbanger Kit	/Library/Application Support/GarageBand/Instrument Library/Plug-In Settings/Drum Kits/Headbanger Kit.pst
GarageBand	pst	Hip Hop Kit	/Library/Application Support/GarageBand/Instrument Library/Plug-In Settings/Drum Kits/Hip Hop Kit.pst
GarageBand	pst	Hip Hop Remix	/Library/Application Support/GarageBand/Instrument Library/Plug-In Settings/Drum Kits/Hip Hop Remix.pst
GarageBand	pst	Indian & Middle Eastern Kit	/Library/Application Support/GarageBand/Instrument Library/Plug-In Settings/Drum Kits/Indian & Middle Eastern Kit.pst
GarageBand	pst	Indie Kit Live	/Library/Application Support/GarageBand/Instrument Library/Plug-In Settings/Drum Kits/Indie Kit Live.pst
GarageBand	pst	Indie Kit	/Library/Application Support/GarageBand/Instrument Library/Plug-In Settings/Drum Kits/Indie Kit.pst
GarageBand	pst	Jazz Kit	/Library/Application Support/GarageBand/Instrument Library/Plug-In Settings/Drum Kits/Jazz Kit.pst
GarageBand	pst	Latin Kit	/Library/Application Support/GarageBand/Instrument Library/Plug-In Settings/Drum Kits/Latin Kit.pst
GarageBand	pst	Lo-Fi Remix	/Library/Application Support/GarageBand/Instrument Library/Plug-In Settings/Drum Kits/Lo-Fi Remix.pst
GarageBand	pst	Old School Funk Remix	/Library/Application Support/GarageBand/Instrument Library/Plug-In Settings/Drum Kits/Old School Funk Remix.pst
GarageBand	pst	Orchestral Kit	/Library/Application Support/GarageBand/Instrument Library/Plug-In Settings/Drum Kits/Orchestral Kit.pst
GarageBand	pst	Paris House Remix	/Library/Application Support/GarageBand/Instrument Library/Plug-In Settings/Drum Kits/Paris House Remix.pst
GarageBand	pst	Pop Kit	/Library/Application Support/GarageBand/Instrument Library/Plug-In Settings/Drum Kits/Pop Kit.pst
GarageBand	pst	RnB Kit	/Library/Application Support/GarageBand/Instrument Library/Plug-In Settings/Drum Kits/RnB Kit.pst
GarageBand	pst	RnB Remix	/Library/Application Support/GarageBand/Instrument Library/Plug-In Settings/Drum Kits/RnB Remix.pst
GarageBand	pst	Roadhouse Kit	/Library/Application Support/GarageBand/Instrument Library/Plug-In Settings/Drum Kits/Roadhouse Kit.pst
GarageBand	pst	Rock Kit	/Library/Application Support/GarageBand/Instrument Library/Plug-In Settings/Drum Kits/Rock Kit.pst
GarageBand	pst	Roland CR-78 Kit	/Library/Application Support/GarageBand/Instrument Library/Plug-In Settings/Drum Kits/Roland CR-78 Kit.pst
GarageBand	pst	Roland TR-606 Kit	/Library/Application Support/GarageBand/Instrument Library/Plug-In Settings/Drum Kits/Roland TR-606 Kit.pst
GarageBand	pst	Roland TR-808 Kit	/Library/Application Support/GarageBand/Instrument Library/Plug-In Settings/Drum Kits/Roland TR-808 Kit.pst
GarageBand	pst	Roland TR-909 Kit	/Library/Application Support/GarageBand/Instrument Library/Plug-In Settings/Drum Kits/Roland TR-909 Kit.pst
GarageBand	pst	Seventies Kit	/Library/Application Support/GarageBand/Instrument Library/Plug-In Settings/Drum Kits/Seventies Kit.pst
GarageBand	pst	Studio Brush Kit	/Library/Application Support/GarageBand/Instrument Library/Plug-In Settings/Drum Kits/Studio Brush Kit.pst
GarageBand	pst	Studio Heavy Kit	/Library/Application Support/GarageBand/Instrument Library/Plug-In Settings/Drum Kits/Studio Heavy Kit.pst
GarageBand	pst	Studio Tight Kit	/Library/Application Support/GarageBand/Instrument Library/Plug-In Settings/Drum Kits/Studio Tight Kit.pst
GarageBand	pst	Studio Toolkit	/Library/Application Support/GarageBand/Instrument Library/Plug-In Settings/Drum Kits/Studio Toolkit.pst
GarageBand	pst	Techno Kit	/Library/Application Support/GarageBand/Instrument Library/Plug-In Settings/Drum Kits/Techno Kit.pst
GarageBand	pst	Trance Remix	/Library/Application Support/GarageBand/Instrument Library/Plug-In Settings/Drum Kits/Trance Remix.pst
GarageBand	pst	Transition FX	/Library/Application Support/GarageBand/Instrument Library/Plug-In Settings/Drum Kits/Transition FX.pst
GarageBand	pst	Tribal Kit	/Library/Application Support/GarageBand/Instrument Library/Plug-In Settings/Drum Kits/Tribal Kit.pst
GarageBand	pst	Trip Hop Remix	/Library/Application Support/GarageBand/Instrument Library/Plug-In Settings/Drum Kits/Trip Hop Remix.pst
GarageBand	pst	UK Garage Remix	/Library/Application Support/GarageBand/Instrument Library/Plug-In Settings/Drum Kits/UK Garage Remix.pst
GarageBand	pst	Warehouse Kit	/Library/Application Support/GarageBand/Instrument Library/Plug-In Settings/Drum Kits/Warehouse Kit.pst
GarageBand	pst	Fast - Maximum Music Reduction	/Library/Application Support/GarageBand/Instrument Library/Plug-In Settings/Ducker/Fast - Maximum Music Reduction.pst
GarageBand	pst	Fast - Moderate Music Reduction	/Library/Application Support/GarageBand/Instrument Library/Plug-In Settings/Ducker/Fast - Moderate Music Reduction.pst
GarageBand	pst	Fast - Slight Music Reduction	/Library/Application Support/GarageBand/Instrument Library/Plug-In Settings/Ducker/Fast - Slight Music Reduction.pst
GarageBand	pst	Slow - Maximum Music Reduction	/Library/Application Support/GarageBand/Instrument Library/Plug-In Settings/Ducker/Slow - Maximum Music Reduction.pst
GarageBand	pst	Slow - Moderate Music Reduction	/Library/Application Support/GarageBand/Instrument Library/Plug-In Settings/Ducker/Slow - Moderate Music Reduction.pst
GarageBand	pst	Slow - Slight Music Reduction	/Library/Application Support/GarageBand/Instrument Library/Plug-In Settings/Ducker/Slow - Slight Music Reduction.pst
GarageBand	pst	Slowest - Maximum Music Reduction	/Library/Application Support/GarageBand/Instrument Library/Plug-In Settings/Ducker/Slowest - Maximum Music Reduction.pst
GarageBand	pst	Slowest - Moderate Music Reduction	/Library/Application Support/GarageBand/Instrument Library/Plug-In Settings/Ducker/Slowest - Moderate Music Reduction.pst
GarageBand	pst	Slowest - Slight Music Reduction	/Library/Application Support/GarageBand/Instrument Library/Plug-In Settings/Ducker/Slowest - Slight Music Reduction.pst
GarageBand	pst	Ambient Delay	/Library/Application Support/GarageBand/Instrument Library/Plug-In Settings/Echo/Ambient Delay.pst
GarageBand	pst	Dance Echo A	/Library/Application Support/GarageBand/Instrument Library/Plug-In Settings/Echo/Dance Echo A.pst
GarageBand	pst	Dance Echo B	/Library/Application Support/GarageBand/Instrument Library/Plug-In Settings/Echo/Dance Echo B.pst
GarageBand	pst	Dark Eight Note Echo	/Library/Application Support/GarageBand/Instrument Library/Plug-In Settings/Echo/Dark Eight Note Echo.pst
GarageBand	pst	Dark Quarter Note Echo	/Library/Application Support/GarageBand/Instrument Library/Plug-In Settings/Echo/Dark Quarter Note Echo.pst
GarageBand	pst	Dub Delay A	/Library/Application Support/GarageBand/Instrument Library/Plug-In Settings/Echo/Dub Delay A.pst
GarageBand	pst	Dub Delay B	/Library/Application Support/GarageBand/Instrument Library/Plug-In Settings/Echo/Dub Delay B.pst
GarageBand	pst	Electric Shock	/Library/Application Support/GarageBand/Instrument Library/Plug-In Settings/Echo/Electric Shock.pst
GarageBand	pst	Endless Loop	/Library/Application Support/GarageBand/Instrument Library/Plug-In Settings/Echo/Endless Loop.pst
GarageBand	pst	Half Note Echo	/Library/Application Support/GarageBand/Instrument Library/Plug-In Settings/Echo/Half Note Echo.pst
GarageBand	pst	Quarter Note Echo	/Library/Application Support/GarageBand/Instrument Library/Plug-In Settings/Echo/Quarter Note Echo.pst
GarageBand	pst	Rock n Roll	/Library/Application Support/GarageBand/Instrument Library/Plug-In Settings/Echo/Rock n Roll.pst
GarageBand	pst	Shift to Bright	/Library/Application Support/GarageBand/Instrument Library/Plug-In Settings/Echo/Shift to Bright.pst
GarageBand	pst	Sixties Echo Effect	/Library/Application Support/GarageBand/Instrument Library/Plug-In Settings/Echo/Sixties Echo Effect.pst
GarageBand	pst	Clean Clav	/Library/Application Support/GarageBand/Instrument Library/Plug-In Settings/Electric Clav/Clean Clav.pst
GarageBand	pst	Funky Lizzard	/Library/Application Support/GarageBand/Instrument Library/Plug-In Settings/Electric Clav/Funky Lizzard.pst
GarageBand	pst	Low Damp	/Library/Application Support/GarageBand/Instrument Library/Plug-In Settings/Electric Clav/Low Damp.pst
GarageBand	pst	Tine Piano	/Library/Application Support/GarageBand/Instrument Library/Plug-In Settings/Electric Piano/Tine Piano.pst
GarageBand	pst	Whirly	/Library/Application Support/GarageBand/Instrument Library/Plug-In Settings/Electric Piano/Whirly.pst
GarageBand	pst	Acoustic Guitar Clear	/Library/Application Support/GarageBand/Instrument Library/Plug-In Settings/Equalizer/Acoustic Guitar Clear.pst
GarageBand	pst	Add Bass Clarity	/Library/Application Support/GarageBand/Instrument Library/Plug-In Settings/Equalizer/Add Bass Clarity.pst
GarageBand	pst	Add Bass Punch	/Library/Application Support/GarageBand/Instrument Library/Plug-In Settings/Equalizer/Add Bass Punch.pst
GarageBand	pst	Add Brightness	/Library/Application Support/GarageBand/Instrument Library/Plug-In Settings/Equalizer/Add Brightness.pst
GarageBand	pst	Add Fullness to Snare	/Library/Application Support/GarageBand/Instrument Library/Plug-In Settings/Equalizer/Add Fullness to Snare.pst
GarageBand	pst	Add Presence to Thin Sounds	/Library/Application Support/GarageBand/Instrument Library/Plug-In Settings/Equalizer/Add Presence to Thin Sounds.pst
GarageBand	pst	Add Sharpness	/Library/Application Support/GarageBand/Instrument Library/Plug-In Settings/Equalizer/Add Sharpness.pst
GarageBand	pst	Air Vocals	/Library/Application Support/GarageBand/Instrument Library/Plug-In Settings/Equalizer/Air Vocals.pst
GarageBand	pst	Bass Boom Control	/Library/Application Support/GarageBand/Instrument Library/Plug-In Settings/Equalizer/Bass Boom Control.pst
GarageBand	pst	Bass Boost	/Library/Application Support/GarageBand/Instrument Library/Plug-In Settings/Equalizer/Bass Boost.pst
GarageBand	pst	Bass Increase Pluck	/Library/Application Support/GarageBand/Instrument Library/Plug-In Settings/Equalizer/Bass Increase Pluck.pst
GarageBand	pst	Bass Strengthen	/Library/Application Support/GarageBand/Instrument Library/Plug-In Settings/Equalizer/Bass Strengthen.pst
GarageBand	pst	Big Drum	/Library/Application Support/GarageBand/Instrument Library/Plug-In Settings/Equalizer/Big Drum.pst
GarageBand	pst	Brass Brighter	/Library/Application Support/GarageBand/Instrument Library/Plug-In Settings/Equalizer/Brass Brighter.pst
GarageBand	pst	Brighten Strings	/Library/Application Support/GarageBand/Instrument Library/Plug-In Settings/Equalizer/Brighten Strings.pst
GarageBand	pst	Clear Vocals	/Library/Application Support/GarageBand/Instrument Library/Plug-In Settings/Equalizer/Clear Vocals.pst
GarageBand	pst	Drum Refresh	/Library/Application Support/GarageBand/Instrument Library/Plug-In Settings/Equalizer/Drum Refresh.pst
GarageBand	pst	Drums Add Clarity	/Library/Application Support/GarageBand/Instrument Library/Plug-In Settings/Equalizer/Drums Add Clarity.pst
GarageBand	pst	Drums More Snare	/Library/Application Support/GarageBand/Instrument Library/Plug-In Settings/Equalizer/Drums More Snare.pst
GarageBand	pst	Enhance Bass Drum	/Library/Application Support/GarageBand/Instrument Library/Plug-In Settings/Equalizer/Enhance Bass Drum.pst
GarageBand	pst	Flat	/Library/Application Support/GarageBand/Instrument Library/Plug-In Settings/Equalizer/Flat.pst
GarageBand	pst	Guitar Brighten	/Library/Application Support/GarageBand/Instrument Library/Plug-In Settings/Equalizer/Guitar Brighten.pst
GarageBand	pst	Guitar Shimmer	/Library/Application Support/GarageBand/Instrument Library/Plug-In Settings/Equalizer/Guitar Shimmer.pst
GarageBand	pst	Harder Guitars	/Library/Application Support/GarageBand/Instrument Library/Plug-In Settings/Equalizer/Harder Guitars.pst
GarageBand	pst	Hi-Fi Smiley	/Library/Application Support/GarageBand/Instrument Library/Plug-In Settings/Equalizer/Hi-Fi Smiley.pst
GarageBand	pst	Hi-Fi	/Library/Application Support/GarageBand/Instrument Library/Plug-In Settings/Equalizer/Hi-Fi.pst
GarageBand	pst	Improve Guitars	/Library/Application Support/GarageBand/Instrument Library/Plug-In Settings/Equalizer/Improve Guitars.pst
GarageBand	pst	Improve Thin Sounds	/Library/Application Support/GarageBand/Instrument Library/Plug-In Settings/Equalizer/Improve Thin Sounds.pst
GarageBand	pst	Increase Attack	/Library/Application Support/GarageBand/Instrument Library/Plug-In Settings/Equalizer/Increase Attack.pst
GarageBand	pst	Increase Bass Pluck	/Library/Application Support/GarageBand/Instrument Library/Plug-In Settings/Equalizer/Increase Bass Pluck.pst
GarageBand	pst	Keyboard Soften	/Library/Application Support/GarageBand/Instrument Library/Plug-In Settings/Equalizer/Keyboard Soften.pst
GarageBand	pst	Mid Reduce	/Library/Application Support/GarageBand/Instrument Library/Plug-In Settings/Equalizer/Mid Reduce.pst
GarageBand	pst	Piano Refresh	/Library/Application Support/GarageBand/Instrument Library/Plug-In Settings/Equalizer/Piano Refresh.pst
GarageBand	pst	Reduce "S"	/Library/Application Support/GarageBand/Instrument Library/Plug-In Settings/Equalizer/Reduce "S".pst
GarageBand	pst	Reduce Bass Boom	/Library/Application Support/GarageBand/Instrument Library/Plug-In Settings/Equalizer/Reduce Bass Boom.pst
GarageBand	pst	Refresh Dull Recordings	/Library/Application Support/GarageBand/Instrument Library/Plug-In Settings/Equalizer/Refresh Dull Recordings.pst
GarageBand	pst	Remove Guitar Dullness	/Library/Application Support/GarageBand/Instrument Library/Plug-In Settings/Equalizer/Remove Guitar Dullness.pst
GarageBand	pst	Soft Backgroud Vocals	/Library/Application Support/GarageBand/Instrument Library/Plug-In Settings/Equalizer/Soft Backgroud Vocals.pst
GarageBand	pst	Soft Background Vocals	/Library/Application Support/GarageBand/Instrument Library/Plug-In Settings/Equalizer/Soft Background Vocals.pst
GarageBand	pst	Strings Bright	/Library/Application Support/GarageBand/Instrument Library/Plug-In Settings/Equalizer/Strings Bright.pst
GarageBand	pst	Stronger Bass	/Library/Application Support/GarageBand/Instrument Library/Plug-In Settings/Equalizer/Stronger Bass.pst
GarageBand	pst	Telephone Voice	/Library/Application Support/GarageBand/Instrument Library/Plug-In Settings/Equalizer/Telephone Voice.pst
GarageBand	pst	Vocal Presence	/Library/Application Support/GarageBand/Instrument Library/Plug-In Settings/Equalizer/Vocal Presence.pst
GarageBand	pst	Vocal Shimmer	/Library/Application Support/GarageBand/Instrument Library/Plug-In Settings/Equalizer/Vocal Shimmer.pst
GarageBand	pst	Vocals Gritty	/Library/Application Support/GarageBand/Instrument Library/Plug-In Settings/Equalizer/Vocals Gritty.pst
GarageBand	pst	Vocals Soft Background	/Library/Application Support/GarageBand/Instrument Library/Plug-In Settings/Equalizer/Vocals Soft Background.pst
GarageBand	pst	Dolphin Flange	/Library/Application Support/GarageBand/Instrument Library/Plug-In Settings/Flanger/Dolphin Flange.pst
GarageBand	pst	Fascination	/Library/Application Support/GarageBand/Instrument Library/Plug-In Settings/Flanger/Fascination.pst
GarageBand	pst	Full Range	/Library/Application Support/GarageBand/Instrument Library/Plug-In Settings/Flanger/Full Range.pst
GarageBand	pst	Intergalactic Police	/Library/Application Support/GarageBand/Instrument Library/Plug-In Settings/Flanger/Intergalactic Police.pst
GarageBand	pst	Laser Fire	/Library/Application Support/GarageBand/Instrument Library/Plug-In Settings/Flanger/Laser Fire.pst
GarageBand	pst	Make Wide	/Library/Application Support/GarageBand/Instrument Library/Plug-In Settings/Flanger/Make Wide.pst
GarageBand	pst	Medium Flange	/Library/Application Support/GarageBand/Instrument Library/Plug-In Settings/Flanger/Medium Flange.pst
GarageBand	pst	Modulating	/Library/Application Support/GarageBand/Instrument Library/Plug-In Settings/Flanger/Modulating.pst
GarageBand	pst	Organic	/Library/Application Support/GarageBand/Instrument Library/Plug-In Settings/Flanger/Organic.pst
GarageBand	pst	Resonator	/Library/Application Support/GarageBand/Instrument Library/Plug-In Settings/Flanger/Resonator.pst
GarageBand	pst	Slow Sweep	/Library/Application Support/GarageBand/Instrument Library/Plug-In Settings/Flanger/Slow Sweep.pst
GarageBand	pst	Soft Flange	/Library/Application Support/GarageBand/Instrument Library/Plug-In Settings/Flanger/Soft Flange.pst
GarageBand	pst	Stadium Flange	/Library/Application Support/GarageBand/Instrument Library/Plug-In Settings/Flanger/Stadium Flange.pst
GarageBand	pst	String Flange	/Library/Application Support/GarageBand/Instrument Library/Plug-In Settings/Flanger/String Flange.pst
GarageBand	pst	Super Flange	/Library/Application Support/GarageBand/Instrument Library/Plug-In Settings/Flanger/Super Flange.pst
GarageBand	pst	12 String Acoustic Chords	/Library/Application Support/GarageBand/Instrument Library/Plug-In Settings/Guitar/12 String Acoustic Chords.pst
GarageBand	pst	12 String Acoustic Guitar	/Library/Application Support/GarageBand/Instrument Library/Plug-In Settings/Guitar/12 String Acoustic Guitar.pst
GarageBand	pst	Acoustic Harmonics	/Library/Application Support/GarageBand/Instrument Library/Plug-In Settings/Guitar/Acoustic Harmonics.pst
GarageBand	pst	Bluegrass Banjo	/Library/Application Support/GarageBand/Instrument Library/Plug-In Settings/Guitar/Bluegrass Banjo.pst
GarageBand	pst	Bluesy Acoustic	/Library/Application Support/GarageBand/Instrument Library/Plug-In Settings/Guitar/Bluesy Acoustic.pst
GarageBand	pst	Chinese Ruan Moon Guitar	/Library/Application Support/GarageBand/Instrument Library/Plug-In Settings/Guitar/Chinese Ruan Moon Guitar.pst
GarageBand	pst	Classical Acoustic Guitar	/Library/Application Support/GarageBand/Instrument Library/Plug-In Settings/Guitar/Classical Acoustic Guitar.pst
GarageBand	pst	Clean Electric Guitar	/Library/Application Support/GarageBand/Instrument Library/Plug-In Settings/Guitar/Clean Electric Guitar.pst
GarageBand	pst	Dobro Chords	/Library/Application Support/GarageBand/Instrument Library/Plug-In Settings/Guitar/Dobro Chords.pst
GarageBand	pst	Dobro Slide	/Library/Application Support/GarageBand/Instrument Library/Plug-In Settings/Guitar/Dobro Slide.pst
GarageBand	pst	Eighties Electric	/Library/Application Support/GarageBand/Instrument Library/Plug-In Settings/Guitar/Eighties Electric.pst
GarageBand	pst	Eighties Power Chords	/Library/Application Support/GarageBand/Instrument Library/Plug-In Settings/Guitar/Eighties Power Chords.pst
GarageBand	pst	Hawaiian Ukulele	/Library/Application Support/GarageBand/Instrument Library/Plug-In Settings/Guitar/Hawaiian Ukulele.pst
GarageBand	pst	Muted Electric Guitar	/Library/Application Support/GarageBand/Instrument Library/Plug-In Settings/Guitar/Muted Electric Guitar.pst
GarageBand	pst	Pinch Harmonics	/Library/Application Support/GarageBand/Instrument Library/Plug-In Settings/Guitar/Pinch Harmonics.pst
GarageBand	pst	Roundback Acoustic Guitar	/Library/Application Support/GarageBand/Instrument Library/Plug-In Settings/Guitar/Roundback Acoustic Guitar.pst
GarageBand	pst	Spanish Flamenco Guitar	/Library/Application Support/GarageBand/Instrument Library/Plug-In Settings/Guitar/Spanish Flamenco Guitar.pst
GarageBand	pst	Steel String Acoustic	/Library/Application Support/GarageBand/Instrument Library/Plug-In Settings/Guitar/Steel String Acoustic.pst
GarageBand	pst	Sunburst Electric	/Library/Application Support/GarageBand/Instrument Library/Plug-In Settings/Guitar/Sunburst Electric.pst
GarageBand	pst	Sunburst Power Chords	/Library/Application Support/GarageBand/Instrument Library/Plug-In Settings/Guitar/Sunburst Power Chords.pst
GarageBand	pst	Twangy Electric	/Library/Application Support/GarageBand/Instrument Library/Plug-In Settings/Guitar/Twangy Electric.pst
GarageBand	pst	Twangy Strumming	/Library/Application Support/GarageBand/Instrument Library/Plug-In Settings/Guitar/Twangy Strumming.pst
GarageBand	pst	French Horn Solo Legato	/Library/Application Support/GarageBand/Instrument Library/Plug-In Settings/Horns/French Horn Solo Legato.pst
GarageBand	pst	French Horn Solo Staccato	/Library/Application Support/GarageBand/Instrument Library/Plug-In Settings/Horns/French Horn Solo Staccato.pst
GarageBand	pst	French Horn Solo	/Library/Application Support/GarageBand/Instrument Library/Plug-In Settings/Horns/French Horn Solo.pst
GarageBand	pst	French Horn Staccato	/Library/Application Support/GarageBand/Instrument Library/Plug-In Settings/Horns/French Horn Staccato.pst
GarageBand	pst	French Horns Crescendo	/Library/Application Support/GarageBand/Instrument Library/Plug-In Settings/Horns/French Horns Crescendo.pst
GarageBand	pst	French Horns Legato	/Library/Application Support/GarageBand/Instrument Library/Plug-In Settings/Horns/French Horns Legato.pst
GarageBand	pst	French Horns Staccato	/Library/Application Support/GarageBand/Instrument Library/Plug-In Settings/Horns/French Horns Staccato.pst
GarageBand	pst	French Horns	/Library/Application Support/GarageBand/Instrument Library/Plug-In Settings/Horns/French Horns.pst
GarageBand	pst	Full Brass Legato	/Library/Application Support/GarageBand/Instrument Library/Plug-In Settings/Horns/Full Brass Legato.pst
GarageBand	pst	Full Brass Staccato	/Library/Application Support/GarageBand/Instrument Library/Plug-In Settings/Horns/Full Brass Staccato.pst
GarageBand	pst	Full Brass	/Library/Application Support/GarageBand/Instrument Library/Plug-In Settings/Horns/Full Brass.pst
GarageBand	pst	Funk Horn Section	/Library/Application Support/GarageBand/Instrument Library/Plug-In Settings/Horns/Funk Horn Section.pst
GarageBand	pst	Horn Section	/Library/Application Support/GarageBand/Instrument Library/Plug-In Settings/Horns/Horn Section.pst
GarageBand	pst	Pop Horn Section	/Library/Application Support/GarageBand/Instrument Library/Plug-In Settings/Horns/Pop Horn Section.pst
GarageBand	pst	Trombones Legato	/Library/Application Support/GarageBand/Instrument Library/Plug-In Settings/Horns/Trombones Legato.pst
GarageBand	pst	Trombones Staccato	/Library/Application Support/GarageBand/Instrument Library/Plug-In Settings/Horns/Trombones Staccato.pst
GarageBand	pst	Trombones	/Library/Application Support/GarageBand/Instrument Library/Plug-In Settings/Horns/Trombones.pst
GarageBand	pst	Trumpet Section	/Library/Application Support/GarageBand/Instrument Library/Plug-In Settings/Horns/Trumpet Section.pst
GarageBand	pst	Trumpets Legato	/Library/Application Support/GarageBand/Instrument Library/Plug-In Settings/Horns/Trumpets Legato.pst
GarageBand	pst	Trumpets Staccato	/Library/Application Support/GarageBand/Instrument Library/Plug-In Settings/Horns/Trumpets Staccato.pst
GarageBand	pst	Trumpets	/Library/Application Support/GarageBand/Instrument Library/Plug-In Settings/Horns/Trumpets.pst
GarageBand	pst	Tuba Solo Legato	/Library/Application Support/GarageBand/Instrument Library/Plug-In Settings/Horns/Tuba Solo Legato.pst
GarageBand	pst	Tuba Solo Staccato	/Library/Application Support/GarageBand/Instrument Library/Plug-In Settings/Horns/Tuba Solo Staccato.pst
GarageBand	pst	Tuba Solo	/Library/Application Support/GarageBand/Instrument Library/Plug-In Settings/Horns/Tuba Solo.pst
GarageBand	pst	Backward Fifth	/Library/Application Support/GarageBand/Instrument Library/Plug-In Settings/Hybrid Basic/Backward Fifth.pst
GarageBand	pst	Basic Synth	/Library/Application Support/GarageBand/Instrument Library/Plug-In Settings/Hybrid Basic/Basic Synth.pst
GarageBand	pst	Breath Pad	/Library/Application Support/GarageBand/Instrument Library/Plug-In Settings/Hybrid Basic/Breath Pad.pst
GarageBand	pst	Classic Thick	/Library/Application Support/GarageBand/Instrument Library/Plug-In Settings/Hybrid Basic/Classic Thick.pst
GarageBand	pst	Crush Keys	/Library/Application Support/GarageBand/Instrument Library/Plug-In Settings/Hybrid Basic/Crush Keys.pst
GarageBand	pst	FM Punchy Bass	/Library/Application Support/GarageBand/Instrument Library/Plug-In Settings/Hybrid Basic/FM Punchy Bass.pst
GarageBand	pst	Flange Saw	/Library/Application Support/GarageBand/Instrument Library/Plug-In Settings/Hybrid Basic/Flange Saw.pst
GarageBand	pst	Galaxy Swirl	/Library/Application Support/GarageBand/Instrument Library/Plug-In Settings/Hybrid Basic/Galaxy Swirl.pst
GarageBand	pst	Hard Pluck Bass	/Library/Application Support/GarageBand/Instrument Library/Plug-In Settings/Hybrid Basic/Hard Pluck Bass.pst
GarageBand	pst	Hybrid Chords	/Library/Application Support/GarageBand/Instrument Library/Plug-In Settings/Hybrid Basic/Hybrid Chords.pst
GarageBand	pst	Magno Grain	/Library/Application Support/GarageBand/Instrument Library/Plug-In Settings/Hybrid Basic/Magno Grain.pst
GarageBand	pst	Noisy Vox	/Library/Application Support/GarageBand/Instrument Library/Plug-In Settings/Hybrid Basic/Noisy Vox.pst
GarageBand	pst	Organic	/Library/Application Support/GarageBand/Instrument Library/Plug-In Settings/Hybrid Basic/Organic.pst
GarageBand	pst	Parachute	/Library/Application Support/GarageBand/Instrument Library/Plug-In Settings/Hybrid Basic/Parachute.pst
GarageBand	pst	Pick Bass	/Library/Application Support/GarageBand/Instrument Library/Plug-In Settings/Hybrid Basic/Pick Bass.pst
GarageBand	pst	Rave Riffer	/Library/Application Support/GarageBand/Instrument Library/Plug-In Settings/Hybrid Basic/Rave Riffer.pst
GarageBand	pst	Smooth Strings	/Library/Application Support/GarageBand/Instrument Library/Plug-In Settings/Hybrid Basic/Smooth Strings.pst
GarageBand	pst	Space Choir	/Library/Application Support/GarageBand/Instrument Library/Plug-In Settings/Hybrid Basic/Space Choir.pst
GarageBand	pst	Stack Vox	/Library/Application Support/GarageBand/Instrument Library/Plug-In Settings/Hybrid Basic/Stack Vox.pst
GarageBand	pst	Super Stack	/Library/Application Support/GarageBand/Instrument Library/Plug-In Settings/Hybrid Basic/Super Stack.pst
GarageBand	pst	Super Strings	/Library/Application Support/GarageBand/Instrument Library/Plug-In Settings/Hybrid Basic/Super Strings.pst
GarageBand	pst	Trance Pad	/Library/Application Support/GarageBand/Instrument Library/Plug-In Settings/Hybrid Basic/Trance Pad.pst
GarageBand	pst	Uni Bright	/Library/Application Support/GarageBand/Instrument Library/Plug-In Settings/Hybrid Basic/Uni Bright.pst
GarageBand	pst	Vox Pad	/Library/Application Support/GarageBand/Instrument Library/Plug-In Settings/Hybrid Basic/Vox Pad.pst
GarageBand	pst	Analog Blend	/Library/Application Support/GarageBand/Instrument Library/Plug-In Settings/Hybrid Morph/Analog Blend.pst
GarageBand	pst	Andriod Symphony	/Library/Application Support/GarageBand/Instrument Library/Plug-In Settings/Hybrid Morph/Andriod Symphony.pst
GarageBand	pst	Bell Noise	/Library/Application Support/GarageBand/Instrument Library/Plug-In Settings/Hybrid Morph/Bell Noise.pst
GarageBand	pst	Bit Surround	/Library/Application Support/GarageBand/Instrument Library/Plug-In Settings/Hybrid Morph/Bit Surround.pst
GarageBand	pst	Bubble Noise	/Library/Application Support/GarageBand/Instrument Library/Plug-In Settings/Hybrid Morph/Bubble Noise.pst
GarageBand	pst	Chiller	/Library/Application Support/GarageBand/Instrument Library/Plug-In Settings/Hybrid Morph/Chiller.pst
GarageBand	pst	Deep Freeze	/Library/Application Support/GarageBand/Instrument Library/Plug-In Settings/Hybrid Morph/Deep Freeze.pst
GarageBand	pst	Digital Light	/Library/Application Support/GarageBand/Instrument Library/Plug-In Settings/Hybrid Morph/Digital Light.pst
GarageBand	pst	Galactic Static	/Library/Application Support/GarageBand/Instrument Library/Plug-In Settings/Hybrid Morph/Galactic Static.pst
GarageBand	pst	Light Machine	/Library/Application Support/GarageBand/Instrument Library/Plug-In Settings/Hybrid Morph/Light Machine.pst
GarageBand	pst	Magnetic Flange	/Library/Application Support/GarageBand/Instrument Library/Plug-In Settings/Hybrid Morph/Magnetic Flange.pst
GarageBand	pst	Mega Stack	/Library/Application Support/GarageBand/Instrument Library/Plug-In Settings/Hybrid Morph/Mega Stack.pst
GarageBand	pst	Noisy Ringer	/Library/Application Support/GarageBand/Instrument Library/Plug-In Settings/Hybrid Morph/Noisy Ringer.pst
GarageBand	pst	Smooth Morph	/Library/Application Support/GarageBand/Instrument Library/Plug-In Settings/Hybrid Morph/Smooth Morph.pst
GarageBand	pst	Spacious	/Library/Application Support/GarageBand/Instrument Library/Plug-In Settings/Hybrid Morph/Spacious.pst
GarageBand	pst	Trancy Vox Pad	/Library/Application Support/GarageBand/Instrument Library/Plug-In Settings/Hybrid Morph/Trancy Vox Pad.pst
GarageBand	pst	Vocal Morph	/Library/Application Support/GarageBand/Instrument Library/Plug-In Settings/Hybrid Morph/Vocal Morph.pst
GarageBand	pst	Drive 1	/Library/Application Support/GarageBand/Instrument Library/Plug-In Settings/Overdrive/Drive 1.pst
GarageBand	pst	Drive 2	/Library/Application Support/GarageBand/Instrument Library/Plug-In Settings/Overdrive/Drive 2.pst
GarageBand	pst	Drive 3	/Library/Application Support/GarageBand/Instrument Library/Plug-In Settings/Overdrive/Drive 3.pst
GarageBand	pst	Drive 4	/Library/Application Support/GarageBand/Instrument Library/Plug-In Settings/Overdrive/Drive 4.pst
GarageBand	pst	Circle Phases	/Library/Application Support/GarageBand/Instrument Library/Plug-In Settings/Phaser/Circle Phases.pst
GarageBand	pst	Deep Phase	/Library/Application Support/GarageBand/Instrument Library/Plug-In Settings/Phaser/Deep Phase.pst
GarageBand	pst	Funk Phase	/Library/Application Support/GarageBand/Instrument Library/Plug-In Settings/Phaser/Funk Phase.pst
GarageBand	pst	Harmonic Filter	/Library/Application Support/GarageBand/Instrument Library/Plug-In Settings/Phaser/Harmonic Filter.pst
GarageBand	pst	Living	/Library/Application Support/GarageBand/Instrument Library/Plug-In Settings/Phaser/Living.pst
GarageBand	pst	Old Phaser	/Library/Application Support/GarageBand/Instrument Library/Plug-In Settings/Phaser/Old Phaser.pst
GarageBand	pst	Phrasator	/Library/Application Support/GarageBand/Instrument Library/Plug-In Settings/Phaser/Phrasator.pst
GarageBand	pst	Rock Phaser	/Library/Application Support/GarageBand/Instrument Library/Plug-In Settings/Phaser/Rock Phaser.pst
GarageBand	pst	Singing Phase	/Library/Application Support/GarageBand/Instrument Library/Plug-In Settings/Phaser/Singing Phase.pst
GarageBand	pst	Slow & Deep	/Library/Application Support/GarageBand/Instrument Library/Plug-In Settings/Phaser/Slow & Deep.pst
GarageBand	pst	Surrounding	/Library/Application Support/GarageBand/Instrument Library/Plug-In Settings/Phaser/Surrounding.pst
GarageBand	pst	Vocoder Phase	/Library/Application Support/GarageBand/Instrument Library/Plug-In Settings/Phaser/Vocoder Phase.pst
GarageBand	pst	Wild Phase	/Library/Application Support/GarageBand/Instrument Library/Plug-In Settings/Phaser/Wild Phase.pst
GarageBand	pst	Afro-Cuban Piano	/Library/Application Support/GarageBand/Instrument Library/Plug-In Settings/Piano/Afro-Cuban Piano.pst
GarageBand	pst	Classical Piano	/Library/Application Support/GarageBand/Instrument Library/Plug-In Settings/Piano/Classical Piano.pst
GarageBand	pst	Detroit Underground	/Library/Application Support/GarageBand/Instrument Library/Plug-In Settings/Piano/Detroit Underground.pst
GarageBand	pst	Energy Stabs	/Library/Application Support/GarageBand/Instrument Library/Plug-In Settings/Piano/Energy Stabs.pst
GarageBand	pst	Genius Chords	/Library/Application Support/GarageBand/Instrument Library/Plug-In Settings/Piano/Genius Chords.pst
GarageBand	pst	Glacier Pad	/Library/Application Support/GarageBand/Instrument Library/Plug-In Settings/Piano/Glacier Pad.pst
GarageBand	pst	Grand Piano On Stage	/Library/Application Support/GarageBand/Instrument Library/Plug-In Settings/Piano/Grand Piano On Stage.pst
GarageBand	pst	Grand Piano Punchy	/Library/Application Support/GarageBand/Instrument Library/Plug-In Settings/Piano/Grand Piano Punchy.pst
GarageBand	pst	Grand Piano+Bass	/Library/Application Support/GarageBand/Instrument Library/Plug-In Settings/Piano/Grand Piano+Bass.pst
GarageBand	pst	Grand Piano+Pad	/Library/Application Support/GarageBand/Instrument Library/Plug-In Settings/Piano/Grand Piano+Pad.pst
GarageBand	pst	Grand Piano+Strings	/Library/Application Support/GarageBand/Instrument Library/Plug-In Settings/Piano/Grand Piano+Strings.pst
GarageBand	pst	Grand Piano	/Library/Application Support/GarageBand/Instrument Library/Plug-In Settings/Piano/Grand Piano.pst
GarageBand	pst	Harpsichord	/Library/Application Support/GarageBand/Instrument Library/Plug-In Settings/Piano/Harpsichord.pst
GarageBand	pst	Heavenly Chords	/Library/Application Support/GarageBand/Instrument Library/Plug-In Settings/Piano/Heavenly Chords.pst
GarageBand	pst	Lucid Chords	/Library/Application Support/GarageBand/Instrument Library/Plug-In Settings/Piano/Lucid Chords.pst
GarageBand	pst	Luscious Pad	/Library/Application Support/GarageBand/Instrument Library/Plug-In Settings/Piano/Luscious Pad.pst
GarageBand	pst	Polka Accordion	/Library/Application Support/GarageBand/Instrument Library/Plug-In Settings/Piano/Polka Accordion.pst
GarageBand	pst	Steinway Piano	/Library/Application Support/GarageBand/Instrument Library/Plug-In Settings/Piano/Steinway Piano.pst
GarageBand	pst	Tango Accordion	/Library/Application Support/GarageBand/Instrument Library/Plug-In Settings/Piano/Tango Accordion.pst
GarageBand	pst	Velocity Chords	/Library/Application Support/GarageBand/Instrument Library/Plug-In Settings/Piano/Velocity Chords.pst
GarageBand	pst	Warm Glow Chords	/Library/Application Support/GarageBand/Instrument Library/Plug-In Settings/Piano/Warm Glow Chords.pst
GarageBand	pst	Bright Cathedral	/Library/Application Support/GarageBand/Instrument Library/Plug-In Settings/Reverb/Bright Cathedral.pst
GarageBand	pst	Cathedral	/Library/Application Support/GarageBand/Instrument Library/Plug-In Settings/Reverb/Cathedral.pst
GarageBand	pst	Club	/Library/Application Support/GarageBand/Instrument Library/Plug-In Settings/Reverb/Club.pst
GarageBand	pst	Dance Reverb	/Library/Application Support/GarageBand/Instrument Library/Plug-In Settings/Reverb/Dance Reverb.pst
GarageBand	pst	Dark Cathedral	/Library/Application Support/GarageBand/Instrument Library/Plug-In Settings/Reverb/Dark Cathedral.pst
GarageBand	pst	Dark Cave	/Library/Application Support/GarageBand/Instrument Library/Plug-In Settings/Reverb/Dark Cave.pst
GarageBand	pst	Empty Arena	/Library/Application Support/GarageBand/Instrument Library/Plug-In Settings/Reverb/Empty Arena.pst
GarageBand	pst	Large Cathedral	/Library/Application Support/GarageBand/Instrument Library/Plug-In Settings/Reverb/Large Cathedral.pst
GarageBand	pst	Large Chamber	/Library/Application Support/GarageBand/Instrument Library/Plug-In Settings/Reverb/Large Chamber.pst
GarageBand	pst	Large Hall	/Library/Application Support/GarageBand/Instrument Library/Plug-In Settings/Reverb/Large Hall.pst
GarageBand	pst	Large Stage	/Library/Application Support/GarageBand/Instrument Library/Plug-In Settings/Reverb/Large Stage.pst
GarageBand	pst	Living Room	/Library/Application Support/GarageBand/Instrument Library/Plug-In Settings/Reverb/Living Room.pst
GarageBand	pst	Medium Chamber	/Library/Application Support/GarageBand/Instrument Library/Plug-In Settings/Reverb/Medium Chamber.pst
GarageBand	pst	Medium Hall	/Library/Application Support/GarageBand/Instrument Library/Plug-In Settings/Reverb/Medium Hall.pst
GarageBand	pst	Moon Dome	/Library/Application Support/GarageBand/Instrument Library/Plug-In Settings/Reverb/Moon Dome.pst
GarageBand	pst	Scape	/Library/Application Support/GarageBand/Instrument Library/Plug-In Settings/Reverb/Scape.pst
GarageBand	pst	Small Chamber	/Library/Application Support/GarageBand/Instrument Library/Plug-In Settings/Reverb/Small Chamber.pst
GarageBand	pst	Small Club	/Library/Application Support/GarageBand/Instrument Library/Plug-In Settings/Reverb/Small Club.pst
GarageBand	pst	Small Dome	/Library/Application Support/GarageBand/Instrument Library/Plug-In Settings/Reverb/Small Dome.pst
GarageBand	pst	Applause and Laugher	/Library/Application Support/GarageBand/Instrument Library/Plug-In Settings/Sound Effects/Applause and Laugher.pst
GarageBand	pst	Comedy Noises	/Library/Application Support/GarageBand/Instrument Library/Plug-In Settings/Sound Effects/Comedy Noises.pst
GarageBand	pst	Nature Sounds	/Library/Application Support/GarageBand/Instrument Library/Plug-In Settings/Sound Effects/Nature Sounds.pst
GarageBand	pst	Radio Sounds	/Library/Application Support/GarageBand/Instrument Library/Plug-In Settings/Sound Effects/Radio Sounds.pst
GarageBand	pst	Female Narrator Noisy	/Library/Application Support/GarageBand/Instrument Library/Plug-In Settings/Speech Enhancer/Female Narrator Noisy.pst
GarageBand	pst	Female Narrator	/Library/Application Support/GarageBand/Instrument Library/Plug-In Settings/Speech Enhancer/Female Narrator.pst
GarageBand	pst	Female Radio Noisy	/Library/Application Support/GarageBand/Instrument Library/Plug-In Settings/Speech Enhancer/Female Radio Noisy.pst
GarageBand	pst	Female Radio	/Library/Application Support/GarageBand/Instrument Library/Plug-In Settings/Speech Enhancer/Female Radio.pst
GarageBand	pst	Male Narrator Noisy	/Library/Application Support/GarageBand/Instrument Library/Plug-In Settings/Speech Enhancer/Male Narrator Noisy.pst
GarageBand	pst	Male Narrator	/Library/Application Support/GarageBand/Instrument Library/Plug-In Settings/Speech Enhancer/Male Narrator.pst
GarageBand	pst	Male Radio Noisy	/Library/Application Support/GarageBand/Instrument Library/Plug-In Settings/Speech Enhancer/Male Radio Noisy.pst
GarageBand	pst	Male Radio	/Library/Application Support/GarageBand/Instrument Library/Plug-In Settings/Speech Enhancer/Male Radio.pst
GarageBand	pst	iSight Microphone Female	/Library/Application Support/GarageBand/Instrument Library/Plug-In Settings/Speech Enhancer/iSight Microphone Female.pst
GarageBand	pst	iSight Microphone Male	/Library/Application Support/GarageBand/Instrument Library/Plug-In Settings/Speech Enhancer/iSight Microphone Male.pst
GarageBand	pst	Arco Strings	/Library/Application Support/GarageBand/Instrument Library/Plug-In Settings/Strings/Arco Strings.pst
GarageBand	pst	Basses Legato	/Library/Application Support/GarageBand/Instrument Library/Plug-In Settings/Strings/Basses Legato.pst
GarageBand	pst	Basses Pizzicato	/Library/Application Support/GarageBand/Instrument Library/Plug-In Settings/Strings/Basses Pizzicato.pst
GarageBand	pst	Basses Staccato	/Library/Application Support/GarageBand/Instrument Library/Plug-In Settings/Strings/Basses Staccato.pst
GarageBand	pst	Basses Tremolo	/Library/Application Support/GarageBand/Instrument Library/Plug-In Settings/Strings/Basses Tremolo.pst
GarageBand	pst	Basses Trill 1	/Library/Application Support/GarageBand/Instrument Library/Plug-In Settings/Strings/Basses Trill 1.pst
GarageBand	pst	Basses Trill 2	/Library/Application Support/GarageBand/Instrument Library/Plug-In Settings/Strings/Basses Trill 2.pst
GarageBand	pst	Basses	/Library/Application Support/GarageBand/Instrument Library/Plug-In Settings/Strings/Basses.pst
GarageBand	pst	Cellos Legato	/Library/Application Support/GarageBand/Instrument Library/Plug-In Settings/Strings/Cellos Legato.pst
GarageBand	pst	Cellos Pizzicato	/Library/Application Support/GarageBand/Instrument Library/Plug-In Settings/Strings/Cellos Pizzicato.pst
GarageBand	pst	Cellos Staccato	/Library/Application Support/GarageBand/Instrument Library/Plug-In Settings/Strings/Cellos Staccato.pst
GarageBand	pst	Cellos Tremolo	/Library/Application Support/GarageBand/Instrument Library/Plug-In Settings/Strings/Cellos Tremolo.pst
GarageBand	pst	Cellos Trill 1	/Library/Application Support/GarageBand/Instrument Library/Plug-In Settings/Strings/Cellos Trill 1.pst
GarageBand	pst	Cellos Trill 2	/Library/Application Support/GarageBand/Instrument Library/Plug-In Settings/Strings/Cellos Trill 2.pst
GarageBand	pst	Cellos	/Library/Application Support/GarageBand/Instrument Library/Plug-In Settings/Strings/Cellos.pst
GarageBand	pst	Celtic Hammered Dulcimer	/Library/Application Support/GarageBand/Instrument Library/Plug-In Settings/Strings/Celtic Hammered Dulcimer.pst
GarageBand	pst	Celtic Harp	/Library/Application Support/GarageBand/Instrument Library/Plug-In Settings/Strings/Celtic Harp.pst
GarageBand	pst	Chinese Erhu Violin	/Library/Application Support/GarageBand/Instrument Library/Plug-In Settings/Strings/Chinese Erhu Violin.pst
GarageBand	pst	Chinese Guzheng Zither	/Library/Application Support/GarageBand/Instrument Library/Plug-In Settings/Strings/Chinese Guzheng Zither.pst
GarageBand	pst	Full Strings Legato	/Library/Application Support/GarageBand/Instrument Library/Plug-In Settings/Strings/Full Strings Legato.pst
GarageBand	pst	Full Strings Pizzicato	/Library/Application Support/GarageBand/Instrument Library/Plug-In Settings/Strings/Full Strings Pizzicato.pst
GarageBand	pst	Full Strings Staccato	/Library/Application Support/GarageBand/Instrument Library/Plug-In Settings/Strings/Full Strings Staccato.pst
GarageBand	pst	Full Strings Tremolo	/Library/Application Support/GarageBand/Instrument Library/Plug-In Settings/Strings/Full Strings Tremolo.pst
GarageBand	pst	Full Strings Trill 1	/Library/Application Support/GarageBand/Instrument Library/Plug-In Settings/Strings/Full Strings Trill 1.pst
GarageBand	pst	Full Strings Trill 2	/Library/Application Support/GarageBand/Instrument Library/Plug-In Settings/Strings/Full Strings Trill 2.pst
GarageBand	pst	Full Strings	/Library/Application Support/GarageBand/Instrument Library/Plug-In Settings/Strings/Full Strings.pst
GarageBand	pst	Harp	/Library/Application Support/GarageBand/Instrument Library/Plug-In Settings/Strings/Harp.pst
GarageBand	pst	Indian Sitar	/Library/Application Support/GarageBand/Instrument Library/Plug-In Settings/Strings/Indian Sitar.pst
GarageBand	pst	Irish Bouzouki	/Library/Application Support/GarageBand/Instrument Library/Plug-In Settings/Strings/Irish Bouzouki.pst
GarageBand	pst	Irish Fiddle	/Library/Application Support/GarageBand/Instrument Library/Plug-In Settings/Strings/Irish Fiddle.pst
GarageBand	pst	Japanese Koto	/Library/Application Support/GarageBand/Instrument Library/Plug-In Settings/Strings/Japanese Koto.pst
GarageBand	pst	Medieval Lute	/Library/Application Support/GarageBand/Instrument Library/Plug-In Settings/Strings/Medieval Lute.pst
GarageBand	pst	Pad Strings	/Library/Application Support/GarageBand/Instrument Library/Plug-In Settings/Strings/Pad Strings.pst
GarageBand	pst	Persian Santoor	/Library/Application Support/GarageBand/Instrument Library/Plug-In Settings/Strings/Persian Santoor.pst
GarageBand	pst	String Ensemble	/Library/Application Support/GarageBand/Instrument Library/Plug-In Settings/Strings/String Ensemble.pst
GarageBand	pst	Turkish Oud Lute	/Library/Application Support/GarageBand/Instrument Library/Plug-In Settings/Strings/Turkish Oud Lute.pst
GarageBand	pst	Turkish Saz Zither	/Library/Application Support/GarageBand/Instrument Library/Plug-In Settings/Strings/Turkish Saz Zither.pst
GarageBand	pst	Violas Legato	/Library/Application Support/GarageBand/Instrument Library/Plug-In Settings/Strings/Violas Legato.pst
GarageBand	pst	Violas Pizzicato	/Library/Application Support/GarageBand/Instrument Library/Plug-In Settings/Strings/Violas Pizzicato.pst
GarageBand	pst	Violas Staccato	/Library/Application Support/GarageBand/Instrument Library/Plug-In Settings/Strings/Violas Staccato.pst
GarageBand	pst	Violas Tremolo	/Library/Application Support/GarageBand/Instrument Library/Plug-In Settings/Strings/Violas Tremolo.pst
GarageBand	pst	Violas Trill 1	/Library/Application Support/GarageBand/Instrument Library/Plug-In Settings/Strings/Violas Trill 1.pst
GarageBand	pst	Violas Trill 2	/Library/Application Support/GarageBand/Instrument Library/Plug-In Settings/Strings/Violas Trill 2.pst
GarageBand	pst	Violas	/Library/Application Support/GarageBand/Instrument Library/Plug-In Settings/Strings/Violas.pst
GarageBand	pst	Violins 1 Legato	/Library/Application Support/GarageBand/Instrument Library/Plug-In Settings/Strings/Violins 1 Legato.pst
GarageBand	pst	Violins 1 Pizzicato	/Library/Application Support/GarageBand/Instrument Library/Plug-In Settings/Strings/Violins 1 Pizzicato.pst
GarageBand	pst	Violins 1 Tremolo	/Library/Application Support/GarageBand/Instrument Library/Plug-In Settings/Strings/Violins 1 Tremolo.pst
GarageBand	pst	Violins 1 Trill 1	/Library/Application Support/GarageBand/Instrument Library/Plug-In Settings/Strings/Violins 1 Trill 1.pst
GarageBand	pst	Violins 1 Trill 2	/Library/Application Support/GarageBand/Instrument Library/Plug-In Settings/Strings/Violins 1 Trill 2.pst
GarageBand	pst	Violins 1	/Library/Application Support/GarageBand/Instrument Library/Plug-In Settings/Strings/Violins 1.pst
GarageBand	pst	Violins 2 Legato	/Library/Application Support/GarageBand/Instrument Library/Plug-In Settings/Strings/Violins 2 Legato.pst
GarageBand	pst	Violins 2 Pizzicato	/Library/Application Support/GarageBand/Instrument Library/Plug-In Settings/Strings/Violins 2 Pizzicato.pst
GarageBand	pst	Violins 2 Staccato	/Library/Application Support/GarageBand/Instrument Library/Plug-In Settings/Strings/Violins 2 Staccato.pst
GarageBand	pst	Violins 2 Tremolo	/Library/Application Support/GarageBand/Instrument Library/Plug-In Settings/Strings/Violins 2 Tremolo.pst
GarageBand	pst	Violins 2 Trill 1	/Library/Application Support/GarageBand/Instrument Library/Plug-In Settings/Strings/Violins 2 Trill 1.pst
GarageBand	pst	Violins 2 Trill 2	/Library/Application Support/GarageBand/Instrument Library/Plug-In Settings/Strings/Violins 2 Trill 2.pst
GarageBand	pst	Violins 2	/Library/Application Support/GarageBand/Instrument Library/Plug-In Settings/Strings/Violins 2.pst
GarageBand	pst	Cathedral (full)	/Library/Application Support/GarageBand/Instrument Library/Plug-In Settings/Tonewheel Organ/Cathedral (full).pst
GarageBand	pst	Cathedral (less)	/Library/Application Support/GarageBand/Instrument Library/Plug-In Settings/Tonewheel Organ/Cathedral (less).pst
GarageBand	pst	Circus Organ	/Library/Application Support/GarageBand/Instrument Library/Plug-In Settings/Tonewheel Organ/Circus Organ.pst
GarageBand	pst	Dust	/Library/Application Support/GarageBand/Instrument Library/Plug-In Settings/Tonewheel Organ/Dust.pst
GarageBand	pst	Jazz Organ	/Library/Application Support/GarageBand/Instrument Library/Plug-In Settings/Tonewheel Organ/Jazz Organ.pst
GarageBand	pst	Percussion Organ	/Library/Application Support/GarageBand/Instrument Library/Plug-In Settings/Tonewheel Organ/Percussion Organ.pst
GarageBand	pst	Pop Organ	/Library/Application Support/GarageBand/Instrument Library/Plug-In Settings/Tonewheel Organ/Pop Organ.pst
GarageBand	pst	Rock Organ	/Library/Application Support/GarageBand/Instrument Library/Plug-In Settings/Tonewheel Organ/Rock Organ.pst
GarageBand	pst	Simple Organ	/Library/Application Support/GarageBand/Instrument Library/Plug-In Settings/Tonewheel Organ/Simple Organ.pst
GarageBand	pst	Bouncer	/Library/Application Support/GarageBand/Instrument Library/Plug-In Settings/Track Echo/Bouncer.pst
GarageBand	pst	Bright Shuffle	/Library/Application Support/GarageBand/Instrument Library/Plug-In Settings/Track Echo/Bright Shuffle.pst
GarageBand	pst	Cycling	/Library/Application Support/GarageBand/Instrument Library/Plug-In Settings/Track Echo/Cycling.pst
GarageBand	pst	Dance Floor	/Library/Application Support/GarageBand/Instrument Library/Plug-In Settings/Track Echo/Dance Floor.pst
GarageBand	pst	Dark Chaser	/Library/Application Support/GarageBand/Instrument Library/Plug-In Settings/Track Echo/Dark Chaser.pst
GarageBand	pst	Dark Trailing	/Library/Application Support/GarageBand/Instrument Library/Plug-In Settings/Track Echo/Dark Trailing.pst
GarageBand	pst	Dub	/Library/Application Support/GarageBand/Instrument Library/Plug-In Settings/Track Echo/Dub.pst
GarageBand	pst	Early Reflection	/Library/Application Support/GarageBand/Instrument Library/Plug-In Settings/Track Echo/Early Reflection.pst
GarageBand	pst	Flam	/Library/Application Support/GarageBand/Instrument Library/Plug-In Settings/Track Echo/Flam.pst
GarageBand	pst	Metallic Trails	/Library/Application Support/GarageBand/Instrument Library/Plug-In Settings/Track Echo/Metallic Trails.pst
GarageBand	pst	Quick Slap	/Library/Application Support/GarageBand/Instrument Library/Plug-In Settings/Track Echo/Quick Slap.pst
GarageBand	pst	Rasta	/Library/Application Support/GarageBand/Instrument Library/Plug-In Settings/Track Echo/Rasta.pst
GarageBand	pst	Rockabilly	/Library/Application Support/GarageBand/Instrument Library/Plug-In Settings/Track Echo/Rockabilly.pst
GarageBand	pst	Sci Fi	/Library/Application Support/GarageBand/Instrument Library/Plug-In Settings/Track Echo/Sci Fi.pst
GarageBand	pst	Short	/Library/Application Support/GarageBand/Instrument Library/Plug-In Settings/Track Echo/Short.pst
GarageBand	pst	Slap Back	/Library/Application Support/GarageBand/Instrument Library/Plug-In Settings/Track Echo/Slap Back.pst
GarageBand	pst	Space	/Library/Application Support/GarageBand/Instrument Library/Plug-In Settings/Track Echo/Space.pst
GarageBand	pst	Straight Eight	/Library/Application Support/GarageBand/Instrument Library/Plug-In Settings/Track Echo/Straight Eight.pst
GarageBand	pst	Straight Quarter	/Library/Application Support/GarageBand/Instrument Library/Plug-In Settings/Track Echo/Straight Quarter.pst
GarageBand	pst	Trails	/Library/Application Support/GarageBand/Instrument Library/Plug-In Settings/Track Echo/Trails.pst
GarageBand	pst	Trance	/Library/Application Support/GarageBand/Instrument Library/Plug-In Settings/Track Echo/Trance.pst
GarageBand	pst	Vintage	/Library/Application Support/GarageBand/Instrument Library/Plug-In Settings/Track Echo/Vintage.pst
GarageBand	pst	Arena	/Library/Application Support/GarageBand/Instrument Library/Plug-In Settings/Track Reverb/Arena.pst
GarageBand	pst	Bass Arena	/Library/Application Support/GarageBand/Instrument Library/Plug-In Settings/Track Reverb/Bass Arena.pst
GarageBand	pst	Bass in the Room	/Library/Application Support/GarageBand/Instrument Library/Plug-In Settings/Track Reverb/Bass in the Room.pst
GarageBand	pst	Concert Hall	/Library/Application Support/GarageBand/Instrument Library/Plug-In Settings/Track Reverb/Concert Hall.pst
GarageBand	pst	Deep Space	/Library/Application Support/GarageBand/Instrument Library/Plug-In Settings/Track Reverb/Deep Space.pst
GarageBand	pst	Drum Cave	/Library/Application Support/GarageBand/Instrument Library/Plug-In Settings/Track Reverb/Drum Cave.pst
GarageBand	pst	Drum Club	/Library/Application Support/GarageBand/Instrument Library/Plug-In Settings/Track Reverb/Drum Club.pst
GarageBand	pst	Drum Room 1	/Library/Application Support/GarageBand/Instrument Library/Plug-In Settings/Track Reverb/Drum Room 1.pst
GarageBand	pst	Drum Stadium	/Library/Application Support/GarageBand/Instrument Library/Plug-In Settings/Track Reverb/Drum Stadium.pst
GarageBand	pst	Drums Small Club	/Library/Application Support/GarageBand/Instrument Library/Plug-In Settings/Track Reverb/Drums Small Club.pst
GarageBand	pst	Drums in Space	/Library/Application Support/GarageBand/Instrument Library/Plug-In Settings/Track Reverb/Drums in Space.pst
GarageBand	pst	Guitar Bright	/Library/Application Support/GarageBand/Instrument Library/Plug-In Settings/Track Reverb/Guitar Bright.pst
GarageBand	pst	Guitar Cave	/Library/Application Support/GarageBand/Instrument Library/Plug-In Settings/Track Reverb/Guitar Cave.pst
GarageBand	pst	Guitar Hollow Room	/Library/Application Support/GarageBand/Instrument Library/Plug-In Settings/Track Reverb/Guitar Hollow Room.pst
GarageBand	pst	Guitar In Space	/Library/Application Support/GarageBand/Instrument Library/Plug-In Settings/Track Reverb/Guitar In Space.pst
GarageBand	pst	Guitar Small Club	/Library/Application Support/GarageBand/Instrument Library/Plug-In Settings/Track Reverb/Guitar Small Club.pst
GarageBand	pst	Vocal Excite	/Library/Application Support/GarageBand/Instrument Library/Plug-In Settings/Track Reverb/Vocal Excite.pst
GarageBand	pst	Vocal Hall	/Library/Application Support/GarageBand/Instrument Library/Plug-In Settings/Track Reverb/Vocal Hall.pst
GarageBand	pst	Vocal Room	/Library/Application Support/GarageBand/Instrument Library/Plug-In Settings/Track Reverb/Vocal Room.pst
GarageBand	pst	Vocal Warm	/Library/Application Support/GarageBand/Instrument Library/Plug-In Settings/Track Reverb/Vocal Warm.pst
GarageBand	pst	Hard	/Library/Application Support/GarageBand/Instrument Library/Plug-In Settings/Treble Reduction/Hard.pst
GarageBand	pst	Medium	/Library/Application Support/GarageBand/Instrument Library/Plug-In Settings/Treble Reduction/Medium.pst
GarageBand	pst	Soft	/Library/Application Support/GarageBand/Instrument Library/Plug-In Settings/Treble Reduction/Soft.pst
GarageBand	pst	Ultra	/Library/Application Support/GarageBand/Instrument Library/Plug-In Settings/Treble Reduction/Ultra.pst
GarageBand	pst	Circular Structure	/Library/Application Support/GarageBand/Instrument Library/Plug-In Settings/Tremolo/Circular Structure.pst
GarageBand	pst	Deep Slow Pan	/Library/Application Support/GarageBand/Instrument Library/Plug-In Settings/Tremolo/Deep Slow Pan.pst
GarageBand	pst	Fast Mono Tremolo	/Library/Application Support/GarageBand/Instrument Library/Plug-In Settings/Tremolo/Fast Mono Tremolo.pst
GarageBand	pst	Fast Pan	/Library/Application Support/GarageBand/Instrument Library/Plug-In Settings/Tremolo/Fast Pan.pst
GarageBand	pst	Leslie Rotor	/Library/Application Support/GarageBand/Instrument Library/Plug-In Settings/Tremolo/Leslie Rotor.pst
GarageBand	pst	Light Pan	/Library/Application Support/GarageBand/Instrument Library/Plug-In Settings/Tremolo/Light Pan.pst
GarageBand	pst	Medium Pan	/Library/Application Support/GarageBand/Instrument Library/Plug-In Settings/Tremolo/Medium Pan.pst
GarageBand	pst	Mono Tremolo	/Library/Application Support/GarageBand/Instrument Library/Plug-In Settings/Tremolo/Mono Tremolo.pst
GarageBand	pst	Rotor Robot	/Library/Application Support/GarageBand/Instrument Library/Plug-In Settings/Tremolo/Rotor Robot.pst
GarageBand	pst	Rotor Vox	/Library/Application Support/GarageBand/Instrument Library/Plug-In Settings/Tremolo/Rotor Vox.pst
GarageBand	pst	Slow and Wide	/Library/Application Support/GarageBand/Instrument Library/Plug-In Settings/Tremolo/Slow and Wide.pst
GarageBand	pst	Soft Tremolo	/Library/Application Support/GarageBand/Instrument Library/Plug-In Settings/Tremolo/Soft Tremolo.pst
GarageBand	pst	Soft and Fast	/Library/Application Support/GarageBand/Instrument Library/Plug-In Settings/Tremolo/Soft and Fast.pst
GarageBand	pst	Ultra Pan	/Library/Application Support/GarageBand/Instrument Library/Plug-In Settings/Tremolo/Ultra Pan.pst
GarageBand	pst	African Kalimba	/Library/Application Support/GarageBand/Instrument Library/Plug-In Settings/Tuned Percussion/African Kalimba.pst
GarageBand	pst	African Marimba	/Library/Application Support/GarageBand/Instrument Library/Plug-In Settings/Tuned Percussion/African Marimba.pst
GarageBand	pst	Caribbean Steel Drums	/Library/Application Support/GarageBand/Instrument Library/Plug-In Settings/Tuned Percussion/Caribbean Steel Drums.pst
GarageBand	pst	Celesta	/Library/Application Support/GarageBand/Instrument Library/Plug-In Settings/Tuned Percussion/Celesta.pst
GarageBand	pst	Crotales	/Library/Application Support/GarageBand/Instrument Library/Plug-In Settings/Tuned Percussion/Crotales.pst
GarageBand	pst	Glockenspiel	/Library/Application Support/GarageBand/Instrument Library/Plug-In Settings/Tuned Percussion/Glockenspiel.pst
GarageBand	pst	Indonesian Gamlean	/Library/Application Support/GarageBand/Instrument Library/Plug-In Settings/Tuned Percussion/Indonesian Gamlean.pst
GarageBand	pst	Marimba	/Library/Application Support/GarageBand/Instrument Library/Plug-In Settings/Tuned Percussion/Marimba.pst
GarageBand	pst	Rotary Vibraphone	/Library/Application Support/GarageBand/Instrument Library/Plug-In Settings/Tuned Percussion/Rotary Vibraphone.pst
GarageBand	pst	Tibetan Singing Bowls	/Library/Application Support/GarageBand/Instrument Library/Plug-In Settings/Tuned Percussion/Tibetan Singing Bowls.pst
GarageBand	pst	Timpani Single Strokes	/Library/Application Support/GarageBand/Instrument Library/Plug-In Settings/Tuned Percussion/Timpani Single Strokes.pst
GarageBand	pst	Timpani Tremolo Crescendo	/Library/Application Support/GarageBand/Instrument Library/Plug-In Settings/Tuned Percussion/Timpani Tremolo Crescendo.pst
GarageBand	pst	Timpani Tremolo	/Library/Application Support/GarageBand/Instrument Library/Plug-In Settings/Tuned Percussion/Timpani Tremolo.pst
GarageBand	pst	Timpani	/Library/Application Support/GarageBand/Instrument Library/Plug-In Settings/Tuned Percussion/Timpani.pst
GarageBand	pst	Tubular Bells	/Library/Application Support/GarageBand/Instrument Library/Plug-In Settings/Tuned Percussion/Tubular Bells.pst
GarageBand	pst	Vibraphone+Bass	/Library/Application Support/GarageBand/Instrument Library/Plug-In Settings/Tuned Percussion/Vibraphone+Bass.pst
GarageBand	pst	Vibraphone	/Library/Application Support/GarageBand/Instrument Library/Plug-In Settings/Tuned Percussion/Vibraphone.pst
GarageBand	pst	Xylophone	/Library/Application Support/GarageBand/Instrument Library/Plug-In Settings/Tuned Percussion/Xylophone.pst
GarageBand	pst	Cartoon Falsetto	/Library/Application Support/GarageBand/Instrument Library/Plug-In Settings/Vocal Transformer/Cartoon Falsetto.pst
GarageBand	pst	Chipmunk	/Library/Application Support/GarageBand/Instrument Library/Plug-In Settings/Vocal Transformer/Chipmunk.pst
GarageBand	pst	Deep Soulful	/Library/Application Support/GarageBand/Instrument Library/Plug-In Settings/Vocal Transformer/Deep Soulful.pst
GarageBand	pst	Down Fourth	/Library/Application Support/GarageBand/Instrument Library/Plug-In Settings/Vocal Transformer/Down Fourth.pst
GarageBand	pst	Down Major Third	/Library/Application Support/GarageBand/Instrument Library/Plug-In Settings/Vocal Transformer/Down Major Third.pst
GarageBand	pst	Down Minor Third	/Library/Application Support/GarageBand/Instrument Library/Plug-In Settings/Vocal Transformer/Down Minor Third.pst
GarageBand	pst	Droid	/Library/Application Support/GarageBand/Instrument Library/Plug-In Settings/Vocal Transformer/Droid.pst
GarageBand	pst	Female to Male	/Library/Application Support/GarageBand/Instrument Library/Plug-In Settings/Vocal Transformer/Female to Male.pst
GarageBand	pst	Male to Female	/Library/Application Support/GarageBand/Instrument Library/Plug-In Settings/Vocal Transformer/Male to Female.pst
GarageBand	pst	Monsters	/Library/Application Support/GarageBand/Instrument Library/Plug-In Settings/Vocal Transformer/Monsters.pst
GarageBand	pst	Up Fourth	/Library/Application Support/GarageBand/Instrument Library/Plug-In Settings/Vocal Transformer/Up Fourth.pst
GarageBand	pst	Up Major Third	/Library/Application Support/GarageBand/Instrument Library/Plug-In Settings/Vocal Transformer/Up Major Third.pst
GarageBand	pst	Up Minor Third	/Library/Application Support/GarageBand/Instrument Library/Plug-In Settings/Vocal Transformer/Up Minor Third.pst
GarageBand	pst	Boys Chamber Ensemble	/Library/Application Support/GarageBand/Instrument Library/Plug-In Settings/Voice/Boys Chamber Ensemble.pst
GarageBand	pst	Boys Chamber Swells	/Library/Application Support/GarageBand/Instrument Library/Plug-In Settings/Voice/Boys Chamber Swells.pst
GarageBand	pst	Chamber Ensemble Swells	/Library/Application Support/GarageBand/Instrument Library/Plug-In Settings/Voice/Chamber Ensemble Swells.pst
GarageBand	pst	Chamber Ensemble	/Library/Application Support/GarageBand/Instrument Library/Plug-In Settings/Voice/Chamber Ensemble.pst
GarageBand	pst	Chamber Female Ensemble	/Library/Application Support/GarageBand/Instrument Library/Plug-In Settings/Voice/Chamber Female Ensemble.pst
GarageBand	pst	Chamber Female Swells	/Library/Application Support/GarageBand/Instrument Library/Plug-In Settings/Voice/Chamber Female Swells.pst
GarageBand	pst	Chamber Male Ensemble	/Library/Application Support/GarageBand/Instrument Library/Plug-In Settings/Voice/Chamber Male Ensemble.pst
GarageBand	pst	Chamber Male Swells	/Library/Application Support/GarageBand/Instrument Library/Plug-In Settings/Voice/Chamber Male Swells.pst
GarageBand	pst	Classical Ensemble Swells	/Library/Application Support/GarageBand/Instrument Library/Plug-In Settings/Voice/Classical Ensemble Swells.pst
GarageBand	pst	Classical Ensemble	/Library/Application Support/GarageBand/Instrument Library/Plug-In Settings/Voice/Classical Ensemble.pst
GarageBand	pst	Classical Female Ensemble	/Library/Application Support/GarageBand/Instrument Library/Plug-In Settings/Voice/Classical Female Ensemble.pst
GarageBand	pst	Classical Female Swells	/Library/Application Support/GarageBand/Instrument Library/Plug-In Settings/Voice/Classical Female Swells.pst
GarageBand	pst	Classical Male Ensemble	/Library/Application Support/GarageBand/Instrument Library/Plug-In Settings/Voice/Classical Male Ensemble.pst
GarageBand	pst	Classical Male Swells	/Library/Application Support/GarageBand/Instrument Library/Plug-In Settings/Voice/Classical Male Swells.pst
GarageBand	pst	Eastern Solo	/Library/Application Support/GarageBand/Instrument Library/Plug-In Settings/Voice/Eastern Solo.pst
GarageBand	pst	Gospel Ensemble Swells	/Library/Application Support/GarageBand/Instrument Library/Plug-In Settings/Voice/Gospel Ensemble Swells.pst
GarageBand	pst	Gospel Ensemble	/Library/Application Support/GarageBand/Instrument Library/Plug-In Settings/Voice/Gospel Ensemble.pst
GarageBand	pst	Gospel Voice Effects	/Library/Application Support/GarageBand/Instrument Library/Plug-In Settings/Voice/Gospel Voice Effects.pst
GarageBand	pst	Gregorian Ensemble Swells	/Library/Application Support/GarageBand/Instrument Library/Plug-In Settings/Voice/Gregorian Ensemble Swells.pst
GarageBand	pst	Gregorian Ensemble	/Library/Application Support/GarageBand/Instrument Library/Plug-In Settings/Voice/Gregorian Ensemble.pst
GarageBand	pst	Human Bass	/Library/Application Support/GarageBand/Instrument Library/Plug-In Settings/Voice/Human Bass.pst
GarageBand	pst	Human Beat Box	/Library/Application Support/GarageBand/Instrument Library/Plug-In Settings/Voice/Human Beat Box.pst
GarageBand	pst	Human Body Rhythm Effects	/Library/Application Support/GarageBand/Instrument Library/Plug-In Settings/Voice/Human Body Rhythm Effects.pst
GarageBand	pst	Human Body Sounds Effects	/Library/Application Support/GarageBand/Instrument Library/Plug-In Settings/Voice/Human Body Sounds Effects.pst
GarageBand	pst	Mixed Choir	/Library/Application Support/GarageBand/Instrument Library/Plug-In Settings/Voice/Mixed Choir.pst
GarageBand	pst	South African Singers	/Library/Application Support/GarageBand/Instrument Library/Plug-In Settings/Voice/South African Singers.pst
GarageBand	pst	South African Voice Effects	/Library/Application Support/GarageBand/Instrument Library/Plug-In Settings/Voice/South African Voice Effects.pst
GarageBand	pst	Synth Soprano Solo	/Library/Application Support/GarageBand/Instrument Library/Plug-In Settings/Voice/Synth Soprano Solo.pst
GarageBand	pst	Vocal Shout Effects	/Library/Application Support/GarageBand/Instrument Library/Plug-In Settings/Voice/Vocal Shout Effects.pst
GarageBand	pst	Vocal Shouts Hip Hop	/Library/Application Support/GarageBand/Instrument Library/Plug-In Settings/Voice/Vocal Shouts Hip Hop.pst
GarageBand	pst	Vocal Shouts Rock	/Library/Application Support/GarageBand/Instrument Library/Plug-In Settings/Voice/Vocal Shouts Rock.pst
GarageBand	pst	Vocal Shouts Silver Screen	/Library/Application Support/GarageBand/Instrument Library/Plug-In Settings/Voice/Vocal Shouts Silver Screen.pst
GarageBand	pst	Vocal Shouts	/Library/Application Support/GarageBand/Instrument Library/Plug-In Settings/Voice/Vocal Shouts.pst
GarageBand	pst	Whistler	/Library/Application Support/GarageBand/Instrument Library/Plug-In Settings/Voice/Whistler.pst
GarageBand	pst	Alto Sax	/Library/Application Support/GarageBand/Instrument Library/Plug-In Settings/Woodwind/Alto Sax.pst
GarageBand	pst	Baritone Sax	/Library/Application Support/GarageBand/Instrument Library/Plug-In Settings/Woodwind/Baritone Sax.pst
GarageBand	pst	Bassoon Solo Legato	/Library/Application Support/GarageBand/Instrument Library/Plug-In Settings/Woodwind/Bassoon Solo Legato.pst
GarageBand	pst	Bassoon Solo Staccato	/Library/Application Support/GarageBand/Instrument Library/Plug-In Settings/Woodwind/Bassoon Solo Staccato.pst
GarageBand	pst	Bassoon Solo	/Library/Application Support/GarageBand/Instrument Library/Plug-In Settings/Woodwind/Bassoon Solo.pst
GarageBand	pst	Celtic Tin Whistle	/Library/Application Support/GarageBand/Instrument Library/Plug-In Settings/Woodwind/Celtic Tin Whistle.pst
GarageBand	pst	Chinese Di Zi Flute	/Library/Application Support/GarageBand/Instrument Library/Plug-In Settings/Woodwind/Chinese Di Zi Flute.pst
GarageBand	pst	Chinese Xiao Flute	/Library/Application Support/GarageBand/Instrument Library/Plug-In Settings/Woodwind/Chinese Xiao Flute.pst
GarageBand	pst	Clarinet Solo Legato	/Library/Application Support/GarageBand/Instrument Library/Plug-In Settings/Woodwind/Clarinet Solo Legato.pst
GarageBand	pst	Clarinet Solo Staccato	/Library/Application Support/GarageBand/Instrument Library/Plug-In Settings/Woodwind/Clarinet Solo Staccato.pst
GarageBand	pst	Clarinet Solo	/Library/Application Support/GarageBand/Instrument Library/Plug-In Settings/Woodwind/Clarinet Solo.pst
GarageBand	pst	Clarinets Legato	/Library/Application Support/GarageBand/Instrument Library/Plug-In Settings/Woodwind/Clarinets Legato.pst
GarageBand	pst	Clarinets Staccato	/Library/Application Support/GarageBand/Instrument Library/Plug-In Settings/Woodwind/Clarinets Staccato.pst
GarageBand	pst	Clarinets	/Library/Application Support/GarageBand/Instrument Library/Plug-In Settings/Woodwind/Clarinets.pst
GarageBand	pst	Classical Flute	/Library/Application Support/GarageBand/Instrument Library/Plug-In Settings/Woodwind/Classical Flute.pst
GarageBand	pst	English Horn Solo Legato	/Library/Application Support/GarageBand/Instrument Library/Plug-In Settings/Woodwind/English Horn Solo Legato.pst
GarageBand	pst	English Horn Solo Staccato	/Library/Application Support/GarageBand/Instrument Library/Plug-In Settings/Woodwind/English Horn Solo Staccato.pst
GarageBand	pst	English Horn Solo	/Library/Application Support/GarageBand/Instrument Library/Plug-In Settings/Woodwind/English Horn Solo.pst
GarageBand	pst	Flute Solo Legato	/Library/Application Support/GarageBand/Instrument Library/Plug-In Settings/Woodwind/Flute Solo Legato.pst
GarageBand	pst	Flute Solo Staccato	/Library/Application Support/GarageBand/Instrument Library/Plug-In Settings/Woodwind/Flute Solo Staccato.pst
GarageBand	pst	Flute Solo	/Library/Application Support/GarageBand/Instrument Library/Plug-In Settings/Woodwind/Flute Solo.pst
GarageBand	pst	Flutes Legato	/Library/Application Support/GarageBand/Instrument Library/Plug-In Settings/Woodwind/Flutes Legato.pst
GarageBand	pst	Flutes Staccato	/Library/Application Support/GarageBand/Instrument Library/Plug-In Settings/Woodwind/Flutes Staccato.pst
GarageBand	pst	Flutes	/Library/Application Support/GarageBand/Instrument Library/Plug-In Settings/Woodwind/Flutes.pst
GarageBand	pst	Highlands Bagpipe Ensemble	/Library/Application Support/GarageBand/Instrument Library/Plug-In Settings/Woodwind/Highlands Bagpipe Ensemble.pst
GarageBand	pst	Indian Bansuri Flute	/Library/Application Support/GarageBand/Instrument Library/Plug-In Settings/Woodwind/Indian Bansuri Flute.pst
GarageBand	pst	Indian Shehnai Oboe	/Library/Application Support/GarageBand/Instrument Library/Plug-In Settings/Woodwind/Indian Shehnai Oboe.pst
GarageBand	pst	Japanese Shakuhachi Flute	/Library/Application Support/GarageBand/Instrument Library/Plug-In Settings/Woodwind/Japanese Shakuhachi Flute.pst
GarageBand	pst	Medieval Recorder	/Library/Application Support/GarageBand/Instrument Library/Plug-In Settings/Woodwind/Medieval Recorder.pst
GarageBand	pst	Native American Flute	/Library/Application Support/GarageBand/Instrument Library/Plug-In Settings/Woodwind/Native American Flute.pst
GarageBand	pst	Oboe Solo Legato	/Library/Application Support/GarageBand/Instrument Library/Plug-In Settings/Woodwind/Oboe Solo Legato.pst
GarageBand	pst	Oboe Solo Staccato	/Library/Application Support/GarageBand/Instrument Library/Plug-In Settings/Woodwind/Oboe Solo Staccato.pst
GarageBand	pst	Oboe Solo	/Library/Application Support/GarageBand/Instrument Library/Plug-In Settings/Woodwind/Oboe Solo.pst
GarageBand	pst	Peruvian Panpipes	/Library/Application Support/GarageBand/Instrument Library/Plug-In Settings/Woodwind/Peruvian Panpipes.pst
GarageBand	pst	Piccolo Legato	/Library/Application Support/GarageBand/Instrument Library/Plug-In Settings/Woodwind/Piccolo Legato.pst
GarageBand	pst	Piccolo Staccato	/Library/Application Support/GarageBand/Instrument Library/Plug-In Settings/Woodwind/Piccolo Staccato.pst
GarageBand	pst	Piccolo	/Library/Application Support/GarageBand/Instrument Library/Plug-In Settings/Woodwind/Piccolo.pst
GarageBand	pst	Pop Flute	/Library/Application Support/GarageBand/Instrument Library/Plug-In Settings/Woodwind/Pop Flute.pst
GarageBand	pst	Soprano Sax	/Library/Application Support/GarageBand/Instrument Library/Plug-In Settings/Woodwind/Soprano Sax.pst
GarageBand	pst	Tenor Sax	/Library/Application Support/GarageBand/Instrument Library/Plug-In Settings/Woodwind/Tenor Sax.pst
GarageBand	exs	12 String Acoustic Chords	/Library/Application Support/GarageBand/Instrument Library/Sampler/Sampler Instruments/12 String Acoustic Chords.exs
GarageBand	exs	12 String Acoustic Guitar	/Library/Application Support/GarageBand/Instrument Library/Sampler/Sampler Instruments/12 String Acoustic Guitar.exs
GarageBand	exs	2-Step Remix	/Library/Application Support/GarageBand/Instrument Library/Sampler/Sampler Instruments/2-Step Remix.exs
GarageBand	exs	Acoustic Guitar	/Library/Application Support/GarageBand/Instrument Library/Sampler/Sampler Instruments/Acoustic Guitar.exs
GarageBand	exs	African Kalimba	/Library/Application Support/GarageBand/Instrument Library/Sampler/Sampler Instruments/African Kalimba.exs
GarageBand	exs	African Kit	/Library/Application Support/GarageBand/Instrument Library/Sampler/Sampler Instruments/African Kit.exs
GarageBand	exs	African Marimba	/Library/Application Support/GarageBand/Instrument Library/Sampler/Sampler Instruments/African Marimba.exs
GarageBand	exs	Afro-Cuban Piano	/Library/Application Support/GarageBand/Instrument Library/Sampler/Sampler Instruments/Afro-Cuban Piano.exs
GarageBand	exs	Aggressive Fretless	/Library/Application Support/GarageBand/Instrument Library/Sampler/Sampler Instruments/Aggressive Fretless.exs
GarageBand	exs	Alto Sax	/Library/Application Support/GarageBand/Instrument Library/Sampler/Sampler Instruments/Alto Sax.exs
GarageBand	exs	Applause and Laugher	/Library/Application Support/GarageBand/Instrument Library/Sampler/Sampler Instruments/Applause and Laugher.exs
GarageBand	exs	Arco Strings	/Library/Application Support/GarageBand/Instrument Library/Sampler/Sampler Instruments/Arco Strings.exs
GarageBand	exs	Asian Kit	/Library/Application Support/GarageBand/Instrument Library/Sampler/Sampler Instruments/Asian Kit.exs
GarageBand	exs	Atmospheric FX	/Library/Application Support/GarageBand/Instrument Library/Sampler/Sampler Instruments/Atmospheric FX.exs
GarageBand	exs	Attitude Bass	/Library/Application Support/GarageBand/Instrument Library/Sampler/Sampler Instruments/Attitude Bass.exs
GarageBand	exs	Ballad Electric Bass	/Library/Application Support/GarageBand/Instrument Library/Sampler/Sampler Instruments/Ballad Electric Bass.exs
GarageBand	exs	Baritone Sax	/Library/Application Support/GarageBand/Instrument Library/Sampler/Sampler Instruments/Baritone Sax.exs
GarageBand	exs	Basic Classic Drum Machine	/Library/Application Support/GarageBand/Instrument Library/Sampler/Sampler Instruments/Basic Classic Drum Machine.exs
GarageBand	exs	Basic Classic Studio Kit	/Library/Application Support/GarageBand/Instrument Library/Sampler/Sampler Instruments/Basic Classic Studio Kit.exs
GarageBand	exs	Basic Hip Hop Drum Machine	/Library/Application Support/GarageBand/Instrument Library/Sampler/Sampler Instruments/Basic Hip Hop Drum Machine.exs
GarageBand	exs	Basic House Drum Machine	/Library/Application Support/GarageBand/Instrument Library/Sampler/Sampler Instruments/Basic House Drum Machine.exs
GarageBand	exs	Basic Live Rock Kit	/Library/Application Support/GarageBand/Instrument Library/Sampler/Sampler Instruments/Basic Live Rock Kit.exs
GarageBand	exs	Basic Vintage Kit	/Library/Application Support/GarageBand/Instrument Library/Sampler/Sampler Instruments/Basic Vintage Kit.exs
GarageBand	exs	Basses Legato	/Library/Application Support/GarageBand/Instrument Library/Sampler/Sampler Instruments/Basses Legato.exs
GarageBand	exs	Basses Pizzicato	/Library/Application Support/GarageBand/Instrument Library/Sampler/Sampler Instruments/Basses Pizzicato.exs
GarageBand	exs	Basses Staccato	/Library/Application Support/GarageBand/Instrument Library/Sampler/Sampler Instruments/Basses Staccato.exs
GarageBand	exs	Basses Tremolo	/Library/Application Support/GarageBand/Instrument Library/Sampler/Sampler Instruments/Basses Tremolo.exs
GarageBand	exs	Basses Trill 1	/Library/Application Support/GarageBand/Instrument Library/Sampler/Sampler Instruments/Basses Trill 1.exs
GarageBand	exs	Basses Trill 2	/Library/Application Support/GarageBand/Instrument Library/Sampler/Sampler Instruments/Basses Trill 2.exs
GarageBand	exs	Basses	/Library/Application Support/GarageBand/Instrument Library/Sampler/Sampler Instruments/Basses.exs
GarageBand	exs	Bassoon Solo Legato	/Library/Application Support/GarageBand/Instrument Library/Sampler/Sampler Instruments/Bassoon Solo Legato.exs
GarageBand	exs	Bassoon Solo Staccato	/Library/Application Support/GarageBand/Instrument Library/Sampler/Sampler Instruments/Bassoon Solo Staccato.exs
GarageBand	exs	Bassoon Solo	/Library/Application Support/GarageBand/Instrument Library/Sampler/Sampler Instruments/Bassoon Solo.exs
GarageBand	exs	Big Beat Remix	/Library/Application Support/GarageBand/Instrument Library/Sampler/Sampler Instruments/Big Beat Remix.exs
GarageBand	exs	Bluegrass Banjo	/Library/Application Support/GarageBand/Instrument Library/Sampler/Sampler Instruments/Bluegrass Banjo.exs
GarageBand	exs	Bluesy Acoustic	/Library/Application Support/GarageBand/Instrument Library/Sampler/Sampler Instruments/Bluesy Acoustic.exs
GarageBand	exs	Boys Chamber Ensemble	/Library/Application Support/GarageBand/Instrument Library/Sampler/Sampler Instruments/Boys Chamber Ensemble.exs
GarageBand	exs	Boys Chamber Swells	/Library/Application Support/GarageBand/Instrument Library/Sampler/Sampler Instruments/Boys Chamber Swells.exs
GarageBand	exs	Breaks Remix	/Library/Application Support/GarageBand/Instrument Library/Sampler/Sampler Instruments/Breaks Remix.exs
GarageBand	exs	Caribbean Steel Drums	/Library/Application Support/GarageBand/Instrument Library/Sampler/Sampler Instruments/Caribbean Steel Drums.exs
GarageBand	exs	Cavern Kit	/Library/Application Support/GarageBand/Instrument Library/Sampler/Sampler Instruments/Cavern Kit.exs
GarageBand	exs	Celesta	/Library/Application Support/GarageBand/Instrument Library/Sampler/Sampler Instruments/Celesta.exs
GarageBand	exs	Cellos Legato	/Library/Application Support/GarageBand/Instrument Library/Sampler/Sampler Instruments/Cellos Legato.exs
GarageBand	exs	Cellos Pizzicato	/Library/Application Support/GarageBand/Instrument Library/Sampler/Sampler Instruments/Cellos Pizzicato.exs
GarageBand	exs	Cellos Staccato	/Library/Application Support/GarageBand/Instrument Library/Sampler/Sampler Instruments/Cellos Staccato.exs
GarageBand	exs	Cellos Tremolo	/Library/Application Support/GarageBand/Instrument Library/Sampler/Sampler Instruments/Cellos Tremolo.exs
GarageBand	exs	Cellos Trill 1	/Library/Application Support/GarageBand/Instrument Library/Sampler/Sampler Instruments/Cellos Trill 1.exs
GarageBand	exs	Cellos Trill 2	/Library/Application Support/GarageBand/Instrument Library/Sampler/Sampler Instruments/Cellos Trill 2.exs
GarageBand	exs	Cellos	/Library/Application Support/GarageBand/Instrument Library/Sampler/Sampler Instruments/Cellos.exs
GarageBand	exs	Celtic Hammered Dulcimer	/Library/Application Support/GarageBand/Instrument Library/Sampler/Sampler Instruments/Celtic Hammered Dulcimer.exs
GarageBand	exs	Celtic Harp	/Library/Application Support/GarageBand/Instrument Library/Sampler/Sampler Instruments/Celtic Harp.exs
GarageBand	exs	Celtic Tin Whistle	/Library/Application Support/GarageBand/Instrument Library/Sampler/Sampler Instruments/Celtic Tin Whistle.exs
GarageBand	exs	Chamber Ensemble Swells	/Library/Application Support/GarageBand/Instrument Library/Sampler/Sampler Instruments/Chamber Ensemble Swells.exs
GarageBand	exs	Chamber Ensemble	/Library/Application Support/GarageBand/Instrument Library/Sampler/Sampler Instruments/Chamber Ensemble.exs
GarageBand	exs	Chamber Female Ensemble	/Library/Application Support/GarageBand/Instrument Library/Sampler/Sampler Instruments/Chamber Female Ensemble.exs
GarageBand	exs	Chamber Female Swells	/Library/Application Support/GarageBand/Instrument Library/Sampler/Sampler Instruments/Chamber Female Swells.exs
GarageBand	exs	Chamber Male Ensemble	/Library/Application Support/GarageBand/Instrument Library/Sampler/Sampler Instruments/Chamber Male Ensemble.exs
GarageBand	exs	Chamber Male Swells	/Library/Application Support/GarageBand/Instrument Library/Sampler/Sampler Instruments/Chamber Male Swells.exs
GarageBand	exs	Chinese Di Zi Flute	/Library/Application Support/GarageBand/Instrument Library/Sampler/Sampler Instruments/Chinese Di Zi Flute.exs
GarageBand	exs	Chinese Erhu Violin	/Library/Application Support/GarageBand/Instrument Library/Sampler/Sampler Instruments/Chinese Erhu Violin.exs
GarageBand	exs	Chinese Guzheng Zither	/Library/Application Support/GarageBand/Instrument Library/Sampler/Sampler Instruments/Chinese Guzheng Zither.exs
GarageBand	exs	Chinese Kit	/Library/Application Support/GarageBand/Instrument Library/Sampler/Sampler Instruments/Chinese Kit.exs
GarageBand	exs	Chinese Ruan Moon Guitar	/Library/Application Support/GarageBand/Instrument Library/Sampler/Sampler Instruments/Chinese Ruan Moon Guitar.exs
GarageBand	exs	Chinese Xiao Flute	/Library/Application Support/GarageBand/Instrument Library/Sampler/Sampler Instruments/Chinese Xiao Flute.exs
GarageBand	exs	Bass 1	/Library/Application Support/GarageBand/Instrument Library/Sampler/Sampler Instruments/Church Organ/Bass 1.exs
GarageBand	exs	Bass 2	/Library/Application Support/GarageBand/Instrument Library/Sampler/Sampler Instruments/Church Organ/Bass 2.exs
GarageBand	exs	Flutes + 2 Octaves	/Library/Application Support/GarageBand/Instrument Library/Sampler/Sampler Instruments/Church Organ/Flutes + 2 Octaves.exs
GarageBand	exs	Flutes + Fifth	/Library/Application Support/GarageBand/Instrument Library/Sampler/Sampler Instruments/Church Organ/Flutes + Fifth.exs
GarageBand	exs	Flutes + Octave	/Library/Application Support/GarageBand/Instrument Library/Sampler/Sampler Instruments/Church Organ/Flutes + Octave.exs
GarageBand	exs	Flutes 	/Library/Application Support/GarageBand/Instrument Library/Sampler/Sampler Instruments/Church Organ/Flutes .exs
GarageBand	exs	Full Organ	/Library/Application Support/GarageBand/Instrument Library/Sampler/Sampler Instruments/Church Organ/Full Organ.exs
GarageBand	exs	Principal + 2 Octaves	/Library/Application Support/GarageBand/Instrument Library/Sampler/Sampler Instruments/Church Organ/Principal + 2 Octaves.exs
GarageBand	exs	Principal + Mixture	/Library/Application Support/GarageBand/Instrument Library/Sampler/Sampler Instruments/Church Organ/Principal + Mixture.exs
GarageBand	exs	Principal + Octave	/Library/Application Support/GarageBand/Instrument Library/Sampler/Sampler Instruments/Church Organ/Principal + Octave.exs
GarageBand	exs	Principal	/Library/Application Support/GarageBand/Instrument Library/Sampler/Sampler Instruments/Church Organ/Principal.exs
GarageBand	exs	Clarinet Solo Legato	/Library/Application Support/GarageBand/Instrument Library/Sampler/Sampler Instruments/Clarinet Solo Legato.exs
GarageBand	exs	Clarinet Solo Staccato	/Library/Application Support/GarageBand/Instrument Library/Sampler/Sampler Instruments/Clarinet Solo Staccato.exs
GarageBand	exs	Clarinet Solo	/Library/Application Support/GarageBand/Instrument Library/Sampler/Sampler Instruments/Clarinet Solo.exs
GarageBand	exs	Clarinets Legato	/Library/Application Support/GarageBand/Instrument Library/Sampler/Sampler Instruments/Clarinets Legato.exs
GarageBand	exs	Clarinets Staccato	/Library/Application Support/GarageBand/Instrument Library/Sampler/Sampler Instruments/Clarinets Staccato.exs
GarageBand	exs	Clarinets	/Library/Application Support/GarageBand/Instrument Library/Sampler/Sampler Instruments/Clarinets.exs
GarageBand	exs	Classic Drum Machine	/Library/Application Support/GarageBand/Instrument Library/Sampler/Sampler Instruments/Classic Drum Machine.exs
GarageBand	exs	Classic Hip Hop Remix	/Library/Application Support/GarageBand/Instrument Library/Sampler/Sampler Instruments/Classic Hip Hop Remix.exs
GarageBand	exs	Classic House Remix	/Library/Application Support/GarageBand/Instrument Library/Sampler/Sampler Instruments/Classic House Remix.exs
GarageBand	exs	Classic Studio Kit	/Library/Application Support/GarageBand/Instrument Library/Sampler/Sampler Instruments/Classic Studio Kit.exs
GarageBand	exs	Classical Acoustic Guitar	/Library/Application Support/GarageBand/Instrument Library/Sampler/Sampler Instruments/Classical Acoustic Guitar.exs
GarageBand	exs	Classical Ensemble Swells	/Library/Application Support/GarageBand/Instrument Library/Sampler/Sampler Instruments/Classical Ensemble Swells.exs
GarageBand	exs	Classical Ensemble	/Library/Application Support/GarageBand/Instrument Library/Sampler/Sampler Instruments/Classical Ensemble.exs
GarageBand	exs	Classical Female Ensemble	/Library/Application Support/GarageBand/Instrument Library/Sampler/Sampler Instruments/Classical Female Ensemble.exs
GarageBand	exs	Classical Female Swells	/Library/Application Support/GarageBand/Instrument Library/Sampler/Sampler Instruments/Classical Female Swells.exs
GarageBand	exs	Classical Flute	/Library/Application Support/GarageBand/Instrument Library/Sampler/Sampler Instruments/Classical Flute.exs
GarageBand	exs	Classical Grand	/Library/Application Support/GarageBand/Instrument Library/Sampler/Sampler Instruments/Classical Grand.exs
GarageBand	exs	Classical Male Ensemble	/Library/Application Support/GarageBand/Instrument Library/Sampler/Sampler Instruments/Classical Male Ensemble.exs
GarageBand	exs	Classical Male Swells	/Library/Application Support/GarageBand/Instrument Library/Sampler/Sampler Instruments/Classical Male Swells.exs
GarageBand	exs	Classical Piano	/Library/Application Support/GarageBand/Instrument Library/Sampler/Sampler Instruments/Classical Piano.exs
GarageBand	exs	Clean Electric Guitar	/Library/Application Support/GarageBand/Instrument Library/Sampler/Sampler Instruments/Clean Electric Guitar.exs
GarageBand	exs	Comedy Noises	/Library/Application Support/GarageBand/Instrument Library/Sampler/Sampler Instruments/Comedy Noises.exs
GarageBand	exs	Crotales	/Library/Application Support/GarageBand/Instrument Library/Sampler/Sampler Instruments/Crotales.exs
GarageBand	exs	Dance Kit	/Library/Application Support/GarageBand/Instrument Library/Sampler/Sampler Instruments/Dance Kit.exs
GarageBand	exs	Deep Bass	/Library/Application Support/GarageBand/Instrument Library/Sampler/Sampler Instruments/Deep Bass.exs
GarageBand	exs	Detroit Underground	/Library/Application Support/GarageBand/Instrument Library/Sampler/Sampler Instruments/Detroit Underground.exs
GarageBand	exs	Dobro Chords	/Library/Application Support/GarageBand/Instrument Library/Sampler/Sampler Instruments/Dobro Chords.exs
GarageBand	exs	Dobro Slide	/Library/Application Support/GarageBand/Instrument Library/Sampler/Sampler Instruments/Dobro Slide.exs
GarageBand	exs	Double Bass	/Library/Application Support/GarageBand/Instrument Library/Sampler/Sampler Instruments/Double Bass.exs
GarageBand	exs	Drum 'N Bass Remix	/Library/Application Support/GarageBand/Instrument Library/Sampler/Sampler Instruments/Drum 'N Bass Remix.exs
GarageBand	exs	Eastern Solo	/Library/Application Support/GarageBand/Instrument Library/Sampler/Sampler Instruments/Eastern Solo.exs
GarageBand	exs	Econ_Piano_1027	/Library/Application Support/GarageBand/Instrument Library/Sampler/Sampler Instruments/Econ_Piano_1027.exs
GarageBand	exs	Economy_Piano_1028	/Library/Application Support/GarageBand/Instrument Library/Sampler/Sampler Instruments/Economy_Piano_1028.exs
GarageBand	exs	Eighties Electric	/Library/Application Support/GarageBand/Instrument Library/Sampler/Sampler Instruments/Eighties Electric.exs
GarageBand	exs	Eighties Power Chords	/Library/Application Support/GarageBand/Instrument Library/Sampler/Sampler Instruments/Eighties Power Chords.exs
GarageBand	exs	Electro Kit	/Library/Application Support/GarageBand/Instrument Library/Sampler/Sampler Instruments/Electro Kit.exs
GarageBand	exs	Electroclash Remix	/Library/Application Support/GarageBand/Instrument Library/Sampler/Sampler Instruments/Electroclash Remix.exs
GarageBand	exs	Energy Stabs	/Library/Application Support/GarageBand/Instrument Library/Sampler/Sampler Instruments/Energy Stabs.exs
GarageBand	exs	English Horn Solo Legato	/Library/Application Support/GarageBand/Instrument Library/Sampler/Sampler Instruments/English Horn Solo Legato.exs
GarageBand	exs	English Horn Solo Staccato	/Library/Application Support/GarageBand/Instrument Library/Sampler/Sampler Instruments/English Horn Solo Staccato.exs
GarageBand	exs	English Horn Solo	/Library/Application Support/GarageBand/Instrument Library/Sampler/Sampler Instruments/English Horn Solo.exs
GarageBand	exs	Erhu	/Library/Application Support/GarageBand/Instrument Library/Sampler/Sampler Instruments/Erhu.exs
GarageBand	exs	Euro Dance Remix	/Library/Application Support/GarageBand/Instrument Library/Sampler/Sampler Instruments/Euro Dance Remix.exs
GarageBand	exs	European Folk Kit	/Library/Application Support/GarageBand/Instrument Library/Sampler/Sampler Instruments/European Folk Kit.exs
GarageBand	exs	Fingerstyle Electric Bass	/Library/Application Support/GarageBand/Instrument Library/Sampler/Sampler Instruments/Fingerstyle Electric Bass.exs
GarageBand	exs	Flute Solo Legato	/Library/Application Support/GarageBand/Instrument Library/Sampler/Sampler Instruments/Flute Solo Legato.exs
GarageBand	exs	Flute Solo Staccato	/Library/Application Support/GarageBand/Instrument Library/Sampler/Sampler Instruments/Flute Solo Staccato.exs
GarageBand	exs	Flute Solo	/Library/Application Support/GarageBand/Instrument Library/Sampler/Sampler Instruments/Flute Solo.exs
GarageBand	exs	Flutes Legato	/Library/Application Support/GarageBand/Instrument Library/Sampler/Sampler Instruments/Flutes Legato.exs
GarageBand	exs	Flutes Staccato	/Library/Application Support/GarageBand/Instrument Library/Sampler/Sampler Instruments/Flutes Staccato.exs
GarageBand	exs	Flutes	/Library/Application Support/GarageBand/Instrument Library/Sampler/Sampler Instruments/Flutes.exs
GarageBand	exs	French Horn Solo Legato	/Library/Application Support/GarageBand/Instrument Library/Sampler/Sampler Instruments/French Horn Solo Legato.exs
GarageBand	exs	French Horn Solo Staccato	/Library/Application Support/GarageBand/Instrument Library/Sampler/Sampler Instruments/French Horn Solo Staccato.exs
GarageBand	exs	French Horn Solo leg	/Library/Application Support/GarageBand/Instrument Library/Sampler/Sampler Instruments/French Horn Solo leg.exs
GarageBand	exs	French Horn Solo	/Library/Application Support/GarageBand/Instrument Library/Sampler/Sampler Instruments/French Horn Solo.exs
GarageBand	exs	French Horns Crescendo	/Library/Application Support/GarageBand/Instrument Library/Sampler/Sampler Instruments/French Horns Crescendo.exs
GarageBand	exs	French Horns Legato	/Library/Application Support/GarageBand/Instrument Library/Sampler/Sampler Instruments/French Horns Legato.exs
GarageBand	exs	French Horns Staccato	/Library/Application Support/GarageBand/Instrument Library/Sampler/Sampler Instruments/French Horns Staccato.exs
GarageBand	exs	French Horns	/Library/Application Support/GarageBand/Instrument Library/Sampler/Sampler Instruments/French Horns.exs
GarageBand	exs	Fretless Electric Bass	/Library/Application Support/GarageBand/Instrument Library/Sampler/Sampler Instruments/Fretless Electric Bass.exs
GarageBand	exs	Full Brass Legato	/Library/Application Support/GarageBand/Instrument Library/Sampler/Sampler Instruments/Full Brass Legato.exs
GarageBand	exs	Full Brass Staccato	/Library/Application Support/GarageBand/Instrument Library/Sampler/Sampler Instruments/Full Brass Staccato.exs
GarageBand	exs	Full Brass	/Library/Application Support/GarageBand/Instrument Library/Sampler/Sampler Instruments/Full Brass.exs
GarageBand	exs	Full Strings Legato	/Library/Application Support/GarageBand/Instrument Library/Sampler/Sampler Instruments/Full Strings Legato.exs
GarageBand	exs	Full Strings Pizzicato	/Library/Application Support/GarageBand/Instrument Library/Sampler/Sampler Instruments/Full Strings Pizzicato.exs
GarageBand	exs	Full Strings Staccato	/Library/Application Support/GarageBand/Instrument Library/Sampler/Sampler Instruments/Full Strings Staccato.exs
GarageBand	exs	Full Strings Tremolo	/Library/Application Support/GarageBand/Instrument Library/Sampler/Sampler Instruments/Full Strings Tremolo.exs
GarageBand	exs	Full Strings Trill 1	/Library/Application Support/GarageBand/Instrument Library/Sampler/Sampler Instruments/Full Strings Trill 1.exs
GarageBand	exs	Full Strings Trill 2	/Library/Application Support/GarageBand/Instrument Library/Sampler/Sampler Instruments/Full Strings Trill 2.exs
GarageBand	exs	Full Strings	/Library/Application Support/GarageBand/Instrument Library/Sampler/Sampler Instruments/Full Strings.exs
GarageBand	exs	Funk Horn Section	/Library/Application Support/GarageBand/Instrument Library/Sampler/Sampler Instruments/Funk Horn Section.exs
GarageBand	exs	Genius Chords	/Library/Application Support/GarageBand/Instrument Library/Sampler/Sampler Instruments/Genius Chords.exs
GarageBand	exs	Glacier Pad	/Library/Application Support/GarageBand/Instrument Library/Sampler/Sampler Instruments/Glacier Pad.exs
GarageBand	exs	Glockenspiel	/Library/Application Support/GarageBand/Instrument Library/Sampler/Sampler Instruments/Glockenspiel.exs
GarageBand	exs	Goa Remix	/Library/Application Support/GarageBand/Instrument Library/Sampler/Sampler Instruments/Goa Remix.exs
GarageBand	exs	Gospel Choir Effects Soft	/Library/Application Support/GarageBand/Instrument Library/Sampler/Sampler Instruments/Gospel Choir Effects Soft.exs
GarageBand	exs	Gospel Ensemble Swells	/Library/Application Support/GarageBand/Instrument Library/Sampler/Sampler Instruments/Gospel Ensemble Swells.exs
GarageBand	exs	Gospel Ensemble	/Library/Application Support/GarageBand/Instrument Library/Sampler/Sampler Instruments/Gospel Ensemble.exs
GarageBand	exs	Gospel Voice Effects	/Library/Application Support/GarageBand/Instrument Library/Sampler/Sampler Instruments/Gospel Voice Effects.exs
GarageBand	exs	Grand Piano ECO Big	/Library/Application Support/GarageBand/Instrument Library/Sampler/Sampler Instruments/Grand Piano ECO Big.exs
GarageBand	exs	Grand Piano ECO Small	/Library/Application Support/GarageBand/Instrument Library/Sampler/Sampler Instruments/Grand Piano ECO Small.exs
GarageBand	exs	Grand Piano On Stage	/Library/Application Support/GarageBand/Instrument Library/Sampler/Sampler Instruments/Grand Piano On Stage.exs
GarageBand	exs	Grand Piano Punchy	/Library/Application Support/GarageBand/Instrument Library/Sampler/Sampler Instruments/Grand Piano Punchy.exs
GarageBand	exs	Grand Piano+Bass	/Library/Application Support/GarageBand/Instrument Library/Sampler/Sampler Instruments/Grand Piano+Bass.exs
GarageBand	exs	Grand Piano+Pad	/Library/Application Support/GarageBand/Instrument Library/Sampler/Sampler Instruments/Grand Piano+Pad.exs
GarageBand	exs	Grand Piano+Strings 1	/Library/Application Support/GarageBand/Instrument Library/Sampler/Sampler Instruments/Grand Piano+Strings 1.exs
GarageBand	exs	Grand Piano	/Library/Application Support/GarageBand/Instrument Library/Sampler/Sampler Instruments/Grand Piano.exs
GarageBand	exs	Grand_Piano_1027	/Library/Application Support/GarageBand/Instrument Library/Sampler/Sampler Instruments/Grand_Piano_1027.exs
GarageBand	exs	Grand_Piano_1028	/Library/Application Support/GarageBand/Instrument Library/Sampler/Sampler Instruments/Grand_Piano_1028.exs
GarageBand	exs	Gregorian Ensemble Swells	/Library/Application Support/GarageBand/Instrument Library/Sampler/Sampler Instruments/Gregorian Ensemble Swells.exs
GarageBand	exs	Gregorian Ensemble	/Library/Application Support/GarageBand/Instrument Library/Sampler/Sampler Instruments/Gregorian Ensemble.exs
GarageBand	exs	Hard Techno Remix	/Library/Application Support/GarageBand/Instrument Library/Sampler/Sampler Instruments/Hard Techno Remix.exs
GarageBand	exs	Harp	/Library/Application Support/GarageBand/Instrument Library/Sampler/Sampler Instruments/Harp.exs
GarageBand	exs	Harpsichord	/Library/Application Support/GarageBand/Instrument Library/Sampler/Sampler Instruments/Harpsichord.exs
GarageBand	exs	Hawaiian Ukelele	/Library/Application Support/GarageBand/Instrument Library/Sampler/Sampler Instruments/Hawaiian Ukelele.exs
GarageBand	exs	Headbanger Kit	/Library/Application Support/GarageBand/Instrument Library/Sampler/Sampler Instruments/Headbanger Kit.exs
GarageBand	exs	Heavenly Chords	/Library/Application Support/GarageBand/Instrument Library/Sampler/Sampler Instruments/Heavenly Chords.exs
GarageBand	exs	Highlands Bagpipe Ensemble	/Library/Application Support/GarageBand/Instrument Library/Sampler/Sampler Instruments/Highlands Bagpipe Ensemble.exs
GarageBand	exs	Hip Hop Drum Machine	/Library/Application Support/GarageBand/Instrument Library/Sampler/Sampler Instruments/Hip Hop Drum Machine.exs
GarageBand	exs	Hip Hop Kit	/Library/Application Support/GarageBand/Instrument Library/Sampler/Sampler Instruments/Hip Hop Kit.exs
GarageBand	exs	Hip Hop Remix	/Library/Application Support/GarageBand/Instrument Library/Sampler/Sampler Instruments/Hip Hop Remix.exs
GarageBand	exs	Hollywood Strings	/Library/Application Support/GarageBand/Instrument Library/Sampler/Sampler Instruments/Hollywood Strings.exs
GarageBand	exs	Horn Section	/Library/Application Support/GarageBand/Instrument Library/Sampler/Sampler Instruments/Horn Section.exs
GarageBand	exs	House Drum Machine	/Library/Application Support/GarageBand/Instrument Library/Sampler/Sampler Instruments/House Drum Machine.exs
GarageBand	exs	Human Bass	/Library/Application Support/GarageBand/Instrument Library/Sampler/Sampler Instruments/Human Bass.exs
GarageBand	exs	Human Beat Box	/Library/Application Support/GarageBand/Instrument Library/Sampler/Sampler Instruments/Human Beat Box.exs
GarageBand	exs	Human Body Rhythm Effects	/Library/Application Support/GarageBand/Instrument Library/Sampler/Sampler Instruments/Human Body Rhythm Effects.exs
GarageBand	exs	Human Body Sound Effects	/Library/Application Support/GarageBand/Instrument Library/Sampler/Sampler Instruments/Human Body Sound Effects.exs
GarageBand	exs	Backward Fifth	/Library/Application Support/GarageBand/Instrument Library/Sampler/Sampler Instruments/Hybrid Basic/Backward Fifth.exs
GarageBand	exs	Basic Synth	/Library/Application Support/GarageBand/Instrument Library/Sampler/Sampler Instruments/Hybrid Basic/Basic Synth.exs
GarageBand	exs	Breath Pad	/Library/Application Support/GarageBand/Instrument Library/Sampler/Sampler Instruments/Hybrid Basic/Breath Pad.exs
GarageBand	exs	Classic Thick	/Library/Application Support/GarageBand/Instrument Library/Sampler/Sampler Instruments/Hybrid Basic/Classic Thick.exs
GarageBand	exs	Crush Keys	/Library/Application Support/GarageBand/Instrument Library/Sampler/Sampler Instruments/Hybrid Basic/Crush Keys.exs
GarageBand	exs	FM Punchy Bass	/Library/Application Support/GarageBand/Instrument Library/Sampler/Sampler Instruments/Hybrid Basic/FM Punchy Bass.exs
GarageBand	exs	Flange Saw	/Library/Application Support/GarageBand/Instrument Library/Sampler/Sampler Instruments/Hybrid Basic/Flange Saw.exs
GarageBand	exs	Galaxy Swirl	/Library/Application Support/GarageBand/Instrument Library/Sampler/Sampler Instruments/Hybrid Basic/Galaxy Swirl.exs
GarageBand	exs	Hard Pluck Bass	/Library/Application Support/GarageBand/Instrument Library/Sampler/Sampler Instruments/Hybrid Basic/Hard Pluck Bass.exs
GarageBand	exs	Hybrid Chords	/Library/Application Support/GarageBand/Instrument Library/Sampler/Sampler Instruments/Hybrid Basic/Hybrid Chords.exs
GarageBand	exs	Magno Grain	/Library/Application Support/GarageBand/Instrument Library/Sampler/Sampler Instruments/Hybrid Basic/Magno Grain.exs
GarageBand	exs	Noisy Vox	/Library/Application Support/GarageBand/Instrument Library/Sampler/Sampler Instruments/Hybrid Basic/Noisy Vox.exs
GarageBand	exs	Organic	/Library/Application Support/GarageBand/Instrument Library/Sampler/Sampler Instruments/Hybrid Basic/Organic.exs
GarageBand	exs	Parachute	/Library/Application Support/GarageBand/Instrument Library/Sampler/Sampler Instruments/Hybrid Basic/Parachute.exs
GarageBand	exs	Pick Bass	/Library/Application Support/GarageBand/Instrument Library/Sampler/Sampler Instruments/Hybrid Basic/Pick Bass.exs
GarageBand	exs	Rave Riffer	/Library/Application Support/GarageBand/Instrument Library/Sampler/Sampler Instruments/Hybrid Basic/Rave Riffer.exs
GarageBand	exs	Smooth Strings	/Library/Application Support/GarageBand/Instrument Library/Sampler/Sampler Instruments/Hybrid Basic/Smooth Strings.exs
GarageBand	exs	Space Choir	/Library/Application Support/GarageBand/Instrument Library/Sampler/Sampler Instruments/Hybrid Basic/Space Choir.exs
GarageBand	exs	Stack Vox	/Library/Application Support/GarageBand/Instrument Library/Sampler/Sampler Instruments/Hybrid Basic/Stack Vox.exs
GarageBand	exs	Super Stack	/Library/Application Support/GarageBand/Instrument Library/Sampler/Sampler Instruments/Hybrid Basic/Super Stack.exs
GarageBand	exs	Super Strings	/Library/Application Support/GarageBand/Instrument Library/Sampler/Sampler Instruments/Hybrid Basic/Super Strings.exs
GarageBand	exs	Trance Pad	/Library/Application Support/GarageBand/Instrument Library/Sampler/Sampler Instruments/Hybrid Basic/Trance Pad.exs
GarageBand	exs	Uni Bright	/Library/Application Support/GarageBand/Instrument Library/Sampler/Sampler Instruments/Hybrid Basic/Uni Bright.exs
GarageBand	exs	Vox Pad	/Library/Application Support/GarageBand/Instrument Library/Sampler/Sampler Instruments/Hybrid Basic/Vox Pad.exs
GarageBand	exs	Analog Blend	/Library/Application Support/GarageBand/Instrument Library/Sampler/Sampler Instruments/Hybrid Morph/Analog Blend.exs
GarageBand	exs	Android Symphony	/Library/Application Support/GarageBand/Instrument Library/Sampler/Sampler Instruments/Hybrid Morph/Android Symphony.exs
GarageBand	exs	Bell Noise	/Library/Application Support/GarageBand/Instrument Library/Sampler/Sampler Instruments/Hybrid Morph/Bell Noise.exs
GarageBand	exs	Bit Surround	/Library/Application Support/GarageBand/Instrument Library/Sampler/Sampler Instruments/Hybrid Morph/Bit Surround.exs
GarageBand	exs	Bubble Noise	/Library/Application Support/GarageBand/Instrument Library/Sampler/Sampler Instruments/Hybrid Morph/Bubble Noise.exs
GarageBand	exs	Chiller	/Library/Application Support/GarageBand/Instrument Library/Sampler/Sampler Instruments/Hybrid Morph/Chiller.exs
GarageBand	exs	Deep Freeze	/Library/Application Support/GarageBand/Instrument Library/Sampler/Sampler Instruments/Hybrid Morph/Deep Freeze.exs
GarageBand	exs	Digital Light	/Library/Application Support/GarageBand/Instrument Library/Sampler/Sampler Instruments/Hybrid Morph/Digital Light.exs
GarageBand	exs	Galactic Static	/Library/Application Support/GarageBand/Instrument Library/Sampler/Sampler Instruments/Hybrid Morph/Galactic Static.exs
GarageBand	exs	Light Machine	/Library/Application Support/GarageBand/Instrument Library/Sampler/Sampler Instruments/Hybrid Morph/Light Machine.exs
GarageBand	exs	Magnetic Flange	/Library/Application Support/GarageBand/Instrument Library/Sampler/Sampler Instruments/Hybrid Morph/Magnetic Flange.exs
GarageBand	exs	Mega Stack	/Library/Application Support/GarageBand/Instrument Library/Sampler/Sampler Instruments/Hybrid Morph/Mega Stack.exs
GarageBand	exs	Noisy Ringer	/Library/Application Support/GarageBand/Instrument Library/Sampler/Sampler Instruments/Hybrid Morph/Noisy Ringer.exs
GarageBand	exs	Smooth Morph	/Library/Application Support/GarageBand/Instrument Library/Sampler/Sampler Instruments/Hybrid Morph/Smooth Morph.exs
GarageBand	exs	Spacious	/Library/Application Support/GarageBand/Instrument Library/Sampler/Sampler Instruments/Hybrid Morph/Spacious.exs
GarageBand	exs	Trance Vox Pad	/Library/Application Support/GarageBand/Instrument Library/Sampler/Sampler Instruments/Hybrid Morph/Trance Vox Pad.exs
GarageBand	exs	Vocal Morph	/Library/Application Support/GarageBand/Instrument Library/Sampler/Sampler Instruments/Hybrid Morph/Vocal Morph.exs
GarageBand	exs	Indian & Middle Eastern Kit	/Library/Application Support/GarageBand/Instrument Library/Sampler/Sampler Instruments/Indian & Middle Eastern Kit.exs
GarageBand	exs	Indian Bansuri Flute	/Library/Application Support/GarageBand/Instrument Library/Sampler/Sampler Instruments/Indian Bansuri Flute.exs
GarageBand	exs	Indian Shehnai Oboe	/Library/Application Support/GarageBand/Instrument Library/Sampler/Sampler Instruments/Indian Shehnai Oboe.exs
GarageBand	exs	Indian Sitar	/Library/Application Support/GarageBand/Instrument Library/Sampler/Sampler Instruments/Indian Sitar.exs
GarageBand	exs	Indie Kit Live	/Library/Application Support/GarageBand/Instrument Library/Sampler/Sampler Instruments/Indie Kit Live.exs
GarageBand	exs	Indie Kit	/Library/Application Support/GarageBand/Instrument Library/Sampler/Sampler Instruments/Indie Kit.exs
GarageBand	exs	Indonesian Gamelan Gongs	/Library/Application Support/GarageBand/Instrument Library/Sampler/Sampler Instruments/Indonesian Gamelan Gongs.exs
GarageBand	exs	Indonesian Gamelan	/Library/Application Support/GarageBand/Instrument Library/Sampler/Sampler Instruments/Indonesian Gamelan.exs
GarageBand	exs	Irish Bouzouki	/Library/Application Support/GarageBand/Instrument Library/Sampler/Sampler Instruments/Irish Bouzouki.exs
GarageBand	exs	Irish Fiddle	/Library/Application Support/GarageBand/Instrument Library/Sampler/Sampler Instruments/Irish Fiddle.exs
GarageBand	exs	Japanese Koto	/Library/Application Support/GarageBand/Instrument Library/Sampler/Sampler Instruments/Japanese Koto.exs
GarageBand	exs	Japanese Shakuhachi Flute	/Library/Application Support/GarageBand/Instrument Library/Sampler/Sampler Instruments/Japanese Shakuhachi Flute.exs
GarageBand	exs	Jazz Kit	/Library/Application Support/GarageBand/Instrument Library/Sampler/Sampler Instruments/Jazz Kit.exs
GarageBand	exs	Latin Baby Bass	/Library/Application Support/GarageBand/Instrument Library/Sampler/Sampler Instruments/Latin Baby Bass.exs
GarageBand	exs	Latin Kit	/Library/Application Support/GarageBand/Instrument Library/Sampler/Sampler Instruments/Latin Kit.exs
GarageBand	exs	Live Rock Kit	/Library/Application Support/GarageBand/Instrument Library/Sampler/Sampler Instruments/Live Rock Kit.exs
GarageBand	exs	Liverpool Bass	/Library/Application Support/GarageBand/Instrument Library/Sampler/Sampler Instruments/Liverpool Bass.exs
GarageBand	exs	Liverpool	/Library/Application Support/GarageBand/Instrument Library/Sampler/Sampler Instruments/Liverpool.exs
GarageBand	exs	Lo-Fi Remix	/Library/Application Support/GarageBand/Instrument Library/Sampler/Sampler Instruments/Lo-Fi Remix.exs
GarageBand	exs	Lucid Chords	/Library/Application Support/GarageBand/Instrument Library/Sampler/Sampler Instruments/Lucid Chords.exs
GarageBand	exs	Luscious Pad	/Library/Application Support/GarageBand/Instrument Library/Sampler/Sampler Instruments/Luscious Pad.exs
GarageBand	exs	Marimba	/Library/Application Support/GarageBand/Instrument Library/Sampler/Sampler Instruments/Marimba.exs
GarageBand	exs	Medieval Lute	/Library/Application Support/GarageBand/Instrument Library/Sampler/Sampler Instruments/Medieval Lute.exs
GarageBand	exs	Medieval Recorder	/Library/Application Support/GarageBand/Instrument Library/Sampler/Sampler Instruments/Medieval Recorder.exs
GarageBand	exs	Mexican Guitarron	/Library/Application Support/GarageBand/Instrument Library/Sampler/Sampler Instruments/Mexican Guitarron.exs
GarageBand	exs	Mixed Choir	/Library/Application Support/GarageBand/Instrument Library/Sampler/Sampler Instruments/Mixed Choir.exs
GarageBand	exs	Motown Bass	/Library/Application Support/GarageBand/Instrument Library/Sampler/Sampler Instruments/Motown Bass.exs
GarageBand	exs	Muted Electric Bass	/Library/Application Support/GarageBand/Instrument Library/Sampler/Sampler Instruments/Muted Electric Bass.exs
GarageBand	exs	Muted Electric Guitar	/Library/Application Support/GarageBand/Instrument Library/Sampler/Sampler Instruments/Muted Electric Guitar.exs
GarageBand	exs	Native American Flute	/Library/Application Support/GarageBand/Instrument Library/Sampler/Sampler Instruments/Native American Flute.exs
GarageBand	exs	Nature Sounds	/Library/Application Support/GarageBand/Instrument Library/Sampler/Sampler Instruments/Nature Sounds.exs
GarageBand	exs	Oboe Solo Legato	/Library/Application Support/GarageBand/Instrument Library/Sampler/Sampler Instruments/Oboe Solo Legato.exs
GarageBand	exs	Oboe Solo Staccato	/Library/Application Support/GarageBand/Instrument Library/Sampler/Sampler Instruments/Oboe Solo Staccato.exs
GarageBand	exs	Oboe Solo	/Library/Application Support/GarageBand/Instrument Library/Sampler/Sampler Instruments/Oboe Solo.exs
GarageBand	exs	Old School Funk Remix	/Library/Application Support/GarageBand/Instrument Library/Sampler/Sampler Instruments/Old School Funk Remix.exs
GarageBand	exs	Orchestral Kit	/Library/Application Support/GarageBand/Instrument Library/Sampler/Sampler Instruments/Orchestral Kit.exs
GarageBand	exs	Palm Muted Bass	/Library/Application Support/GarageBand/Instrument Library/Sampler/Sampler Instruments/Palm Muted Bass.exs
GarageBand	exs	Paris House Remix	/Library/Application Support/GarageBand/Instrument Library/Sampler/Sampler Instruments/Paris House Remix.exs
GarageBand	exs	Persian Santoor	/Library/Application Support/GarageBand/Instrument Library/Sampler/Sampler Instruments/Persian Santoor.exs
GarageBand	exs	Peruvian Panpipes	/Library/Application Support/GarageBand/Instrument Library/Sampler/Sampler Instruments/Peruvian Panpipes.exs
GarageBand	exs	Piccolo Legato	/Library/Application Support/GarageBand/Instrument Library/Sampler/Sampler Instruments/Piccolo Legato.exs
GarageBand	exs	Piccolo Staccato	/Library/Application Support/GarageBand/Instrument Library/Sampler/Sampler Instruments/Piccolo Staccato.exs
GarageBand	exs	Piccolo	/Library/Application Support/GarageBand/Instrument Library/Sampler/Sampler Instruments/Piccolo.exs
GarageBand	exs	Picked Electric Bass	/Library/Application Support/GarageBand/Instrument Library/Sampler/Sampler Instruments/Picked Electric Bass.exs
GarageBand	exs	Picked Rock Bass	/Library/Application Support/GarageBand/Instrument Library/Sampler/Sampler Instruments/Picked Rock Bass.exs
GarageBand	exs	Pinch Harmonics	/Library/Application Support/GarageBand/Instrument Library/Sampler/Sampler Instruments/Pinch Harmonics.exs
GarageBand	exs	Pipa	/Library/Application Support/GarageBand/Instrument Library/Sampler/Sampler Instruments/Pipa.exs
GarageBand	exs	Polka Accordion	/Library/Application Support/GarageBand/Instrument Library/Sampler/Sampler Instruments/Polka Accordion.exs
GarageBand	exs	Pop Flute	/Library/Application Support/GarageBand/Instrument Library/Sampler/Sampler Instruments/Pop Flute.exs
GarageBand	exs	Pop Horn Section	/Library/Application Support/GarageBand/Instrument Library/Sampler/Sampler Instruments/Pop Horn Section.exs
GarageBand	exs	Pop Kit	/Library/Application Support/GarageBand/Instrument Library/Sampler/Sampler Instruments/Pop Kit.exs
GarageBand	exs	Prog Rock Muted	/Library/Application Support/GarageBand/Instrument Library/Sampler/Sampler Instruments/Prog Rock Muted.exs
GarageBand	exs	Radio Sounds	/Library/Application Support/GarageBand/Instrument Library/Sampler/Sampler Instruments/Radio Sounds.exs
GarageBand	exs	RnB Kit	/Library/Application Support/GarageBand/Instrument Library/Sampler/Sampler Instruments/RnB Kit.exs
GarageBand	exs	RnB Remix	/Library/Application Support/GarageBand/Instrument Library/Sampler/Sampler Instruments/RnB Remix.exs
GarageBand	exs	Roadhouse Kit	/Library/Application Support/GarageBand/Instrument Library/Sampler/Sampler Instruments/Roadhouse Kit.exs
GarageBand	exs	Rock Kit	/Library/Application Support/GarageBand/Instrument Library/Sampler/Sampler Instruments/Rock Kit.exs
GarageBand	exs	Roland CR-78 Kit	/Library/Application Support/GarageBand/Instrument Library/Sampler/Sampler Instruments/Roland CR-78 Kit.exs
GarageBand	exs	Roland TR-606 Kit	/Library/Application Support/GarageBand/Instrument Library/Sampler/Sampler Instruments/Roland TR-606 Kit.exs
GarageBand	exs	Roland TR-808 Kit	/Library/Application Support/GarageBand/Instrument Library/Sampler/Sampler Instruments/Roland TR-808 Kit.exs
GarageBand	exs	Roland TR-909 Kit	/Library/Application Support/GarageBand/Instrument Library/Sampler/Sampler Instruments/Roland TR-909 Kit.exs
GarageBand	exs	Rotary Vibraphone	/Library/Application Support/GarageBand/Instrument Library/Sampler/Sampler Instruments/Rotary Vibraphone.exs
GarageBand	exs	Roundback Acoustic Guitar	/Library/Application Support/GarageBand/Instrument Library/Sampler/Sampler Instruments/Roundback Acoustic Guitar.exs
GarageBand	exs	Russian Balalaika	/Library/Application Support/GarageBand/Instrument Library/Sampler/Sampler Instruments/Russian Balalaika.exs
GarageBand	exs	Session Bass	/Library/Application Support/GarageBand/Instrument Library/Sampler/Sampler Instruments/Session Bass.exs
GarageBand	exs	Seventies Kit	/Library/Application Support/GarageBand/Instrument Library/Sampler/Sampler Instruments/Seventies Kit.exs
GarageBand	exs	Slapped Electric Bass	/Library/Application Support/GarageBand/Instrument Library/Sampler/Sampler Instruments/Slapped Electric Bass.exs
GarageBand	exs	Soprano Sax	/Library/Application Support/GarageBand/Instrument Library/Sampler/Sampler Instruments/Soprano Sax.exs
GarageBand	exs	South African Singers	/Library/Application Support/GarageBand/Instrument Library/Sampler/Sampler Instruments/South African Singers.exs
GarageBand	exs	South African Voice Effects	/Library/Application Support/GarageBand/Instrument Library/Sampler/Sampler Instruments/South African Voice Effects.exs
GarageBand	exs	Spanish Flamenco Guitar	/Library/Application Support/GarageBand/Instrument Library/Sampler/Sampler Instruments/Spanish Flamenco Guitar.exs
GarageBand	exs	Steel String Acoustic	/Library/Application Support/GarageBand/Instrument Library/Sampler/Sampler Instruments/Steel String Acoustic.exs
GarageBand	exs	Steinway Grand Piano	/Library/Application Support/GarageBand/Instrument Library/Sampler/Sampler Instruments/Steinway Grand Piano.exs
GarageBand	exs	Steinway Piano	/Library/Application Support/GarageBand/Instrument Library/Sampler/Sampler Instruments/Steinway Piano.exs
GarageBand	exs	String Ensemble	/Library/Application Support/GarageBand/Instrument Library/Sampler/Sampler Instruments/String Ensemble.exs
GarageBand	exs	Strings	/Library/Application Support/GarageBand/Instrument Library/Sampler/Sampler Instruments/Strings.exs
GarageBand	exs	Studio Brush Kit	/Library/Application Support/GarageBand/Instrument Library/Sampler/Sampler Instruments/Studio Brush Kit.exs
GarageBand	exs	Studio Heavy Kit	/Library/Application Support/GarageBand/Instrument Library/Sampler/Sampler Instruments/Studio Heavy Kit.exs
GarageBand	exs	Studio Tight Kit	/Library/Application Support/GarageBand/Instrument Library/Sampler/Sampler Instruments/Studio Tight Kit.exs
GarageBand	exs	Studio Toolkit	/Library/Application Support/GarageBand/Instrument Library/Sampler/Sampler Instruments/Studio Toolkit.exs
GarageBand	exs	Sunburst Electric	/Library/Application Support/GarageBand/Instrument Library/Sampler/Sampler Instruments/Sunburst Electric.exs
GarageBand	exs	Sunburst Power Chords	/Library/Application Support/GarageBand/Instrument Library/Sampler/Sampler Instruments/Sunburst Power Chords.exs
GarageBand	exs	Synth Soprano Solo	/Library/Application Support/GarageBand/Instrument Library/Sampler/Sampler Instruments/Synth Soprano Solo.exs
GarageBand	exs	Tango Accordion	/Library/Application Support/GarageBand/Instrument Library/Sampler/Sampler Instruments/Tango Accordion.exs
GarageBand	exs	Techno Kit	/Library/Application Support/GarageBand/Instrument Library/Sampler/Sampler Instruments/Techno Kit.exs
GarageBand	exs	Tenor Sax	/Library/Application Support/GarageBand/Instrument Library/Sampler/Sampler Instruments/Tenor Sax.exs
GarageBand	exs	Tibetan Singing Bowls	/Library/Application Support/GarageBand/Instrument Library/Sampler/Sampler Instruments/Tibetan Singing Bowls.exs
GarageBand	exs	Timpani SingleStrokes	/Library/Application Support/GarageBand/Instrument Library/Sampler/Sampler Instruments/Timpani SingleStrokes.exs
GarageBand	exs	Timpani Tremolo Crescendo	/Library/Application Support/GarageBand/Instrument Library/Sampler/Sampler Instruments/Timpani Tremolo Crescendo.exs
GarageBand	exs	Timpani Tremolo	/Library/Application Support/GarageBand/Instrument Library/Sampler/Sampler Instruments/Timpani Tremolo.exs
GarageBand	exs	Timpani	/Library/Application Support/GarageBand/Instrument Library/Sampler/Sampler Instruments/Timpani.exs
GarageBand	exs	Trance Remix	/Library/Application Support/GarageBand/Instrument Library/Sampler/Sampler Instruments/Trance Remix.exs
GarageBand	exs	Transition FX	/Library/Application Support/GarageBand/Instrument Library/Sampler/Sampler Instruments/Transition FX.exs
GarageBand	exs	Tribal Kit	/Library/Application Support/GarageBand/Instrument Library/Sampler/Sampler Instruments/Tribal Kit.exs
GarageBand	exs	Trip Hop Remix	/Library/Application Support/GarageBand/Instrument Library/Sampler/Sampler Instruments/Trip Hop Remix.exs
GarageBand	exs	Trombones Legato	/Library/Application Support/GarageBand/Instrument Library/Sampler/Sampler Instruments/Trombones Legato.exs
GarageBand	exs	Trombones Staccato	/Library/Application Support/GarageBand/Instrument Library/Sampler/Sampler Instruments/Trombones Staccato.exs
GarageBand	exs	Trombones	/Library/Application Support/GarageBand/Instrument Library/Sampler/Sampler Instruments/Trombones.exs
GarageBand	exs	Trumpet Section	/Library/Application Support/GarageBand/Instrument Library/Sampler/Sampler Instruments/Trumpet Section.exs
GarageBand	exs	Trumpets Legato	/Library/Application Support/GarageBand/Instrument Library/Sampler/Sampler Instruments/Trumpets Legato.exs
GarageBand	exs	Trumpets Staccato	/Library/Application Support/GarageBand/Instrument Library/Sampler/Sampler Instruments/Trumpets Staccato.exs
GarageBand	exs	Trumpets	/Library/Application Support/GarageBand/Instrument Library/Sampler/Sampler Instruments/Trumpets.exs
GarageBand	exs	Tuba Solo Legato	/Library/Application Support/GarageBand/Instrument Library/Sampler/Sampler Instruments/Tuba Solo Legato.exs
GarageBand	exs	Tuba Solo Staccato	/Library/Application Support/GarageBand/Instrument Library/Sampler/Sampler Instruments/Tuba Solo Staccato.exs
GarageBand	exs	Tuba Solo	/Library/Application Support/GarageBand/Instrument Library/Sampler/Sampler Instruments/Tuba Solo.exs
GarageBand	exs	Tubular Bells	/Library/Application Support/GarageBand/Instrument Library/Sampler/Sampler Instruments/Tubular Bells.exs
GarageBand	exs	Turkish Oud Lute	/Library/Application Support/GarageBand/Instrument Library/Sampler/Sampler Instruments/Turkish Oud Lute.exs
GarageBand	exs	Turkish Saz Zither	/Library/Application Support/GarageBand/Instrument Library/Sampler/Sampler Instruments/Turkish Saz Zither.exs
GarageBand	exs	Twangy Electric	/Library/Application Support/GarageBand/Instrument Library/Sampler/Sampler Instruments/Twangy Electric.exs
GarageBand	exs	Twangy Strumming	/Library/Application Support/GarageBand/Instrument Library/Sampler/Sampler Instruments/Twangy Strumming.exs
GarageBand	exs	UK Garage Remix	/Library/Application Support/GarageBand/Instrument Library/Sampler/Sampler Instruments/UK Garage Remix.exs
GarageBand	exs	Unplugged Bass	/Library/Application Support/GarageBand/Instrument Library/Sampler/Sampler Instruments/Unplugged Bass.exs
GarageBand	exs	Upright Ballad Bass	/Library/Application Support/GarageBand/Instrument Library/Sampler/Sampler Instruments/Upright Ballad Bass.exs
GarageBand	exs	Upright Jazz Bass	/Library/Application Support/GarageBand/Instrument Library/Sampler/Sampler Instruments/Upright Jazz Bass.exs
GarageBand	exs	Velocity Chords	/Library/Application Support/GarageBand/Instrument Library/Sampler/Sampler Instruments/Velocity Chords.exs
GarageBand	exs	Vibraphone+Bass	/Library/Application Support/GarageBand/Instrument Library/Sampler/Sampler Instruments/Vibraphone+Bass.exs
GarageBand	exs	Vibraphone	/Library/Application Support/GarageBand/Instrument Library/Sampler/Sampler Instruments/Vibraphone.exs
GarageBand	exs	Vintage Kit	/Library/Application Support/GarageBand/Instrument Library/Sampler/Sampler Instruments/Vintage Kit.exs
GarageBand	exs	Vintage Strat	/Library/Application Support/GarageBand/Instrument Library/Sampler/Sampler Instruments/Vintage Strat.exs
GarageBand	exs	Violas Legato	/Library/Application Support/GarageBand/Instrument Library/Sampler/Sampler Instruments/Violas Legato.exs
GarageBand	exs	Violas Pizzicato	/Library/Application Support/GarageBand/Instrument Library/Sampler/Sampler Instruments/Violas Pizzicato.exs
GarageBand	exs	Violas Staccato	/Library/Application Support/GarageBand/Instrument Library/Sampler/Sampler Instruments/Violas Staccato.exs
GarageBand	exs	Violas Tremolo	/Library/Application Support/GarageBand/Instrument Library/Sampler/Sampler Instruments/Violas Tremolo.exs
GarageBand	exs	Violas Trill 1	/Library/Application Support/GarageBand/Instrument Library/Sampler/Sampler Instruments/Violas Trill 1.exs
GarageBand	exs	Violas Trill 2	/Library/Application Support/GarageBand/Instrument Library/Sampler/Sampler Instruments/Violas Trill 2.exs
GarageBand	exs	Violas	/Library/Application Support/GarageBand/Instrument Library/Sampler/Sampler Instruments/Violas.exs
GarageBand	exs	Violins 1 Legato	/Library/Application Support/GarageBand/Instrument Library/Sampler/Sampler Instruments/Violins 1 Legato.exs
GarageBand	exs	Violins 1 Pizzicato	/Library/Application Support/GarageBand/Instrument Library/Sampler/Sampler Instruments/Violins 1 Pizzicato.exs
GarageBand	exs	Violins 1 Staccato	/Library/Application Support/GarageBand/Instrument Library/Sampler/Sampler Instruments/Violins 1 Staccato.exs
GarageBand	exs	Violins 1 Tremolo	/Library/Application Support/GarageBand/Instrument Library/Sampler/Sampler Instruments/Violins 1 Tremolo.exs
GarageBand	exs	Violins 1 Trill 1	/Library/Application Support/GarageBand/Instrument Library/Sampler/Sampler Instruments/Violins 1 Trill 1.exs
GarageBand	exs	Violins 1 Trill 2	/Library/Application Support/GarageBand/Instrument Library/Sampler/Sampler Instruments/Violins 1 Trill 2.exs
GarageBand	exs	Violins 1	/Library/Application Support/GarageBand/Instrument Library/Sampler/Sampler Instruments/Violins 1.exs
GarageBand	exs	Violins 2 Legato	/Library/Application Support/GarageBand/Instrument Library/Sampler/Sampler Instruments/Violins 2 Legato.exs
GarageBand	exs	Violins 2 Pizzicato	/Library/Application Support/GarageBand/Instrument Library/Sampler/Sampler Instruments/Violins 2 Pizzicato.exs
GarageBand	exs	Violins 2 Staccato	/Library/Application Support/GarageBand/Instrument Library/Sampler/Sampler Instruments/Violins 2 Staccato.exs
GarageBand	exs	Violins 2 Tremolo	/Library/Application Support/GarageBand/Instrument Library/Sampler/Sampler Instruments/Violins 2 Tremolo.exs
GarageBand	exs	Violins 2 Trill 1	/Library/Application Support/GarageBand/Instrument Library/Sampler/Sampler Instruments/Violins 2 Trill 1.exs
GarageBand	exs	Violins 2 Trill 2	/Library/Application Support/GarageBand/Instrument Library/Sampler/Sampler Instruments/Violins 2 Trill 2.exs
GarageBand	exs	Violins 2	/Library/Application Support/GarageBand/Instrument Library/Sampler/Sampler Instruments/Violins 2.exs
GarageBand	exs	Vocal Shout Effects	/Library/Application Support/GarageBand/Instrument Library/Sampler/Sampler Instruments/Vocal Shout Effects.exs
GarageBand	exs	Vocal Shouts	/Library/Application Support/GarageBand/Instrument Library/Sampler/Sampler Instruments/Vocal Shouts.exs
GarageBand	exs	Warehouse Kit	/Library/Application Support/GarageBand/Instrument Library/Sampler/Sampler Instruments/Warehouse Kit.exs
GarageBand	exs	Warm Electric	/Library/Application Support/GarageBand/Instrument Library/Sampler/Sampler Instruments/Warm Electric.exs
GarageBand	exs	Warm Glow Chords	/Library/Application Support/GarageBand/Instrument Library/Sampler/Sampler Instruments/Warm Glow Chords.exs
GarageBand	exs	Whistler	/Library/Application Support/GarageBand/Instrument Library/Sampler/Sampler Instruments/Whistler.exs
GarageBand	exs	Xylophone	/Library/Application Support/GarageBand/Instrument Library/Sampler/Sampler Instruments/Xylophone.exs
GarageBand	exs	Acoustic Guitar KB	/Library/Application Support/GarageBand/Instrument Library/Sampler/Sampler Instruments/iOS Instruments/Acoustic Guitar KB.exs
GarageBand	exs	Bassoon iOS KB	/Library/Application Support/GarageBand/Instrument Library/Sampler/Sampler Instruments/iOS Instruments/Bassoon iOS KB.exs
GarageBand	exs	Brass Ensemble iOS KB	/Library/Application Support/GarageBand/Instrument Library/Sampler/Sampler Instruments/iOS Instruments/Brass Ensemble iOS KB.exs
GarageBand	exs	Clarinet iOS KB	/Library/Application Support/GarageBand/Instrument Library/Sampler/Sampler Instruments/iOS Instruments/Clarinet iOS KB.exs
GarageBand	exs	Flute iOS KB	/Library/Application Support/GarageBand/Instrument Library/Sampler/Sampler Instruments/iOS Instruments/Flute iOS KB.exs
GarageBand	exs	French Horn iOS KB	/Library/Application Support/GarageBand/Instrument Library/Sampler/Sampler Instruments/iOS Instruments/French Horn iOS KB.exs
GarageBand	exs	Oboe iOS KB	/Library/Application Support/GarageBand/Instrument Library/Sampler/Sampler Instruments/iOS Instruments/Oboe iOS KB.exs
GarageBand	exs	P-Bass iOS small	/Library/Application Support/GarageBand/Instrument Library/Sampler/Sampler Instruments/iOS Instruments/P-Bass iOS small.exs
GarageBand	exs	Strings Pizzicato iOS KB	/Library/Application Support/GarageBand/Instrument Library/Sampler/Sampler Instruments/iOS Instruments/Strings Pizzicato iOS KB.exs
GarageBand	exs	Strings Staccato iOS KB	/Library/Application Support/GarageBand/Instrument Library/Sampler/Sampler Instruments/iOS Instruments/Strings Staccato iOS KB.exs
GarageBand	exs	Strings Sustain iOS KB	/Library/Application Support/GarageBand/Instrument Library/Sampler/Sampler Instruments/iOS Instruments/Strings Sustain iOS KB.exs
GarageBand	exs	Upright iOS small	/Library/Application Support/GarageBand/Instrument Library/Sampler/Sampler Instruments/iOS Instruments/Upright iOS small.exs
GarageBand	exs	Vintage Strat KB	/Library/Application Support/GarageBand/Instrument Library/Sampler/Sampler Instruments/iOS Instruments/Vintage Strat KB.exs
GarageBand	exs	Warm Electric KB	/Library/Application Support/GarageBand/Instrument Library/Sampler/Sampler Instruments/iOS Instruments/Warm Electric KB.exs
Logic	pst	#default	/Library/Application Support/Logic/Plug-In Settings/AVerb/#default.pst
Logic	pst	Long Subway Tunnel	/Library/Application Support/Logic/Plug-In Settings/AVerb/Long Subway Tunnel.pst
Logic	pst	Lost In Bathroom	/Library/Application Support/Logic/Plug-In Settings/AVerb/Lost In Bathroom.pst
Logic	pst	Plexi Resonator	/Library/Application Support/Logic/Plug-In Settings/AVerb/Plexi Resonator.pst
Logic	pst	#default	/Library/Application Support/Logic/Plug-In Settings/Arpeggiator/#default.pst
Logic	pst	Classic Cycle 01	/Library/Application Support/Logic/Plug-In Settings/Arpeggiator/Classic Cycle 01.pst
Logic	pst	Classic Cycle 02	/Library/Application Support/Logic/Plug-In Settings/Arpeggiator/Classic Cycle 02.pst
Logic	pst	Classic Cycle 03	/Library/Application Support/Logic/Plug-In Settings/Arpeggiator/Classic Cycle 03.pst
Logic	pst	Classic Cycle 04	/Library/Application Support/Logic/Plug-In Settings/Arpeggiator/Classic Cycle 04.pst
Logic	pst	Classic Cycle 05	/Library/Application Support/Logic/Plug-In Settings/Arpeggiator/Classic Cycle 05.pst
Logic	pst	Classic Cycle 06	/Library/Application Support/Logic/Plug-In Settings/Arpeggiator/Classic Cycle 06.pst
Logic	pst	Classic Groove 01	/Library/Application Support/Logic/Plug-In Settings/Arpeggiator/Classic Groove 01.pst
Logic	pst	Classic Groove 02	/Library/Application Support/Logic/Plug-In Settings/Arpeggiator/Classic Groove 02.pst
Logic	pst	Complex Chord Groove 01	/Library/Application Support/Logic/Plug-In Settings/Arpeggiator/Complex Chord Groove 01.pst
Logic	pst	Complex Chord Groove 02	/Library/Application Support/Logic/Plug-In Settings/Arpeggiator/Complex Chord Groove 02.pst
Logic	pst	Complex Chord Groove 03	/Library/Application Support/Logic/Plug-In Settings/Arpeggiator/Complex Chord Groove 03.pst
Logic	pst	Complex Chord Groove 04	/Library/Application Support/Logic/Plug-In Settings/Arpeggiator/Complex Chord Groove 04.pst
Logic	pst	Complex Chord Groove 05	/Library/Application Support/Logic/Plug-In Settings/Arpeggiator/Complex Chord Groove 05.pst
Logic	pst	Complex Chord Groove 06	/Library/Application Support/Logic/Plug-In Settings/Arpeggiator/Complex Chord Groove 06.pst
Logic	pst	Groovy Cycle 01	/Library/Application Support/Logic/Plug-In Settings/Arpeggiator/Groovy Cycle 01.pst
Logic	pst	Groovy Cycle 02	/Library/Application Support/Logic/Plug-In Settings/Arpeggiator/Groovy Cycle 02.pst
Logic	pst	Groovy Cycle 03	/Library/Application Support/Logic/Plug-In Settings/Arpeggiator/Groovy Cycle 03.pst
Logic	pst	Groovy Cycle 04	/Library/Application Support/Logic/Plug-In Settings/Arpeggiator/Groovy Cycle 04.pst
Logic	pst	Groovy Cycle 05	/Library/Application Support/Logic/Plug-In Settings/Arpeggiator/Groovy Cycle 05.pst
Logic	pst	Groovy Cycle 06	/Library/Application Support/Logic/Plug-In Settings/Arpeggiator/Groovy Cycle 06.pst
Logic	pst	Simple Chord Groove 01	/Library/Application Support/Logic/Plug-In Settings/Arpeggiator/Simple Chord Groove 01.pst
Logic	pst	Simple Chord Groove 02	/Library/Application Support/Logic/Plug-In Settings/Arpeggiator/Simple Chord Groove 02.pst
Logic	pst	Simple Chord Groove 03	/Library/Application Support/Logic/Plug-In Settings/Arpeggiator/Simple Chord Groove 03.pst
Logic	pst	Simple Chord Groove 04	/Library/Application Support/Logic/Plug-In Settings/Arpeggiator/Simple Chord Groove 04.pst
Logic	pst	Simple Chord Groove 05	/Library/Application Support/Logic/Plug-In Settings/Arpeggiator/Simple Chord Groove 05.pst
Logic	pst	Simple Chord Groove 06	/Library/Application Support/Logic/Plug-In Settings/Arpeggiator/Simple Chord Groove 06.pst
Logic	pst	Simple Chord Groove 07	/Library/Application Support/Logic/Plug-In Settings/Arpeggiator/Simple Chord Groove 07.pst
Logic	pst	Simple Chord Groove 08	/Library/Application Support/Logic/Plug-In Settings/Arpeggiator/Simple Chord Groove 08.pst
Logic	pst	Twelve Beats Cycle 01	/Library/Application Support/Logic/Plug-In Settings/Arpeggiator/Twelve Beats Cycle 01.pst
Logic	pst	Twelve Beats Cycle 02	/Library/Application Support/Logic/Plug-In Settings/Arpeggiator/Twelve Beats Cycle 02.pst
Logic	pst	#default	/Library/Application Support/Logic/Plug-In Settings/AutoFilter/#default.pst
Logic	pst	Always Rising Filter	/Library/Application Support/Logic/Plug-In Settings/AutoFilter/Always Rising Filter.pst
Logic	pst	Constant Rise Four Bars	/Library/Application Support/Logic/Plug-In Settings/AutoFilter/Constant Rise Four Bars.pst
Logic	pst	Crunch Modulator	/Library/Application Support/Logic/Plug-In Settings/AutoFilter/Crunch Modulator.pst
Logic	pst	Dirty Filter	/Library/Application Support/Logic/Plug-In Settings/AutoFilter/Dirty Filter.pst
Logic	pst	Envelope Modulation	/Library/Application Support/Logic/Plug-In Settings/AutoFilter/Envelope Modulation.pst
Logic	pst	Frequency Monster	/Library/Application Support/Logic/Plug-In Settings/AutoFilter/Frequency Monster.pst
Logic	pst	Hard Envelope High Pass	/Library/Application Support/Logic/Plug-In Settings/AutoFilter/Hard Envelope High Pass.pst
Logic	pst	Laser-Filter War	/Library/Application Support/Logic/Plug-In Settings/AutoFilter/Laser-Filter War.pst
Logic	pst	Moving Band Pass	/Library/Application Support/Logic/Plug-In Settings/AutoFilter/Moving Band Pass.pst
Logic	pst	Panning Band Pass	/Library/Application Support/Logic/Plug-In Settings/AutoFilter/Panning Band Pass.pst
Logic	pst	Pulse Gate Sync Filter	/Library/Application Support/Logic/Plug-In Settings/AutoFilter/Pulse Gate Sync Filter.pst
Logic	pst	Pulsing Band Pass	/Library/Application Support/Logic/Plug-In Settings/AutoFilter/Pulsing Band Pass.pst
Logic	pst	Resonant High Pass	/Library/Application Support/Logic/Plug-In Settings/AutoFilter/Resonant High Pass.pst
Logic	pst	Rhythmic Mod	/Library/Application Support/Logic/Plug-In Settings/AutoFilter/Rhythmic Mod.pst
Logic	pst	Rising High Pass	/Library/Application Support/Logic/Plug-In Settings/AutoFilter/Rising High Pass.pst
Logic	pst	Stereo High Pass	/Library/Application Support/Logic/Plug-In Settings/AutoFilter/Stereo High Pass.pst
Logic	pst	Stereo Rhythm	/Library/Application Support/Logic/Plug-In Settings/AutoFilter/Stereo Rhythm.pst
Logic	pst	Stereo Wide Panner	/Library/Application Support/Logic/Plug-In Settings/AutoFilter/Stereo Wide Panner.pst
Logic	pst	Sweeping Band Pass	/Library/Application Support/Logic/Plug-In Settings/AutoFilter/Sweeping Band Pass.pst
Logic	pst	Sweeping High Pass	/Library/Application Support/Logic/Plug-In Settings/AutoFilter/Sweeping High Pass.pst
Logic	pst	Sync Stereo Sweep	/Library/Application Support/Logic/Plug-In Settings/AutoFilter/Sync Stereo Sweep.pst
Logic	pst	Trapping Band Pass	/Library/Application Support/Logic/Plug-In Settings/AutoFilter/Trapping Band Pass.pst
Logic	pst	Volume Gate Filter	/Library/Application Support/Logic/Plug-In Settings/AutoFilter/Volume Gate Filter.pst
Logic	pst	Wah-Wah Filter	/Library/Application Support/Logic/Plug-In Settings/AutoFilter/Wah-Wah Filter.pst
Logic	pst	Wah-Wah Reactor	/Library/Application Support/Logic/Plug-In Settings/AutoFilter/Wah-Wah Reactor.pst
Logic	pst	#default	/Library/Application Support/Logic/Plug-In Settings/Bass Amp Designer/#default.pst
Logic	pst	60's Combo	/Library/Application Support/Logic/Plug-In Settings/Bass Amp Designer/60's Combo.pst
Logic	pst	70's Solid	/Library/Application Support/Logic/Plug-In Settings/Bass Amp Designer/70's Solid.pst
Logic	pst	Amp Egg	/Library/Application Support/Logic/Plug-In Settings/Bass Amp Designer/Amp Egg.pst
Logic	pst	Big Stack	/Library/Application Support/Logic/Plug-In Settings/Bass Amp Designer/Big Stack.pst
Logic	pst	Bright and Crunchy	/Library/Application Support/Logic/Plug-In Settings/Bass Amp Designer/Bright and Crunchy.pst
Logic	pst	Classic Comp	/Library/Application Support/Logic/Plug-In Settings/Bass Amp Designer/Classic Comp.pst
Logic	pst	Classic Stack	/Library/Application Support/Logic/Plug-In Settings/Bass Amp Designer/Classic Stack.pst
Logic	pst	Clean DI	/Library/Application Support/Logic/Plug-In Settings/Bass Amp Designer/Clean DI.pst
Logic	pst	Clean Flip	/Library/Application Support/Logic/Plug-In Settings/Bass Amp Designer/Clean Flip.pst
Logic	pst	Crunch Cab	/Library/Application Support/Logic/Plug-In Settings/Bass Amp Designer/Crunch Cab.pst
Logic	pst	DI and Crunch	/Library/Application Support/Logic/Plug-In Settings/Bass Amp Designer/DI and Crunch.pst
Logic	pst	Deep	/Library/Application Support/Logic/Plug-In Settings/Bass Amp Designer/Deep.pst
Logic	pst	Edgy	/Library/Application Support/Logic/Plug-In Settings/Bass Amp Designer/Edgy.pst
Logic	pst	Fat Squasher	/Library/Application Support/Logic/Plug-In Settings/Bass Amp Designer/Fat Squasher.pst
Logic	pst	Flabba	/Library/Application Support/Logic/Plug-In Settings/Bass Amp Designer/Flabba.pst
Logic	pst	Funkulator	/Library/Application Support/Logic/Plug-In Settings/Bass Amp Designer/Funkulator.pst
Logic	pst	Generation	/Library/Application Support/Logic/Plug-In Settings/Bass Amp Designer/Generation.pst
Logic	pst	Golden Fingers	/Library/Application Support/Logic/Plug-In Settings/Bass Amp Designer/Golden Fingers.pst
Logic	pst	Growler	/Library/Application Support/Logic/Plug-In Settings/Bass Amp Designer/Growler.pst
Logic	pst	Heavy Bottom	/Library/Application Support/Logic/Plug-In Settings/Bass Amp Designer/Heavy Bottom.pst
Logic	pst	Hi-Fi DI	/Library/Application Support/Logic/Plug-In Settings/Bass Amp Designer/Hi-Fi DI.pst
Logic	pst	How Low	/Library/Application Support/Logic/Plug-In Settings/Bass Amp Designer/How Low.pst
Logic	pst	Little Helper	/Library/Application Support/Logic/Plug-In Settings/Bass Amp Designer/Little Helper.pst
Logic	pst	Main Squeeze	/Library/Application Support/Logic/Plug-In Settings/Bass Amp Designer/Main Squeeze.pst
Logic	pst	Modern Dynamic	/Library/Application Support/Logic/Plug-In Settings/Bass Amp Designer/Modern Dynamic.pst
Logic	pst	Modern Stack	/Library/Application Support/Logic/Plug-In Settings/Bass Amp Designer/Modern Stack.pst
Logic	pst	Muted	/Library/Application Support/Logic/Plug-In Settings/Bass Amp Designer/Muted.pst
Logic	pst	Nice Definition	/Library/Application Support/Logic/Plug-In Settings/Bass Amp Designer/Nice Definition.pst
Logic	pst	Pick Brightener	/Library/Application Support/Logic/Plug-In Settings/Bass Amp Designer/Pick Brightener.pst
Logic	pst	Punchy	/Library/Application Support/Logic/Plug-In Settings/Bass Amp Designer/Punchy.pst
Logic	pst	Razor Bass	/Library/Application Support/Logic/Plug-In Settings/Bass Amp Designer/Razor Bass.pst
Logic	pst	Rehearsal Room	/Library/Application Support/Logic/Plug-In Settings/Bass Amp Designer/Rehearsal Room.pst
Logic	pst	Scoop It	/Library/Application Support/Logic/Plug-In Settings/Bass Amp Designer/Scoop It.pst
Logic	pst	Silver Hammer	/Library/Application Support/Logic/Plug-In Settings/Bass Amp Designer/Silver Hammer.pst
Logic	pst	Sub Station	/Library/Application Support/Logic/Plug-In Settings/Bass Amp Designer/Sub Station.pst
Logic	pst	Tone Sculpter	/Library/Application Support/Logic/Plug-In Settings/Bass Amp Designer/Tone Sculpter.pst
Logic	pst	Top Rat	/Library/Application Support/Logic/Plug-In Settings/Bass Amp Designer/Top Rat.pst
Logic	pst	Top and Bottom	/Library/Application Support/Logic/Plug-In Settings/Bass Amp Designer/Top and Bottom.pst
Logic	pst	Trashy Crunch	/Library/Application Support/Logic/Plug-In Settings/Bass Amp Designer/Trashy Crunch.pst
Logic	pst	Vibe Bass	/Library/Application Support/Logic/Plug-In Settings/Bass Amp Designer/Vibe Bass.pst
Logic	pst	Warm	/Library/Application Support/Logic/Plug-In Settings/Bass Amp Designer/Warm.pst
Logic	pst	#default	/Library/Application Support/Logic/Plug-In Settings/Bitcrusher/#default.pst
Logic	pst	16 Bit 10 X	/Library/Application Support/Logic/Plug-In Settings/Bitcrusher/16 Bit 10 X.pst
Logic	pst	16 Bit Downshift	/Library/Application Support/Logic/Plug-In Settings/Bitcrusher/16 Bit Downshift.pst
Logic	pst	4 Bit Classic	/Library/Application Support/Logic/Plug-In Settings/Bitcrusher/4 Bit Classic.pst
Logic	pst	8-Bit Classic	/Library/Application Support/Logic/Plug-In Settings/Bitcrusher/8-Bit Classic.pst
Logic	pst	8-Bit Downshift	/Library/Application Support/Logic/Plug-In Settings/Bitcrusher/8-Bit Downshift.pst
Logic	pst	AM Radio	/Library/Application Support/Logic/Plug-In Settings/Bitcrusher/AM Radio.pst
Logic	pst	Chipped Bits	/Library/Application Support/Logic/Plug-In Settings/Bitcrusher/Chipped Bits.pst
Logic	pst	Rough Crunch	/Library/Application Support/Logic/Plug-In Settings/Bitcrusher/Rough Crunch.pst
Logic	pst	#default	/Library/Application Support/Logic/Plug-In Settings/Channel EQ/#default.pst
Logic	pst	Brighten Hi Hat	/Library/Application Support/Logic/Plug-In Settings/Channel EQ/01 Drums/Brighten Hi Hat.pst
Logic	pst	Brighten Overheads	/Library/Application Support/Logic/Plug-In Settings/Channel EQ/01 Drums/Brighten Overheads.pst
Logic	pst	Clean Up Kick	/Library/Application Support/Logic/Plug-In Settings/Channel EQ/01 Drums/Clean Up Kick.pst
Logic	pst	Clean Up Snare	/Library/Application Support/Logic/Plug-In Settings/Channel EQ/01 Drums/Clean Up Snare.pst
Logic	pst	Cymbal EQ	/Library/Application Support/Logic/Plug-In Settings/Channel EQ/01 Drums/Cymbal EQ.pst
Logic	pst	Floor Tom EQ	/Library/Application Support/Logic/Plug-In Settings/Channel EQ/01 Drums/Floor Tom EQ.pst
Logic	pst	HiFi Drums	/Library/Application Support/Logic/Plug-In Settings/Channel EQ/01 Drums/HiFi Drums.pst
Logic	pst	Low End Kick	/Library/Application Support/Logic/Plug-In Settings/Channel EQ/01 Drums/Low End Kick.pst
Logic	pst	Modern Kick	/Library/Application Support/Logic/Plug-In Settings/Channel EQ/01 Drums/Modern Kick.pst
Logic	pst	Natural Snare	/Library/Application Support/Logic/Plug-In Settings/Channel EQ/01 Drums/Natural Snare.pst
Logic	pst	Overhead Mic EQ	/Library/Application Support/Logic/Plug-In Settings/Channel EQ/01 Drums/Overhead Mic EQ.pst
Logic	pst	Punchy Kick	/Library/Application Support/Logic/Plug-In Settings/Channel EQ/01 Drums/Punchy Kick.pst
Logic	pst	Refresh Drums	/Library/Application Support/Logic/Plug-In Settings/Channel EQ/01 Drums/Refresh Drums.pst
Logic	pst	Refresh Kick	/Library/Application Support/Logic/Plug-In Settings/Channel EQ/01 Drums/Refresh Kick.pst
Logic	pst	Refresh Snare	/Library/Application Support/Logic/Plug-In Settings/Channel EQ/01 Drums/Refresh Snare.pst
Logic	pst	Rim Snare	/Library/Application Support/Logic/Plug-In Settings/Channel EQ/01 Drums/Rim Snare.pst
Logic	pst	Ringing Snare	/Library/Application Support/Logic/Plug-In Settings/Channel EQ/01 Drums/Ringing Snare.pst
Logic	pst	Rock Kick Drum	/Library/Application Support/Logic/Plug-In Settings/Channel EQ/01 Drums/Rock Kick Drum.pst
Logic	pst	Rock Snare Drum	/Library/Application Support/Logic/Plug-In Settings/Channel EQ/01 Drums/Rock Snare Drum.pst
Logic	pst	Room Microphones	/Library/Application Support/Logic/Plug-In Settings/Channel EQ/01 Drums/Room Microphones.pst
Logic	pst	Standard Hi Hat  EQ	/Library/Application Support/Logic/Plug-In Settings/Channel EQ/01 Drums/Standard Hi Hat  EQ.pst
Logic	pst	Standard Kick EQ	/Library/Application Support/Logic/Plug-In Settings/Channel EQ/01 Drums/Standard Kick EQ.pst
Logic	pst	Standard Snare EQ	/Library/Application Support/Logic/Plug-In Settings/Channel EQ/01 Drums/Standard Snare EQ.pst
Logic	pst	Tom EQ Floor	/Library/Application Support/Logic/Plug-In Settings/Channel EQ/01 Drums/Tom EQ Floor.pst
Logic	pst	Tom EQ High	/Library/Application Support/Logic/Plug-In Settings/Channel EQ/01 Drums/Tom EQ High.pst
Logic	pst	Tom EQ Medium	/Library/Application Support/Logic/Plug-In Settings/Channel EQ/01 Drums/Tom EQ Medium.pst
Logic	pst	Tom EQ	/Library/Application Support/Logic/Plug-In Settings/Channel EQ/01 Drums/Tom EQ.pst
Logic	pst	Vintage Drums	/Library/Application Support/Logic/Plug-In Settings/Channel EQ/01 Drums/Vintage Drums.pst
Logic	pst	Vintage Hi Hat	/Library/Application Support/Logic/Plug-In Settings/Channel EQ/01 Drums/Vintage Hi Hat.pst
Logic	pst	Clean Up Organ	/Library/Application Support/Logic/Plug-In Settings/Channel EQ/02 Keyboards/Clean Up Organ.pst
Logic	pst	Grand Piano EQ 01	/Library/Application Support/Logic/Plug-In Settings/Channel EQ/02 Keyboards/Grand Piano EQ 01.pst
Logic	pst	Grand Piano EQ 02	/Library/Application Support/Logic/Plug-In Settings/Channel EQ/02 Keyboards/Grand Piano EQ 02.pst
Logic	pst	Grand Piano EQ 03	/Library/Application Support/Logic/Plug-In Settings/Channel EQ/02 Keyboards/Grand Piano EQ 03.pst
Logic	pst	Grand Piano	/Library/Application Support/Logic/Plug-In Settings/Channel EQ/02 Keyboards/Grand Piano.pst
Logic	pst	Gritty Piano	/Library/Application Support/Logic/Plug-In Settings/Channel EQ/02 Keyboards/Gritty Piano.pst
Logic	pst	Organ EQ	/Library/Application Support/Logic/Plug-In Settings/Channel EQ/02 Keyboards/Organ EQ.pst
Logic	pst	Pad Warmer	/Library/Application Support/Logic/Plug-In Settings/Channel EQ/02 Keyboards/Pad Warmer.pst
Logic	pst	Piano Bright	/Library/Application Support/Logic/Plug-In Settings/Channel EQ/02 Keyboards/Piano Bright.pst
Logic	pst	Piano High	/Library/Application Support/Logic/Plug-In Settings/Channel EQ/02 Keyboards/Piano High.pst
Logic	pst	Piano Low	/Library/Application Support/Logic/Plug-In Settings/Channel EQ/02 Keyboards/Piano Low.pst
Logic	pst	Piano	/Library/Application Support/Logic/Plug-In Settings/Channel EQ/02 Keyboards/Piano.pst
Logic	pst	Refresh Rhodes	/Library/Application Support/Logic/Plug-In Settings/Channel EQ/02 Keyboards/Refresh Rhodes.pst
Logic	pst	Synth Brighten	/Library/Application Support/Logic/Plug-In Settings/Channel EQ/02 Keyboards/Synth Brighten.pst
Logic	pst	Synth Lead Presence	/Library/Application Support/Logic/Plug-In Settings/Channel EQ/02 Keyboards/Synth Lead Presence.pst
Logic	pst	Synth Lead	/Library/Application Support/Logic/Plug-In Settings/Channel EQ/02 Keyboards/Synth Lead.pst
Logic	pst	Synth Sub Bass Enhancer	/Library/Application Support/Logic/Plug-In Settings/Channel EQ/02 Keyboards/Synth Sub Bass Enhancer.pst
Logic	pst	Vintage Keys	/Library/Application Support/Logic/Plug-In Settings/Channel EQ/02 Keyboards/Vintage Keys.pst
Logic	pst	Warm Piano	/Library/Application Support/Logic/Plug-In Settings/Channel EQ/02 Keyboards/Warm Piano.pst
Logic	pst	Acoustic Guitar Bright	/Library/Application Support/Logic/Plug-In Settings/Channel EQ/03 Guitar/Acoustic Guitar Bright.pst
Logic	pst	Acoustic Guitar Improve 01	/Library/Application Support/Logic/Plug-In Settings/Channel EQ/03 Guitar/Acoustic Guitar Improve 01.pst
Logic	pst	Acoustic Guitar Improve 02	/Library/Application Support/Logic/Plug-In Settings/Channel EQ/03 Guitar/Acoustic Guitar Improve 02.pst
Logic	pst	Acoustic Guitar	/Library/Application Support/Logic/Plug-In Settings/Channel EQ/03 Guitar/Acoustic Guitar.pst
Logic	pst	Acoustic Rhythm Guitar	/Library/Application Support/Logic/Plug-In Settings/Channel EQ/03 Guitar/Acoustic Rhythm Guitar.pst
Logic	pst	Bass Boost EQ	/Library/Application Support/Logic/Plug-In Settings/Channel EQ/03 Guitar/Bass Boost EQ.pst
Logic	pst	Classic Guitar Improve	/Library/Application Support/Logic/Plug-In Settings/Channel EQ/03 Guitar/Classic Guitar Improve.pst
Logic	pst	Clean Up Guitar	/Library/Application Support/Logic/Plug-In Settings/Channel EQ/03 Guitar/Clean Up Guitar.pst
Logic	pst	E-Bass EQ	/Library/Application Support/Logic/Plug-In Settings/Channel EQ/03 Guitar/E-Bass EQ.pst
Logic	pst	Electric Funk Guitar	/Library/Application Support/Logic/Plug-In Settings/Channel EQ/03 Guitar/Electric Funk Guitar.pst
Logic	pst	Electric Jazz Bass	/Library/Application Support/Logic/Plug-In Settings/Channel EQ/03 Guitar/Electric Jazz Bass.pst
Logic	pst	Guitar Sweetener	/Library/Application Support/Logic/Plug-In Settings/Channel EQ/03 Guitar/Guitar Sweetener.pst
Logic	pst	Jazz Bass	/Library/Application Support/Logic/Plug-In Settings/Channel EQ/03 Guitar/Jazz Bass.pst
Logic	pst	Low Focus Guitar	/Library/Application Support/Logic/Plug-In Settings/Channel EQ/03 Guitar/Low Focus Guitar.pst
Logic	pst	Picked Electric Guitar	/Library/Application Support/Logic/Plug-In Settings/Channel EQ/03 Guitar/Picked Electric Guitar.pst
Logic	pst	Push and Pull Guitar	/Library/Application Support/Logic/Plug-In Settings/Channel EQ/03 Guitar/Push and Pull Guitar.pst
Logic	pst	Slapped Bass EQ	/Library/Application Support/Logic/Plug-In Settings/Channel EQ/03 Guitar/Slapped Bass EQ.pst
Logic	pst	Ultra Bright Guitar	/Library/Application Support/Logic/Plug-In Settings/Channel EQ/03 Guitar/Ultra Bright Guitar.pst
Logic	pst	Upright Bass Standard EQ	/Library/Application Support/Logic/Plug-In Settings/Channel EQ/03 Guitar/Upright Bass Standard EQ.pst
Logic	pst	Alto Sax	/Library/Application Support/Logic/Plug-In Settings/Channel EQ/04 Horns/Alto Sax.pst
Logic	pst	Baritone Sax EQ	/Library/Application Support/Logic/Plug-In Settings/Channel EQ/04 Horns/Baritone Sax EQ.pst
Logic	pst	Baritone Sax	/Library/Application Support/Logic/Plug-In Settings/Channel EQ/04 Horns/Baritone Sax.pst
Logic	pst	Horn Section	/Library/Application Support/Logic/Plug-In Settings/Channel EQ/04 Horns/Horn Section.pst
Logic	pst	Muted Trumpet EQ	/Library/Application Support/Logic/Plug-In Settings/Channel EQ/04 Horns/Muted Trumpet EQ.pst
Logic	pst	Pop Trumpet	/Library/Application Support/Logic/Plug-In Settings/Channel EQ/04 Horns/Pop Trumpet.pst
Logic	pst	Sax Section	/Library/Application Support/Logic/Plug-In Settings/Channel EQ/04 Horns/Sax Section.pst
Logic	pst	Saxophone EQ	/Library/Application Support/Logic/Plug-In Settings/Channel EQ/04 Horns/Saxophone EQ.pst
Logic	pst	Soprano Sax	/Library/Application Support/Logic/Plug-In Settings/Channel EQ/04 Horns/Soprano Sax.pst
Logic	pst	Tenor Sax	/Library/Application Support/Logic/Plug-In Settings/Channel EQ/04 Horns/Tenor Sax.pst
Logic	pst	Tenor	/Library/Application Support/Logic/Plug-In Settings/Channel EQ/04 Horns/Tenor.pst
Logic	pst	Trombone	/Library/Application Support/Logic/Plug-In Settings/Channel EQ/04 Horns/Trombone.pst
Logic	pst	Trumpet EQ	/Library/Application Support/Logic/Plug-In Settings/Channel EQ/04 Horns/Trumpet EQ.pst
Logic	pst	Trumpet	/Library/Application Support/Logic/Plug-In Settings/Channel EQ/04 Horns/Trumpet.pst
Logic	pst	Tuba	/Library/Application Support/Logic/Plug-In Settings/Channel EQ/04 Horns/Tuba.pst
Logic	pst	Backing Vocals	/Library/Application Support/Logic/Plug-In Settings/Channel EQ/05 Voice/Backing Vocals.pst
Logic	pst	Brassy Vocal	/Library/Application Support/Logic/Plug-In Settings/Channel EQ/05 Voice/Brassy Vocal.pst
Logic	pst	Bright Vocal	/Library/Application Support/Logic/Plug-In Settings/Channel EQ/05 Voice/Bright Vocal.pst
Logic	pst	Choir EQ	/Library/Application Support/Logic/Plug-In Settings/Channel EQ/05 Voice/Choir EQ.pst
Logic	pst	Choir Overhead Mics	/Library/Application Support/Logic/Plug-In Settings/Channel EQ/05 Voice/Choir Overhead Mics.pst
Logic	pst	Classic Vocal	/Library/Application Support/Logic/Plug-In Settings/Channel EQ/05 Voice/Classic Vocal.pst
Logic	pst	Clear Vocals	/Library/Application Support/Logic/Plug-In Settings/Channel EQ/05 Voice/Clear Vocals.pst
Logic	pst	Compressed Vocal	/Library/Application Support/Logic/Plug-In Settings/Channel EQ/05 Voice/Compressed Vocal.pst
Logic	pst	Edge Vocal	/Library/Application Support/Logic/Plug-In Settings/Channel EQ/05 Voice/Edge Vocal.pst
Logic	pst	Female Vocal Refresh	/Library/Application Support/Logic/Plug-In Settings/Channel EQ/05 Voice/Female Vocal Refresh.pst
Logic	pst	Female Vox 01	/Library/Application Support/Logic/Plug-In Settings/Channel EQ/05 Voice/Female Vox 01.pst
Logic	pst	Female Vox 02	/Library/Application Support/Logic/Plug-In Settings/Channel EQ/05 Voice/Female Vox 02.pst
Logic	pst	Fuzz Vocal	/Library/Application Support/Logic/Plug-In Settings/Channel EQ/05 Voice/Fuzz Vocal.pst
Logic	pst	Male Lead Vocal	/Library/Application Support/Logic/Plug-In Settings/Channel EQ/05 Voice/Male Lead Vocal.pst
Logic	pst	Male Vocal Refresh	/Library/Application Support/Logic/Plug-In Settings/Channel EQ/05 Voice/Male Vocal Refresh.pst
Logic	pst	Male Vox 01	/Library/Application Support/Logic/Plug-In Settings/Channel EQ/05 Voice/Male Vox 01.pst
Logic	pst	Male Vox 02	/Library/Application Support/Logic/Plug-In Settings/Channel EQ/05 Voice/Male Vox 02.pst
Logic	pst	Natural Vocal	/Library/Application Support/Logic/Plug-In Settings/Channel EQ/05 Voice/Natural Vocal.pst
Logic	pst	Pop Vocal	/Library/Application Support/Logic/Plug-In Settings/Channel EQ/05 Voice/Pop Vocal.pst
Logic	pst	Slammed Vocal	/Library/Application Support/Logic/Plug-In Settings/Channel EQ/05 Voice/Slammed Vocal.pst
Logic	pst	Soften Background Vocals	/Library/Application Support/Logic/Plug-In Settings/Channel EQ/05 Voice/Soften Background Vocals.pst
Logic	pst	Soften Lead Vocals	/Library/Application Support/Logic/Plug-In Settings/Channel EQ/05 Voice/Soften Lead Vocals.pst
Logic	pst	Speaking Voice Improve	/Library/Application Support/Logic/Plug-In Settings/Channel EQ/05 Voice/Speaking Voice Improve.pst
Logic	pst	Vintage Vocal	/Library/Application Support/Logic/Plug-In Settings/Channel EQ/05 Voice/Vintage Vocal.pst
Logic	pst	Vocal Presence	/Library/Application Support/Logic/Plug-In Settings/Channel EQ/05 Voice/Vocal Presence.pst
Logic	pst	Voice-Over EQ	/Library/Application Support/Logic/Plug-In Settings/Channel EQ/05 Voice/Voice-Over EQ.pst
Logic	pst	Warm Vocal	/Library/Application Support/Logic/Plug-In Settings/Channel EQ/05 Voice/Warm Vocal.pst
Logic	pst	Dance Music Type EQ	/Library/Application Support/Logic/Plug-In Settings/Channel EQ/06 Mastering/Dance Music Type EQ.pst
Logic	pst	Final Mix - Ballad	/Library/Application Support/Logic/Plug-In Settings/Channel EQ/06 Mastering/Final Mix - Ballad.pst
Logic	pst	Final Mix - Dance	/Library/Application Support/Logic/Plug-In Settings/Channel EQ/06 Mastering/Final Mix - Dance.pst
Logic	pst	Final Mix - Hip Hop	/Library/Application Support/Logic/Plug-In Settings/Channel EQ/06 Mastering/Final Mix - Hip Hop.pst
Logic	pst	Final Mix - Pop	/Library/Application Support/Logic/Plug-In Settings/Channel EQ/06 Mastering/Final Mix - Pop.pst
Logic	pst	Final Mix - Rock	/Library/Application Support/Logic/Plug-In Settings/Channel EQ/06 Mastering/Final Mix - Rock.pst
Logic	pst	Add Brightness	/Library/Application Support/Logic/Plug-In Settings/Channel EQ/07 EQ Tools/Add Brightness.pst
Logic	pst	Add Presence to Thin Sounds	/Library/Application Support/Logic/Plug-In Settings/Channel EQ/07 EQ Tools/Add Presence to Thin Sounds.pst
Logic	pst	Bass Boost	/Library/Application Support/Logic/Plug-In Settings/Channel EQ/07 EQ Tools/Bass Boost.pst
Logic	pst	Bass Improve 01	/Library/Application Support/Logic/Plug-In Settings/Channel EQ/07 EQ Tools/Bass Improve 01.pst
Logic	pst	Bass Improve 02	/Library/Application Support/Logic/Plug-In Settings/Channel EQ/07 EQ Tools/Bass Improve 02.pst
Logic	pst	Bass Improve 03	/Library/Application Support/Logic/Plug-In Settings/Channel EQ/07 EQ Tools/Bass Improve 03.pst
Logic	pst	Boom Box	/Library/Application Support/Logic/Plug-In Settings/Channel EQ/07 EQ Tools/Boom Box.pst
Logic	pst	Hi Cut 20kHz	/Library/Application Support/Logic/Plug-In Settings/Channel EQ/07 EQ Tools/Hi Cut 20kHz.pst
Logic	pst	Hi-Fi Boost	/Library/Application Support/Logic/Plug-In Settings/Channel EQ/07 EQ Tools/Hi-Fi Boost.pst
Logic	pst	Hi-Fi EQ	/Library/Application Support/Logic/Plug-In Settings/Channel EQ/07 EQ Tools/Hi-Fi EQ.pst
Logic	pst	Hum Killer	/Library/Application Support/Logic/Plug-In Settings/Channel EQ/07 EQ Tools/Hum Killer.pst
Logic	pst	Improve Thin Sounds	/Library/Application Support/Logic/Plug-In Settings/Channel EQ/07 EQ Tools/Improve Thin Sounds.pst
Logic	pst	Increase Attack	/Library/Application Support/Logic/Plug-In Settings/Channel EQ/07 EQ Tools/Increase Attack.pst
Logic	pst	Kill Hum	/Library/Application Support/Logic/Plug-In Settings/Channel EQ/07 EQ Tools/Kill Hum.pst
Logic	pst	Loudness EQ	/Library/Application Support/Logic/Plug-In Settings/Channel EQ/07 EQ Tools/Loudness EQ.pst
Logic	pst	Low Cut 30Hz	/Library/Application Support/Logic/Plug-In Settings/Channel EQ/07 EQ Tools/Low Cut 30Hz.pst
Logic	pst	Low Cut 50Hz	/Library/Application Support/Logic/Plug-In Settings/Channel EQ/07 EQ Tools/Low Cut 50Hz.pst
Logic	pst	Low Cut 60Hz	/Library/Application Support/Logic/Plug-In Settings/Channel EQ/07 EQ Tools/Low Cut 60Hz.pst
Logic	pst	Low Cut	/Library/Application Support/Logic/Plug-In Settings/Channel EQ/07 EQ Tools/Low Cut.pst
Logic	pst	Make Darker	/Library/Application Support/Logic/Plug-In Settings/Channel EQ/07 EQ Tools/Make Darker.pst
Logic	pst	Make Warmer	/Library/Application Support/Logic/Plug-In Settings/Channel EQ/07 EQ Tools/Make Warmer.pst
Logic	pst	Megaphone EQ	/Library/Application Support/Logic/Plug-In Settings/Channel EQ/07 EQ Tools/Megaphone EQ.pst
Logic	pst	Megaphone	/Library/Application Support/Logic/Plug-In Settings/Channel EQ/07 EQ Tools/Megaphone.pst
Logic	pst	Phone Filter Notch	/Library/Application Support/Logic/Plug-In Settings/Channel EQ/07 EQ Tools/Phone Filter Notch.pst
Logic	pst	Phone Filter Wide Band	/Library/Application Support/Logic/Plug-In Settings/Channel EQ/07 EQ Tools/Phone Filter Wide Band.pst
Logic	pst	Presence +12dB	/Library/Application Support/Logic/Plug-In Settings/Channel EQ/07 EQ Tools/Presence +12dB.pst
Logic	pst	Presence +6dB	/Library/Application Support/Logic/Plug-In Settings/Channel EQ/07 EQ Tools/Presence +6dB.pst
Logic	pst	Reduce Bass Boom	/Library/Application Support/Logic/Plug-In Settings/Channel EQ/07 EQ Tools/Reduce Bass Boom.pst
Logic	pst	Reduce Mids	/Library/Application Support/Logic/Plug-In Settings/Channel EQ/07 EQ Tools/Reduce Mids.pst
Logic	pst	Reduce Sharpness	/Library/Application Support/Logic/Plug-In Settings/Channel EQ/07 EQ Tools/Reduce Sharpness.pst
Logic	pst	Refresh Dull Recordings	/Library/Application Support/Logic/Plug-In Settings/Channel EQ/07 EQ Tools/Refresh Dull Recordings.pst
Logic	pst	Telephone EQ	/Library/Application Support/Logic/Plug-In Settings/Channel EQ/07 EQ Tools/Telephone EQ.pst
Logic	pst	Vinyl Recording Improver	/Library/Application Support/Logic/Plug-In Settings/Channel EQ/07 EQ Tools/Vinyl Recording Improver.pst
Logic	pst	#default	/Library/Application Support/Logic/Plug-In Settings/Chorus/#default.pst
Logic	pst	Glimmering Chorus	/Library/Application Support/Logic/Plug-In Settings/Chorus/Glimmering Chorus.pst
Logic	pst	Guitar Summer	/Library/Application Support/Logic/Plug-In Settings/Chorus/Guitar Summer.pst
Logic	pst	Mega Wide Chorus	/Library/Application Support/Logic/Plug-In Settings/Chorus/Mega Wide Chorus.pst
Logic	pst	Pad Enchancer	/Library/Application Support/Logic/Plug-In Settings/Chorus/Pad Enchancer.pst
Logic	pst	Slow Chorus	/Library/Application Support/Logic/Plug-In Settings/Chorus/Slow Chorus.pst
Logic	pst	Slow Oscillating Modulation	/Library/Application Support/Logic/Plug-In Settings/Chorus/Slow Oscillating Modulation.pst
Logic	pst	Vocal Backups	/Library/Application Support/Logic/Plug-In Settings/Chorus/Vocal Backups.pst
Logic	pst	#default	/Library/Application Support/Logic/Plug-In Settings/Clip Distortion/#default.pst
Logic	pst	Blues Clipping Guitars	/Library/Application Support/Logic/Plug-In Settings/Clip Distortion/Blues Clipping Guitars.pst
Logic	pst	Blues Drive	/Library/Application Support/Logic/Plug-In Settings/Clip Distortion/Blues Drive.pst
Logic	pst	Boutique Overdrive	/Library/Application Support/Logic/Plug-In Settings/Clip Distortion/Boutique Overdrive.pst
Logic	pst	Bright Distortion	/Library/Application Support/Logic/Plug-In Settings/Clip Distortion/Bright Distortion.pst
Logic	pst	Bright Funky Crunch	/Library/Application Support/Logic/Plug-In Settings/Clip Distortion/Bright Funky Crunch.pst
Logic	pst	British Blues Boost	/Library/Application Support/Logic/Plug-In Settings/Clip Distortion/British Blues Boost.pst
Logic	pst	Clean Boost	/Library/Application Support/Logic/Plug-In Settings/Clip Distortion/Clean Boost.pst
Logic	pst	Clipped Overtones	/Library/Application Support/Logic/Plug-In Settings/Clip Distortion/Clipped Overtones.pst
Logic	pst	Clipping Overdrive	/Library/Application Support/Logic/Plug-In Settings/Clip Distortion/Clipping Overdrive.pst
Logic	pst	Designer Fuzz (Bright)	/Library/Application Support/Logic/Plug-In Settings/Clip Distortion/Designer Fuzz (Bright).pst
Logic	pst	Designer Fuzz (Fat)	/Library/Application Support/Logic/Plug-In Settings/Clip Distortion/Designer Fuzz (Fat).pst
Logic	pst	Electric Fuzz	/Library/Application Support/Logic/Plug-In Settings/Clip Distortion/Electric Fuzz.pst
Logic	pst	Hot Drive	/Library/Application Support/Logic/Plug-In Settings/Clip Distortion/Hot Drive.pst
Logic	pst	Metal Distortion	/Library/Application Support/Logic/Plug-In Settings/Clip Distortion/Metal Distortion.pst
Logic	pst	Midrange Drive	/Library/Application Support/Logic/Plug-In Settings/Clip Distortion/Midrange Drive.pst
Logic	pst	Nu Metal Distortion	/Library/Application Support/Logic/Plug-In Settings/Clip Distortion/Nu Metal Distortion.pst
Logic	pst	Scream Box	/Library/Application Support/Logic/Plug-In Settings/Clip Distortion/Scream Box.pst
Logic	pst	Seventies Stompbox	/Library/Application Support/Logic/Plug-In Settings/Clip Distortion/Seventies Stompbox.pst
Logic	pst	UK Fuzz (Bright)	/Library/Application Support/Logic/Plug-In Settings/Clip Distortion/UK Fuzz (Bright).pst
Logic	pst	UK Fuzz (Fat)	/Library/Application Support/Logic/Plug-In Settings/Clip Distortion/UK Fuzz (Fat).pst
Logic	pst	US Fuzz	/Library/Application Support/Logic/Plug-In Settings/Clip Distortion/US Fuzz.pst
Logic	pst	Warm Clip Distortion	/Library/Application Support/Logic/Plug-In Settings/Clip Distortion/Warm Clip Distortion.pst
Logic	pst	#default	/Library/Application Support/Logic/Plug-In Settings/Compressor/#default.pst
Logic	pst	Classic Drums	/Library/Application Support/Logic/Plug-In Settings/Compressor/01 Drums/Classic Drums.pst
Logic	pst	Drum Mix	/Library/Application Support/Logic/Plug-In Settings/Compressor/01 Drums/Drum Mix.pst
Logic	pst	Drum Room	/Library/Application Support/Logic/Plug-In Settings/Compressor/01 Drums/Drum Room.pst
Logic	pst	FET Live Drums	/Library/Application Support/Logic/Plug-In Settings/Compressor/01 Drums/FET Live Drums.pst
Logic	pst	Opto Drum Kit	/Library/Application Support/Logic/Plug-In Settings/Compressor/01 Drums/Opto Drum Kit.pst
Logic	pst	Opto Toms	/Library/Application Support/Logic/Plug-In Settings/Compressor/01 Drums/Opto Toms.pst
Logic	pst	Rock Kick	/Library/Application Support/Logic/Plug-In Settings/Compressor/01 Drums/Rock Kick.pst
Logic	pst	Rock Overheads	/Library/Application Support/Logic/Plug-In Settings/Compressor/01 Drums/Rock Overheads.pst
Logic	pst	Rock Snare Bottom	/Library/Application Support/Logic/Plug-In Settings/Compressor/01 Drums/Rock Snare Bottom.pst
Logic	pst	Rock Snare Top	/Library/Application Support/Logic/Plug-In Settings/Compressor/01 Drums/Rock Snare Top.pst
Logic	pst	Slammed Kick	/Library/Application Support/Logic/Plug-In Settings/Compressor/01 Drums/Slammed Kick.pst
Logic	pst	Snare Top	/Library/Application Support/Logic/Plug-In Settings/Compressor/01 Drums/Snare Top.pst
Logic	pst	Songwriter Drums	/Library/Application Support/Logic/Plug-In Settings/Compressor/01 Drums/Songwriter Drums.pst
Logic	pst	Tom Comp	/Library/Application Support/Logic/Plug-In Settings/Compressor/01 Drums/Tom Comp.pst
Logic	pst	Toms	/Library/Application Support/Logic/Plug-In Settings/Compressor/01 Drums/Toms.pst
Logic	pst	Type R Kick Drum	/Library/Application Support/Logic/Plug-In Settings/Compressor/01 Drums/Type R Kick Drum.pst
Logic	pst	Type R Tight Drum Kit	/Library/Application Support/Logic/Plug-In Settings/Compressor/01 Drums/Type R Tight Drum Kit.pst
Logic	pst	Type U Tight Kit	/Library/Application Support/Logic/Plug-In Settings/Compressor/01 Drums/Type U Tight Kit.pst
Logic	pst	Type U Toms	/Library/Application Support/Logic/Plug-In Settings/Compressor/01 Drums/Type U Toms.pst
Logic	pst	VCA Snare	/Library/Application Support/Logic/Plug-In Settings/Compressor/01 Drums/VCA Snare.pst
Logic	pst	VCA Soft Kit	/Library/Application Support/Logic/Plug-In Settings/Compressor/01 Drums/VCA Soft Kit.pst
Logic	pst	Vintage Snare	/Library/Application Support/Logic/Plug-In Settings/Compressor/01 Drums/Vintage Snare.pst
Logic	pst	FET Clav	/Library/Application Support/Logic/Plug-In Settings/Compressor/02 Keyboards/FET Clav.pst
Logic	pst	FET Electric Piano	/Library/Application Support/Logic/Plug-In Settings/Compressor/02 Keyboards/FET Electric Piano.pst
Logic	pst	FET Keyboards	/Library/Application Support/Logic/Plug-In Settings/Compressor/02 Keyboards/FET Keyboards.pst
Logic	pst	Light Bass Comp	/Library/Application Support/Logic/Plug-In Settings/Compressor/02 Keyboards/Light Bass Comp.pst
Logic	pst	Piano	/Library/Application Support/Logic/Plug-In Settings/Compressor/02 Keyboards/Piano.pst
Logic	pst	Pop Piano	/Library/Application Support/Logic/Plug-In Settings/Compressor/02 Keyboards/Pop Piano.pst
Logic	pst	Type R Organ	/Library/Application Support/Logic/Plug-In Settings/Compressor/02 Keyboards/Type R Organ.pst
Logic	pst	Type U Aggressive Piano	/Library/Application Support/Logic/Plug-In Settings/Compressor/02 Keyboards/Type U Aggressive Piano.pst
Logic	pst	Type U Electric Piano	/Library/Application Support/Logic/Plug-In Settings/Compressor/02 Keyboards/Type U Electric Piano.pst
Logic	pst	VCA Organ	/Library/Application Support/Logic/Plug-In Settings/Compressor/02 Keyboards/VCA Organ.pst
Logic	pst	VCA Vocal	/Library/Application Support/Logic/Plug-In Settings/Compressor/02 Keyboards/VCA Vocal.pst
Logic	pst	Acoustic Guitar	/Library/Application Support/Logic/Plug-In Settings/Compressor/03 Guitars/Acoustic Guitar.pst
Logic	pst	Bass Heavy	/Library/Application Support/Logic/Plug-In Settings/Compressor/03 Guitars/Bass Heavy.pst
Logic	pst	Bass Light	/Library/Application Support/Logic/Plug-In Settings/Compressor/03 Guitars/Bass Light.pst
Logic	pst	Bright Guitar	/Library/Application Support/Logic/Plug-In Settings/Compressor/03 Guitars/Bright Guitar.pst
Logic	pst	Classic Guitar	/Library/Application Support/Logic/Plug-In Settings/Compressor/03 Guitars/Classic Guitar.pst
Logic	pst	Crunch Guitar	/Library/Application Support/Logic/Plug-In Settings/Compressor/03 Guitars/Crunch Guitar.pst
Logic	pst	Direct Bass	/Library/Application Support/Logic/Plug-In Settings/Compressor/03 Guitars/Direct Bass.pst
Logic	pst	E Bass	/Library/Application Support/Logic/Plug-In Settings/Compressor/03 Guitars/E Bass.pst
Logic	pst	FET Bass	/Library/Application Support/Logic/Plug-In Settings/Compressor/03 Guitars/FET Bass.pst
Logic	pst	FET Electric Bass	/Library/Application Support/Logic/Plug-In Settings/Compressor/03 Guitars/FET Electric Bass.pst
Logic	pst	Guitar Acoustic	/Library/Application Support/Logic/Plug-In Settings/Compressor/03 Guitars/Guitar Acoustic.pst
Logic	pst	Guitar Electric	/Library/Application Support/Logic/Plug-In Settings/Compressor/03 Guitars/Guitar Electric.pst
Logic	pst	Guitar Heavy	/Library/Application Support/Logic/Plug-In Settings/Compressor/03 Guitars/Guitar Heavy.pst
Logic	pst	Jazz Bass	/Library/Application Support/Logic/Plug-In Settings/Compressor/03 Guitars/Jazz Bass.pst
Logic	pst	Light Bass Comp	/Library/Application Support/Logic/Plug-In Settings/Compressor/03 Guitars/Light Bass Comp.pst
Logic	pst	Live Bass	/Library/Application Support/Logic/Plug-In Settings/Compressor/03 Guitars/Live Bass.pst
Logic	pst	Opto Bass	/Library/Application Support/Logic/Plug-In Settings/Compressor/03 Guitars/Opto Bass.pst
Logic	pst	Platinum Acoustic Guitar 01	/Library/Application Support/Logic/Plug-In Settings/Compressor/03 Guitars/Platinum Acoustic Guitar 01.pst
Logic	pst	Platinum Acoustic Guitar 02	/Library/Application Support/Logic/Plug-In Settings/Compressor/03 Guitars/Platinum Acoustic Guitar 02.pst
Logic	pst	Platinum Bass	/Library/Application Support/Logic/Plug-In Settings/Compressor/03 Guitars/Platinum Bass.pst
Logic	pst	Platinum Guitar Emphasis	/Library/Application Support/Logic/Plug-In Settings/Compressor/03 Guitars/Platinum Guitar Emphasis.pst
Logic	pst	Platinum Pick'n Guitar	/Library/Application Support/Logic/Plug-In Settings/Compressor/03 Guitars/Platinum Pick'n Guitar.pst
Logic	pst	Rock Bass	/Library/Application Support/Logic/Plug-In Settings/Compressor/03 Guitars/Rock Bass.pst
Logic	pst	Type R Bass	/Library/Application Support/Logic/Plug-In Settings/Compressor/03 Guitars/Type R Bass.pst
Logic	pst	Vintage Bass	/Library/Application Support/Logic/Plug-In Settings/Compressor/03 Guitars/Vintage Bass.pst
Logic	pst	Bright Vocal	/Library/Application Support/Logic/Plug-In Settings/Compressor/04 Voice/Bright Vocal.pst
Logic	pst	Classic Rock	/Library/Application Support/Logic/Plug-In Settings/Compressor/04 Voice/Classic Rock.pst
Logic	pst	Classic VCA	/Library/Application Support/Logic/Plug-In Settings/Compressor/04 Voice/Classic VCA.pst
Logic	pst	Classic Vocal	/Library/Application Support/Logic/Plug-In Settings/Compressor/04 Voice/Classic Vocal.pst
Logic	pst	Dance Vocal	/Library/Application Support/Logic/Plug-In Settings/Compressor/04 Voice/Dance Vocal.pst
Logic	pst	Edge Vocal	/Library/Application Support/Logic/Plug-In Settings/Compressor/04 Voice/Edge Vocal.pst
Logic	pst	FET Vocal 01	/Library/Application Support/Logic/Plug-In Settings/Compressor/04 Voice/FET Vocal 01.pst
Logic	pst	FET Vocal 02	/Library/Application Support/Logic/Plug-In Settings/Compressor/04 Voice/FET Vocal 02.pst
Logic	pst	Fuzz Vocal	/Library/Application Support/Logic/Plug-In Settings/Compressor/04 Voice/Fuzz Vocal.pst
Logic	pst	Light Vocal	/Library/Application Support/Logic/Plug-In Settings/Compressor/04 Voice/Light Vocal.pst
Logic	pst	Live Vocal	/Library/Application Support/Logic/Plug-In Settings/Compressor/04 Voice/Live Vocal.pst
Logic	pst	Medium Vocal	/Library/Application Support/Logic/Plug-In Settings/Compressor/04 Voice/Medium Vocal.pst
Logic	pst	Narration Vocal	/Library/Application Support/Logic/Plug-In Settings/Compressor/04 Voice/Narration Vocal.pst
Logic	pst	Natural Vocal	/Library/Application Support/Logic/Plug-In Settings/Compressor/04 Voice/Natural Vocal.pst
Logic	pst	Opto Vocal 01	/Library/Application Support/Logic/Plug-In Settings/Compressor/04 Voice/Opto Vocal 01.pst
Logic	pst	Opto Vocal 02	/Library/Application Support/Logic/Plug-In Settings/Compressor/04 Voice/Opto Vocal 02.pst
Logic	pst	Rap Vocal	/Library/Application Support/Logic/Plug-In Settings/Compressor/04 Voice/Rap Vocal.pst
Logic	pst	Studio Vocal	/Library/Application Support/Logic/Plug-In Settings/Compressor/04 Voice/Studio Vocal.pst
Logic	pst	Tube Vocal	/Library/Application Support/Logic/Plug-In Settings/Compressor/04 Voice/Tube Vocal.pst
Logic	pst	Type R Vocal 01	/Library/Application Support/Logic/Plug-In Settings/Compressor/04 Voice/Type R Vocal 01.pst
Logic	pst	Type R Vocal 02	/Library/Application Support/Logic/Plug-In Settings/Compressor/04 Voice/Type R Vocal 02.pst
Logic	pst	VCA Limiter	/Library/Application Support/Logic/Plug-In Settings/Compressor/04 Voice/VCA Limiter.pst
Logic	pst	VCA Vocal	/Library/Application Support/Logic/Plug-In Settings/Compressor/04 Voice/VCA Vocal.pst
Logic	pst	Vintage Light	/Library/Application Support/Logic/Plug-In Settings/Compressor/04 Voice/Vintage Light.pst
Logic	pst	Vintage Limit	/Library/Application Support/Logic/Plug-In Settings/Compressor/04 Voice/Vintage Limit.pst
Logic	pst	Vintage Medium	/Library/Application Support/Logic/Plug-In Settings/Compressor/04 Voice/Vintage Medium.pst
Logic	pst	Vintage Vocal	/Library/Application Support/Logic/Plug-In Settings/Compressor/04 Voice/Vintage Vocal.pst
Logic	pst	Vocal First	/Library/Application Support/Logic/Plug-In Settings/Compressor/04 Voice/Vocal First.pst
Logic	pst	Vocal Hard	/Library/Application Support/Logic/Plug-In Settings/Compressor/04 Voice/Vocal Hard.pst
Logic	pst	Vocal Limiter	/Library/Application Support/Logic/Plug-In Settings/Compressor/04 Voice/Vocal Limiter.pst
Logic	pst	Vocal Second	/Library/Application Support/Logic/Plug-In Settings/Compressor/04 Voice/Vocal Second.pst
Logic	pst	Vocal Smooth	/Library/Application Support/Logic/Plug-In Settings/Compressor/04 Voice/Vocal Smooth.pst
Logic	pst	Classic Overcrusher	/Library/Application Support/Logic/Plug-In Settings/Compressor/05 Compressor Tools/Classic Overcrusher.pst
Logic	pst	FET Fatten	/Library/Application Support/Logic/Plug-In Settings/Compressor/05 Compressor Tools/FET Fatten.pst
Logic	pst	Opto Overdrive	/Library/Application Support/Logic/Plug-In Settings/Compressor/05 Compressor Tools/Opto Overdrive.pst
Logic	pst	Opto Slow Release	/Library/Application Support/Logic/Plug-In Settings/Compressor/05 Compressor Tools/Opto Slow Release.pst
Logic	pst	Opto Squeezed	/Library/Application Support/Logic/Plug-In Settings/Compressor/05 Compressor Tools/Opto Squeezed.pst
Logic	pst	Opto Tight	/Library/Application Support/Logic/Plug-In Settings/Compressor/05 Compressor Tools/Opto Tight.pst
Logic	pst	Platinum Analog Tape	/Library/Application Support/Logic/Plug-In Settings/Compressor/05 Compressor Tools/Platinum Analog Tape.pst
Logic	pst	Platinum Orchestral	/Library/Application Support/Logic/Plug-In Settings/Compressor/05 Compressor Tools/Platinum Orchestral.pst
Logic	pst	Studio Clipper	/Library/Application Support/Logic/Plug-In Settings/Compressor/05 Compressor Tools/Studio Clipper.pst
Logic	pst	Type R Light	/Library/Application Support/Logic/Plug-In Settings/Compressor/05 Compressor Tools/Type R Light.pst
Logic	pst	Type R Pumping	/Library/Application Support/Logic/Plug-In Settings/Compressor/05 Compressor Tools/Type R Pumping.pst
Logic	pst	Type U Aggressive	/Library/Application Support/Logic/Plug-In Settings/Compressor/05 Compressor Tools/Type U Aggressive.pst
Logic	pst	Type U Fatten	/Library/Application Support/Logic/Plug-In Settings/Compressor/05 Compressor Tools/Type U Fatten.pst
Logic	pst	Type U High Gain	/Library/Application Support/Logic/Plug-In Settings/Compressor/05 Compressor Tools/Type U High Gain.pst
Logic	pst	VCA Slow	/Library/Application Support/Logic/Plug-In Settings/Compressor/05 Compressor Tools/VCA Slow.pst
Logic	pst	VCA Smashed	/Library/Application Support/Logic/Plug-In Settings/Compressor/05 Compressor Tools/VCA Smashed.pst
Logic	pst	VCA Squeezed	/Library/Application Support/Logic/Plug-In Settings/Compressor/05 Compressor Tools/VCA Squeezed.pst
Logic	pst	VCA Tight	/Library/Application Support/Logic/Plug-In Settings/Compressor/05 Compressor Tools/VCA Tight.pst
Logic	pst	Classic Drums	/Library/Application Support/Logic/Plug-In Settings/Compressor/06 Compressor By Type/Classic Drums.pst
Logic	pst	Classic Guitar	/Library/Application Support/Logic/Plug-In Settings/Compressor/06 Compressor By Type/Classic Guitar.pst
Logic	pst	Classic VCA	/Library/Application Support/Logic/Plug-In Settings/Compressor/06 Compressor By Type/Classic VCA.pst
Logic	pst	FET Bass	/Library/Application Support/Logic/Plug-In Settings/Compressor/06 Compressor By Type/FET Bass.pst
Logic	pst	FET Clav	/Library/Application Support/Logic/Plug-In Settings/Compressor/06 Compressor By Type/FET Clav.pst
Logic	pst	FET Electric Bass	/Library/Application Support/Logic/Plug-In Settings/Compressor/06 Compressor By Type/FET Electric Bass.pst
Logic	pst	FET Electric Piano	/Library/Application Support/Logic/Plug-In Settings/Compressor/06 Compressor By Type/FET Electric Piano.pst
Logic	pst	FET Fatten	/Library/Application Support/Logic/Plug-In Settings/Compressor/06 Compressor By Type/FET Fatten.pst
Logic	pst	FET Keyboards	/Library/Application Support/Logic/Plug-In Settings/Compressor/06 Compressor By Type/FET Keyboards.pst
Logic	pst	FET Live Drums	/Library/Application Support/Logic/Plug-In Settings/Compressor/06 Compressor By Type/FET Live Drums.pst
Logic	pst	FET Vocal 01	/Library/Application Support/Logic/Plug-In Settings/Compressor/06 Compressor By Type/FET Vocal 01.pst
Logic	pst	FET Vocal 02	/Library/Application Support/Logic/Plug-In Settings/Compressor/06 Compressor By Type/FET Vocal 02.pst
Logic	pst	Opto Bass	/Library/Application Support/Logic/Plug-In Settings/Compressor/06 Compressor By Type/Opto Bass.pst
Logic	pst	Opto Drum Kit	/Library/Application Support/Logic/Plug-In Settings/Compressor/06 Compressor By Type/Opto Drum Kit.pst
Logic	pst	Opto Slow Release	/Library/Application Support/Logic/Plug-In Settings/Compressor/06 Compressor By Type/Opto Slow Release.pst
Logic	pst	Opto Squeezed	/Library/Application Support/Logic/Plug-In Settings/Compressor/06 Compressor By Type/Opto Squeezed.pst
Logic	pst	Opto Tight	/Library/Application Support/Logic/Plug-In Settings/Compressor/06 Compressor By Type/Opto Tight.pst
Logic	pst	Opto Toms	/Library/Application Support/Logic/Plug-In Settings/Compressor/06 Compressor By Type/Opto Toms.pst
Logic	pst	Opto Vocal 01	/Library/Application Support/Logic/Plug-In Settings/Compressor/06 Compressor By Type/Opto Vocal 01.pst
Logic	pst	Opto Vocal 02	/Library/Application Support/Logic/Plug-In Settings/Compressor/06 Compressor By Type/Opto Vocal 02.pst
Logic	pst	Platinum Acoustic Guitar 01	/Library/Application Support/Logic/Plug-In Settings/Compressor/06 Compressor By Type/Platinum Acoustic Guitar 01.pst
Logic	pst	Platinum Acoustic Guitar 02	/Library/Application Support/Logic/Plug-In Settings/Compressor/06 Compressor By Type/Platinum Acoustic Guitar 02.pst
Logic	pst	Platinum Analog Tape	/Library/Application Support/Logic/Plug-In Settings/Compressor/06 Compressor By Type/Platinum Analog Tape.pst
Logic	pst	Platinum Bass	/Library/Application Support/Logic/Plug-In Settings/Compressor/06 Compressor By Type/Platinum Bass.pst
Logic	pst	Platinum Guitar Emphasis	/Library/Application Support/Logic/Plug-In Settings/Compressor/06 Compressor By Type/Platinum Guitar Emphasis.pst
Logic	pst	Platinum Orchestral	/Library/Application Support/Logic/Plug-In Settings/Compressor/06 Compressor By Type/Platinum Orchestral.pst
Logic	pst	Platinum Pick'n Guitar	/Library/Application Support/Logic/Plug-In Settings/Compressor/06 Compressor By Type/Platinum Pick'n Guitar.pst
Logic	pst	Type R Bass	/Library/Application Support/Logic/Plug-In Settings/Compressor/06 Compressor By Type/Type R Bass.pst
Logic	pst	Type R Kick Drum	/Library/Application Support/Logic/Plug-In Settings/Compressor/06 Compressor By Type/Type R Kick Drum.pst
Logic	pst	Type R Light	/Library/Application Support/Logic/Plug-In Settings/Compressor/06 Compressor By Type/Type R Light.pst
Logic	pst	Type R Organ	/Library/Application Support/Logic/Plug-In Settings/Compressor/06 Compressor By Type/Type R Organ.pst
Logic	pst	Type R Pumping	/Library/Application Support/Logic/Plug-In Settings/Compressor/06 Compressor By Type/Type R Pumping.pst
Logic	pst	Type R Tight Drum Kit	/Library/Application Support/Logic/Plug-In Settings/Compressor/06 Compressor By Type/Type R Tight Drum Kit.pst
Logic	pst	Type R Vocal 01	/Library/Application Support/Logic/Plug-In Settings/Compressor/06 Compressor By Type/Type R Vocal 01.pst
Logic	pst	Type R Vocal 02	/Library/Application Support/Logic/Plug-In Settings/Compressor/06 Compressor By Type/Type R Vocal 02.pst
Logic	pst	Type U Aggressive Piano	/Library/Application Support/Logic/Plug-In Settings/Compressor/06 Compressor By Type/Type U Aggressive Piano.pst
Logic	pst	Type U Aggressive	/Library/Application Support/Logic/Plug-In Settings/Compressor/06 Compressor By Type/Type U Aggressive.pst
Logic	pst	Type U Electric Piano	/Library/Application Support/Logic/Plug-In Settings/Compressor/06 Compressor By Type/Type U Electric Piano.pst
Logic	pst	Type U Fatten	/Library/Application Support/Logic/Plug-In Settings/Compressor/06 Compressor By Type/Type U Fatten.pst
Logic	pst	Type U High Gain	/Library/Application Support/Logic/Plug-In Settings/Compressor/06 Compressor By Type/Type U High Gain.pst
Logic	pst	Type U Tight Kit	/Library/Application Support/Logic/Plug-In Settings/Compressor/06 Compressor By Type/Type U Tight Kit.pst
Logic	pst	Type U Toms	/Library/Application Support/Logic/Plug-In Settings/Compressor/06 Compressor By Type/Type U Toms.pst
Logic	pst	VCA Organ	/Library/Application Support/Logic/Plug-In Settings/Compressor/06 Compressor By Type/VCA Organ.pst
Logic	pst	VCA Slow	/Library/Application Support/Logic/Plug-In Settings/Compressor/06 Compressor By Type/VCA Slow.pst
Logic	pst	VCA Smashed	/Library/Application Support/Logic/Plug-In Settings/Compressor/06 Compressor By Type/VCA Smashed.pst
Logic	pst	VCA Snare	/Library/Application Support/Logic/Plug-In Settings/Compressor/06 Compressor By Type/VCA Snare.pst
Logic	pst	VCA Soft Kit	/Library/Application Support/Logic/Plug-In Settings/Compressor/06 Compressor By Type/VCA Soft Kit.pst
Logic	pst	VCA Squeezed	/Library/Application Support/Logic/Plug-In Settings/Compressor/06 Compressor By Type/VCA Squeezed.pst
Logic	pst	VCA Tight	/Library/Application Support/Logic/Plug-In Settings/Compressor/06 Compressor By Type/VCA Tight.pst
Logic	pst	VCA Vocal	/Library/Application Support/Logic/Plug-In Settings/Compressor/06 Compressor By Type/VCA Vocal.pst
Logic	pst	#default	/Library/Application Support/Logic/Plug-In Settings/DeEsser/#default.pst
Logic	pst	Female Voice DeEsser	/Library/Application Support/Logic/Plug-In Settings/DeEsser/Female Voice DeEsser.pst
Logic	pst	Female Voice Strong DeEsser	/Library/Application Support/Logic/Plug-In Settings/DeEsser/Female Voice Strong DeEsser.pst
Logic	pst	Hi Hat Smoother	/Library/Application Support/Logic/Plug-In Settings/DeEsser/Hi Hat Smoother.pst
Logic	pst	Reduce Presence 01	/Library/Application Support/Logic/Plug-In Settings/DeEsser/Reduce Presence 01.pst
Logic	pst	Reduce Presence 02	/Library/Application Support/Logic/Plug-In Settings/DeEsser/Reduce Presence 02.pst
Logic	pst	#default	/Library/Application Support/Logic/Plug-In Settings/Delay Designer/#default.pst
Logic	pst	Infinite Repeat - 1 Bar	/Library/Application Support/Logic/Plug-In Settings/Delay Designer/01 Simple/Infinite Repeat - 1 Bar.pst
Logic	pst	Infinite Repeat - 2 Bar	/Library/Application Support/Logic/Plug-In Settings/Delay Designer/01 Simple/Infinite Repeat - 2 Bar.pst
Logic	pst	Infinite Repeat - 4 Bar	/Library/Application Support/Logic/Plug-In Settings/Delay Designer/01 Simple/Infinite Repeat - 4 Bar.pst
Logic	pst	Beat Rumble	/Library/Application Support/Logic/Plug-In Settings/Delay Designer/02 Complex/Beat Rumble.pst
Logic	pst	Bounce Pattern	/Library/Application Support/Logic/Plug-In Settings/Delay Designer/02 Complex/Bounce Pattern.pst
Logic	pst	Buzz Pattern	/Library/Application Support/Logic/Plug-In Settings/Delay Designer/02 Complex/Buzz Pattern.pst
Logic	pst	Dense Pattern	/Library/Application Support/Logic/Plug-In Settings/Delay Designer/02 Complex/Dense Pattern.pst
Logic	pst	Double Time	/Library/Application Support/Logic/Plug-In Settings/Delay Designer/02 Complex/Double Time.pst
Logic	pst	Ease In	/Library/Application Support/Logic/Plug-In Settings/Delay Designer/02 Complex/Ease In.pst
Logic	pst	Ease Out	/Library/Application Support/Logic/Plug-In Settings/Delay Designer/02 Complex/Ease Out.pst
Logic	pst	Falling Pattern	/Library/Application Support/Logic/Plug-In Settings/Delay Designer/02 Complex/Falling Pattern.pst
Logic	pst	Gallop	/Library/Application Support/Logic/Plug-In Settings/Delay Designer/02 Complex/Gallop.pst
Logic	pst	Poly Sweep	/Library/Application Support/Logic/Plug-In Settings/Delay Designer/02 Complex/Poly Sweep.pst
Logic	pst	Reflections	/Library/Application Support/Logic/Plug-In Settings/Delay Designer/02 Complex/Reflections.pst
Logic	pst	Rhythm Ghost	/Library/Application Support/Logic/Plug-In Settings/Delay Designer/02 Complex/Rhythm Ghost.pst
Logic	pst	Ring And Roll	/Library/Application Support/Logic/Plug-In Settings/Delay Designer/02 Complex/Ring And Roll.pst
Logic	pst	Skip Along	/Library/Application Support/Logic/Plug-In Settings/Delay Designer/02 Complex/Skip Along.pst
Logic	pst	Skipping Pattern	/Library/Application Support/Logic/Plug-In Settings/Delay Designer/02 Complex/Skipping Pattern.pst
Logic	pst	Spearing	/Library/Application Support/Logic/Plug-In Settings/Delay Designer/02 Complex/Spearing.pst
Logic	pst	Swing Pan	/Library/Application Support/Logic/Plug-In Settings/Delay Designer/02 Complex/Swing Pan.pst
Logic	pst	Sync Flow	/Library/Application Support/Logic/Plug-In Settings/Delay Designer/02 Complex/Sync Flow.pst
Logic	pst	Sync Gallop	/Library/Application Support/Logic/Plug-In Settings/Delay Designer/02 Complex/Sync Gallop.pst
Logic	pst	Sync Pan	/Library/Application Support/Logic/Plug-In Settings/Delay Designer/02 Complex/Sync Pan.pst
Logic	pst	Sync Taps	/Library/Application Support/Logic/Plug-In Settings/Delay Designer/02 Complex/Sync Taps.pst
Logic	pst	Two Four	/Library/Application Support/Logic/Plug-In Settings/Delay Designer/02 Complex/Two Four.pst
Logic	pst	Back Door Filter	/Library/Application Support/Logic/Plug-In Settings/Delay Designer/03 Simple Filtered/Back Door Filter.pst
Logic	pst	Basic Feedback Rhythm	/Library/Application Support/Logic/Plug-In Settings/Delay Designer/03 Simple Filtered/Basic Feedback Rhythm.pst
Logic	pst	Crop Delay	/Library/Application Support/Logic/Plug-In Settings/Delay Designer/03 Simple Filtered/Crop Delay.pst
Logic	pst	Disco Filter	/Library/Application Support/Logic/Plug-In Settings/Delay Designer/03 Simple Filtered/Disco Filter.pst
Logic	pst	Filter Down 1 Bar	/Library/Application Support/Logic/Plug-In Settings/Delay Designer/03 Simple Filtered/Filter Down 1 Bar.pst
Logic	pst	Grooving Time	/Library/Application Support/Logic/Plug-In Settings/Delay Designer/03 Simple Filtered/Grooving Time.pst
Logic	pst	High Pass Delay	/Library/Application Support/Logic/Plug-In Settings/Delay Designer/03 Simple Filtered/High Pass Delay.pst
Logic	pst	Resonant Drop	/Library/Application Support/Logic/Plug-In Settings/Delay Designer/03 Simple Filtered/Resonant Drop.pst
Logic	pst	Scooped Delay	/Library/Application Support/Logic/Plug-In Settings/Delay Designer/03 Simple Filtered/Scooped Delay.pst
Logic	pst	2 Bar Squeeze Pattern	/Library/Application Support/Logic/Plug-In Settings/Delay Designer/04 Complex Filtered/2 Bar Squeeze Pattern.pst
Logic	pst	Back Track Rhythm	/Library/Application Support/Logic/Plug-In Settings/Delay Designer/04 Complex Filtered/Back Track Rhythm.pst
Logic	pst	Banded Pattern	/Library/Application Support/Logic/Plug-In Settings/Delay Designer/04 Complex Filtered/Banded Pattern.pst
Logic	pst	Banded Taps	/Library/Application Support/Logic/Plug-In Settings/Delay Designer/04 Complex Filtered/Banded Taps.pst
Logic	pst	Beat Skip	/Library/Application Support/Logic/Plug-In Settings/Delay Designer/04 Complex Filtered/Beat Skip.pst
Logic	pst	Distance Delay	/Library/Application Support/Logic/Plug-In Settings/Delay Designer/04 Complex Filtered/Distance Delay.pst
Logic	pst	Drag Sweep	/Library/Application Support/Logic/Plug-In Settings/Delay Designer/04 Complex Filtered/Drag Sweep.pst
Logic	pst	Draining	/Library/Application Support/Logic/Plug-In Settings/Delay Designer/04 Complex Filtered/Draining.pst
Logic	pst	Drop Off	/Library/Application Support/Logic/Plug-In Settings/Delay Designer/04 Complex Filtered/Drop Off.pst
Logic	pst	Ease In & Out	/Library/Application Support/Logic/Plug-In Settings/Delay Designer/04 Complex Filtered/Ease In & Out.pst
Logic	pst	Ease In 01	/Library/Application Support/Logic/Plug-In Settings/Delay Designer/04 Complex Filtered/Ease In 01.pst
Logic	pst	Ease In 02	/Library/Application Support/Logic/Plug-In Settings/Delay Designer/04 Complex Filtered/Ease In 02.pst
Logic	pst	Ease In 03	/Library/Application Support/Logic/Plug-In Settings/Delay Designer/04 Complex Filtered/Ease In 03.pst
Logic	pst	Ease In 04	/Library/Application Support/Logic/Plug-In Settings/Delay Designer/04 Complex Filtered/Ease In 04.pst
Logic	pst	Ease In 05	/Library/Application Support/Logic/Plug-In Settings/Delay Designer/04 Complex Filtered/Ease In 05.pst
Logic	pst	Ease Out 01	/Library/Application Support/Logic/Plug-In Settings/Delay Designer/04 Complex Filtered/Ease Out 01.pst
Logic	pst	Ease Out 02	/Library/Application Support/Logic/Plug-In Settings/Delay Designer/04 Complex Filtered/Ease Out 02.pst
Logic	pst	Ease Out 03	/Library/Application Support/Logic/Plug-In Settings/Delay Designer/04 Complex Filtered/Ease Out 03.pst
Logic	pst	Ease Out 04	/Library/Application Support/Logic/Plug-In Settings/Delay Designer/04 Complex Filtered/Ease Out 04.pst
Logic	pst	Fill Roll	/Library/Application Support/Logic/Plug-In Settings/Delay Designer/04 Complex Filtered/Fill Roll.pst
Logic	pst	Filler Pan Delay	/Library/Application Support/Logic/Plug-In Settings/Delay Designer/04 Complex Filtered/Filler Pan Delay.pst
Logic	pst	Filter Cusp	/Library/Application Support/Logic/Plug-In Settings/Delay Designer/04 Complex Filtered/Filter Cusp.pst
Logic	pst	Filter Murky	/Library/Application Support/Logic/Plug-In Settings/Delay Designer/04 Complex Filtered/Filter Murky.pst
Logic	pst	Filter Up 1 Bar	/Library/Application Support/Logic/Plug-In Settings/Delay Designer/04 Complex Filtered/Filter Up 1 Bar.pst
Logic	pst	Hearing Doubles	/Library/Application Support/Logic/Plug-In Settings/Delay Designer/04 Complex Filtered/Hearing Doubles.pst
Logic	pst	Hidden Funk	/Library/Application Support/Logic/Plug-In Settings/Delay Designer/04 Complex Filtered/Hidden Funk.pst
Logic	pst	Jumping Delays	/Library/Application Support/Logic/Plug-In Settings/Delay Designer/04 Complex Filtered/Jumping Delays.pst
Logic	pst	Nice Delay Behind	/Library/Application Support/Logic/Plug-In Settings/Delay Designer/04 Complex Filtered/Nice Delay Behind.pst
Logic	pst	Not Four Threes	/Library/Application Support/Logic/Plug-In Settings/Delay Designer/04 Complex Filtered/Not Four Threes.pst
Logic	pst	Phased Me	/Library/Application Support/Logic/Plug-In Settings/Delay Designer/04 Complex Filtered/Phased Me.pst
Logic	pst	Pulse Groove	/Library/Application Support/Logic/Plug-In Settings/Delay Designer/04 Complex Filtered/Pulse Groove.pst
Logic	pst	Resonant Reflection	/Library/Application Support/Logic/Plug-In Settings/Delay Designer/04 Complex Filtered/Resonant Reflection.pst
Logic	pst	Resonant Taps	/Library/Application Support/Logic/Plug-In Settings/Delay Designer/04 Complex Filtered/Resonant Taps.pst
Logic	pst	Resonating Space	/Library/Application Support/Logic/Plug-In Settings/Delay Designer/04 Complex Filtered/Resonating Space.pst
Logic	pst	Rush Pattern	/Library/Application Support/Logic/Plug-In Settings/Delay Designer/04 Complex Filtered/Rush Pattern.pst
Logic	pst	Short Reflections	/Library/Application Support/Logic/Plug-In Settings/Delay Designer/04 Complex Filtered/Short Reflections.pst
Logic	pst	Skipping Bands	/Library/Application Support/Logic/Plug-In Settings/Delay Designer/04 Complex Filtered/Skipping Bands.pst
Logic	pst	Snare Skatter	/Library/Application Support/Logic/Plug-In Settings/Delay Designer/04 Complex Filtered/Snare Skatter.pst
Logic	pst	Speedy Sweep	/Library/Application Support/Logic/Plug-In Settings/Delay Designer/04 Complex Filtered/Speedy Sweep.pst
Logic	pst	Stash and Roll	/Library/Application Support/Logic/Plug-In Settings/Delay Designer/04 Complex Filtered/Stash and Roll.pst
Logic	pst	Sweep Down	/Library/Application Support/Logic/Plug-In Settings/Delay Designer/04 Complex Filtered/Sweep Down.pst
Logic	pst	Sweep Up	/Library/Application Support/Logic/Plug-In Settings/Delay Designer/04 Complex Filtered/Sweep Up.pst
Logic	pst	Sweeping Down	/Library/Application Support/Logic/Plug-In Settings/Delay Designer/04 Complex Filtered/Sweeping Down.pst
Logic	pst	Sync Sweep	/Library/Application Support/Logic/Plug-In Settings/Delay Designer/04 Complex Filtered/Sync Sweep.pst
Logic	pst	Threes Repeat	/Library/Application Support/Logic/Plug-In Settings/Delay Designer/04 Complex Filtered/Threes Repeat.pst
Logic	pst	Wayward Pattern	/Library/Application Support/Logic/Plug-In Settings/Delay Designer/04 Complex Filtered/Wayward Pattern.pst
Logic	pst	Dripping	/Library/Application Support/Logic/Plug-In Settings/Delay Designer/06 Complex Pitch Shifted/Dripping.pst
Logic	pst	Drop Down	/Library/Application Support/Logic/Plug-In Settings/Delay Designer/06 Complex Pitch Shifted/Drop Down.pst
Logic	pst	Eighties Pattern	/Library/Application Support/Logic/Plug-In Settings/Delay Designer/06 Complex Pitch Shifted/Eighties Pattern.pst
Logic	pst	Falling Double	/Library/Application Support/Logic/Plug-In Settings/Delay Designer/06 Complex Pitch Shifted/Falling Double.pst
Logic	pst	Flash Forward	/Library/Application Support/Logic/Plug-In Settings/Delay Designer/06 Complex Pitch Shifted/Flash Forward.pst
Logic	pst	Percolating	/Library/Application Support/Logic/Plug-In Settings/Delay Designer/06 Complex Pitch Shifted/Percolating.pst
Logic	pst	Pitch Squeezer	/Library/Application Support/Logic/Plug-In Settings/Delay Designer/06 Complex Pitch Shifted/Pitch Squeezer.pst
Logic	pst	Pitch Swing	/Library/Application Support/Logic/Plug-In Settings/Delay Designer/06 Complex Pitch Shifted/Pitch Swing.pst
Logic	pst	Quick Squeeze	/Library/Application Support/Logic/Plug-In Settings/Delay Designer/06 Complex Pitch Shifted/Quick Squeeze.pst
Logic	pst	Radar Delay	/Library/Application Support/Logic/Plug-In Settings/Delay Designer/06 Complex Pitch Shifted/Radar Delay.pst
Logic	pst	Shifted Double Time	/Library/Application Support/Logic/Plug-In Settings/Delay Designer/06 Complex Pitch Shifted/Shifted Double Time.pst
Logic	pst	Shifted Rumble	/Library/Application Support/Logic/Plug-In Settings/Delay Designer/06 Complex Pitch Shifted/Shifted Rumble.pst
Logic	pst	Simple Melody	/Library/Application Support/Logic/Plug-In Settings/Delay Designer/06 Complex Pitch Shifted/Simple Melody.pst
Logic	pst	Speed Sweep	/Library/Application Support/Logic/Plug-In Settings/Delay Designer/06 Complex Pitch Shifted/Speed Sweep.pst
Logic	pst	Step Up	/Library/Application Support/Logic/Plug-In Settings/Delay Designer/06 Complex Pitch Shifted/Step Up.pst
Logic	pst	Tense Pattern	/Library/Application Support/Logic/Plug-In Settings/Delay Designer/06 Complex Pitch Shifted/Tense Pattern.pst
Logic	pst	Underground Pattern	/Library/Application Support/Logic/Plug-In Settings/Delay Designer/06 Complex Pitch Shifted/Underground Pattern.pst
Logic	pst	2 Bar Rachet	/Library/Application Support/Logic/Plug-In Settings/Delay Designer/07 Warped/2 Bar Rachet.pst
Logic	pst	Acid Warp	/Library/Application Support/Logic/Plug-In Settings/Delay Designer/07 Warped/Acid Warp.pst
Logic	pst	Alien Slicer	/Library/Application Support/Logic/Plug-In Settings/Delay Designer/07 Warped/Alien Slicer.pst
Logic	pst	Bird Twirl	/Library/Application Support/Logic/Plug-In Settings/Delay Designer/07 Warped/Bird Twirl.pst
Logic	pst	Bug Delay	/Library/Application Support/Logic/Plug-In Settings/Delay Designer/07 Warped/Bug Delay.pst
Logic	pst	DJ Delay	/Library/Application Support/Logic/Plug-In Settings/Delay Designer/07 Warped/DJ Delay.pst
Logic	pst	Down Under	/Library/Application Support/Logic/Plug-In Settings/Delay Designer/07 Warped/Down Under.pst
Logic	pst	Electric Delay	/Library/Application Support/Logic/Plug-In Settings/Delay Designer/07 Warped/Electric Delay.pst
Logic	pst	Falling Rumble	/Library/Application Support/Logic/Plug-In Settings/Delay Designer/07 Warped/Falling Rumble.pst
Logic	pst	Funk Pattern	/Library/Application Support/Logic/Plug-In Settings/Delay Designer/07 Warped/Funk Pattern.pst
Logic	pst	Glass	/Library/Application Support/Logic/Plug-In Settings/Delay Designer/07 Warped/Glass.pst
Logic	pst	Jungle Delay	/Library/Application Support/Logic/Plug-In Settings/Delay Designer/07 Warped/Jungle Delay.pst
Logic	pst	Knick Knack	/Library/Application Support/Logic/Plug-In Settings/Delay Designer/07 Warped/Knick Knack.pst
Logic	pst	Metallic Fade	/Library/Application Support/Logic/Plug-In Settings/Delay Designer/07 Warped/Metallic Fade.pst
Logic	pst	Randomize	/Library/Application Support/Logic/Plug-In Settings/Delay Designer/07 Warped/Randomize.pst
Logic	pst	Resonant Pitch Climber	/Library/Application Support/Logic/Plug-In Settings/Delay Designer/07 Warped/Resonant Pitch Climber.pst
Logic	pst	Short Delay Decay	/Library/Application Support/Logic/Plug-In Settings/Delay Designer/07 Warped/Short Delay Decay.pst
Logic	pst	Short Pitch Shift	/Library/Application Support/Logic/Plug-In Settings/Delay Designer/07 Warped/Short Pitch Shift.pst
Logic	pst	Single Ring Mod	/Library/Application Support/Logic/Plug-In Settings/Delay Designer/07 Warped/Single Ring Mod.pst
Logic	pst	Speared	/Library/Application Support/Logic/Plug-In Settings/Delay Designer/07 Warped/Speared.pst
Logic	pst	Spider Webs	/Library/Application Support/Logic/Plug-In Settings/Delay Designer/07 Warped/Spider Webs.pst
Logic	pst	Swide Side	/Library/Application Support/Logic/Plug-In Settings/Delay Designer/07 Warped/Swide Side.pst
Logic	pst	Swirling 5ths	/Library/Application Support/Logic/Plug-In Settings/Delay Designer/07 Warped/Swirling 5ths.pst
Logic	pst	Tunnel Rave	/Library/Application Support/Logic/Plug-In Settings/Delay Designer/07 Warped/Tunnel Rave.pst
Logic	pst	Twisting Gears	/Library/Application Support/Logic/Plug-In Settings/Delay Designer/07 Warped/Twisting Gears.pst
Logic	pst	Up Down	/Library/Application Support/Logic/Plug-In Settings/Delay Designer/07 Warped/Up Down.pst
Logic	pst	Wounded	/Library/Application Support/Logic/Plug-In Settings/Delay Designer/07 Warped/Wounded.pst
Logic	pst	#default	/Library/Application Support/Logic/Plug-In Settings/Direction Mixer/#default.pst
Logic	pst	Isolate Room	/Library/Application Support/Logic/Plug-In Settings/Direction Mixer/Isolate Room.pst
Logic	pst	MS Decoder	/Library/Application Support/Logic/Plug-In Settings/Direction Mixer/MS Decoder.pst
Logic	pst	Pan Left	/Library/Application Support/Logic/Plug-In Settings/Direction Mixer/Pan Left.pst
Logic	pst	Pan Right	/Library/Application Support/Logic/Plug-In Settings/Direction Mixer/Pan Right.pst
Logic	pst	Phase Invert	/Library/Application Support/Logic/Plug-In Settings/Direction Mixer/Phase Invert.pst
Logic	pst	Stereo to Mono	/Library/Application Support/Logic/Plug-In Settings/Direction Mixer/Stereo to Mono.pst
Logic	pst	#default	/Library/Application Support/Logic/Plug-In Settings/Distortion II/#default.pst
Logic	pst	Bass Amp	/Library/Application Support/Logic/Plug-In Settings/Distortion II/Bass Amp.pst
Logic	pst	Biting Distortion Heavy	/Library/Application Support/Logic/Plug-In Settings/Distortion II/Biting Distortion Heavy.pst
Logic	pst	Biting Distortion Light	/Library/Application Support/Logic/Plug-In Settings/Distortion II/Biting Distortion Light.pst
Logic	pst	Biting Distortion Medium	/Library/Application Support/Logic/Plug-In Settings/Distortion II/Biting Distortion Medium.pst
Logic	pst	Bluesy	/Library/Application Support/Logic/Plug-In Settings/Distortion II/Bluesy.pst
Logic	pst	Growl Distortion Light	/Library/Application Support/Logic/Plug-In Settings/Distortion II/Growl Distortion Light.pst
Logic	pst	Growl Distortion Medium	/Library/Application Support/Logic/Plug-In Settings/Distortion II/Growl Distortion Medium.pst
Logic	pst	Guitar Fuzz	/Library/Application Support/Logic/Plug-In Settings/Distortion II/Guitar Fuzz.pst
Logic	pst	Kick Edge	/Library/Application Support/Logic/Plug-In Settings/Distortion II/Kick Edge.pst
Logic	pst	Light Vocal	/Library/Application Support/Logic/Plug-In Settings/Distortion II/Light Vocal.pst
Logic	pst	Nasty Distortion Heavy	/Library/Application Support/Logic/Plug-In Settings/Distortion II/Nasty Distortion Heavy.pst
Logic	pst	Nasty Distortion Medium	/Library/Application Support/Logic/Plug-In Settings/Distortion II/Nasty Distortion Medium.pst
Logic	pst	Snare Bright	/Library/Application Support/Logic/Plug-In Settings/Distortion II/Snare Bright.pst
Logic	pst	Snare Edge	/Library/Application Support/Logic/Plug-In Settings/Distortion II/Snare Edge.pst
Logic	pst	Vocal Fuzz	/Library/Application Support/Logic/Plug-In Settings/Distortion II/Vocal Fuzz.pst
Logic	pst	#default	/Library/Application Support/Logic/Plug-In Settings/Distortion/#default.pst
Logic	pst	Crunch Distortion	/Library/Application Support/Logic/Plug-In Settings/Distortion/Crunch Distortion.pst
Logic	pst	Heavy Distortion	/Library/Application Support/Logic/Plug-In Settings/Distortion/Heavy Distortion.pst
Logic	pst	Over Limit	/Library/Application Support/Logic/Plug-In Settings/Distortion/Over Limit.pst
Logic	pst	Warm Distortion	/Library/Application Support/Logic/Plug-In Settings/Distortion/Warm Distortion.pst
Logic	pst	Blue Ridge Kit	/Library/Application Support/Logic/Plug-In Settings/Drum Kit Designer/Blue Ridge Kit.pst
Logic	pst	Bluebird Kit	/Library/Application Support/Logic/Plug-In Settings/Drum Kit Designer/Bluebird Kit.pst
Logic	pst	Brooklyn Kit	/Library/Application Support/Logic/Plug-In Settings/Drum Kit Designer/Brooklyn Kit.pst
Logic	pst	Detroit Garage Kit	/Library/Application Support/Logic/Plug-In Settings/Drum Kit Designer/Detroit Garage Kit.pst
Logic	pst	East Bay Kit	/Library/Application Support/Logic/Plug-In Settings/Drum Kit Designer/East Bay Kit.pst
Logic	pst	Four on the Floor Kit	/Library/Application Support/Logic/Plug-In Settings/Drum Kit Designer/Four on the Floor Kit.pst
Logic	pst	Heavy Kit	/Library/Application Support/Logic/Plug-In Settings/Drum Kit Designer/Heavy Kit.pst
Logic	pst	Liverpool Kit	/Library/Application Support/Logic/Plug-In Settings/Drum Kit Designer/Liverpool Kit.pst
Logic	pst	Manchester Kit	/Library/Application Support/Logic/Plug-In Settings/Drum Kit Designer/Manchester Kit.pst
Logic	pst	Motown Revisited Kit	/Library/Application Support/Logic/Plug-In Settings/Drum Kit Designer/Motown Revisited Kit.pst
Logic	pst	Neo Soul Kit	/Library/Application Support/Logic/Plug-In Settings/Drum Kit Designer/Neo Soul Kit.pst
Logic	pst	Portland Kit	/Library/Application Support/Logic/Plug-In Settings/Drum Kit Designer/Portland Kit.pst
Logic	pst	Retro Rock Kit	/Library/Application Support/Logic/Plug-In Settings/Drum Kit Designer/Retro Rock Kit.pst
Logic	pst	Roots Kit	/Library/Application Support/Logic/Plug-In Settings/Drum Kit Designer/Roots Kit.pst
Logic	pst	Scientific Method Kit	/Library/Application Support/Logic/Plug-In Settings/Drum Kit Designer/Scientific Method Kit.pst
Logic	pst	Slow Jam Kit	/Library/Application Support/Logic/Plug-In Settings/Drum Kit Designer/Slow Jam Kit.pst
Logic	pst	Smash Kit	/Library/Application Support/Logic/Plug-In Settings/Drum Kit Designer/Smash Kit.pst
Logic	pst	SoCal Kit	/Library/Application Support/Logic/Plug-In Settings/Drum Kit Designer/SoCal Kit.pst
Logic	pst	Speakeasy Kit	/Library/Application Support/Logic/Plug-In Settings/Drum Kit Designer/Speakeasy Kit.pst
Logic	pst	Sunset Kit	/Library/Application Support/Logic/Plug-In Settings/Drum Kit Designer/Sunset Kit.pst
Logic	pst	Birch Kit	/Library/Application Support/Logic/Plug-In Settings/Drum Kit Designer/z01 Producer Kits/Birch Kit.pst
Logic	pst	Classic Sixties Kit	/Library/Application Support/Logic/Plug-In Settings/Drum Kit Designer/z01 Producer Kits/Classic Sixties Kit.pst
Logic	pst	Modern Maple Kit	/Library/Application Support/Logic/Plug-In Settings/Drum Kit Designer/z01 Producer Kits/Modern Maple Kit.pst
Logic	pst	Pawn Shop Kit	/Library/Application Support/Logic/Plug-In Settings/Drum Kit Designer/z01 Producer Kits/Pawn Shop Kit.pst
Logic	pst	Seventies Plexi Kit	/Library/Application Support/Logic/Plug-In Settings/Drum Kit Designer/z01 Producer Kits/Seventies Plexi Kit.pst
Logic	pst	Stadium Kit	/Library/Application Support/Logic/Plug-In Settings/Drum Kit Designer/z01 Producer Kits/Stadium Kit.pst
Logic	pst	Studio Kit	/Library/Application Support/Logic/Plug-In Settings/Drum Kit Designer/z01 Producer Kits/Studio Kit.pst
Logic	pst	Tight Maple Kit	/Library/Application Support/Logic/Plug-In Settings/Drum Kit Designer/z01 Producer Kits/Tight Maple Kit.pst
Logic	pst	Vintage Kit Brushes	/Library/Application Support/Logic/Plug-In Settings/Drum Kit Designer/z01 Producer Kits/Vintage Kit Brushes.pst
Logic	pst	Vintage Kit Rods	/Library/Application Support/Logic/Plug-In Settings/Drum Kit Designer/z01 Producer Kits/Vintage Kit Rods.pst
Logic	pst	Bluebird Kit	/Library/Application Support/Logic/Plug-In Settings/Drum Kit Designer/z02 Stereo Kits v2/Bluebird Kit.pst
Logic	pst	Brooklyn Kit	/Library/Application Support/Logic/Plug-In Settings/Drum Kit Designer/z02 Stereo Kits v2/Brooklyn Kit.pst
Logic	pst	Detroit Garage Kit	/Library/Application Support/Logic/Plug-In Settings/Drum Kit Designer/z02 Stereo Kits v2/Detroit Garage Kit.pst
Logic	pst	East Bay Kit	/Library/Application Support/Logic/Plug-In Settings/Drum Kit Designer/z02 Stereo Kits v2/East Bay Kit.pst
Logic	pst	Four on the Floor Kit	/Library/Application Support/Logic/Plug-In Settings/Drum Kit Designer/z02 Stereo Kits v2/Four on the Floor Kit.pst
Logic	pst	Heavy Kit	/Library/Application Support/Logic/Plug-In Settings/Drum Kit Designer/z02 Stereo Kits v2/Heavy Kit.pst
Logic	pst	Liverpool Kit	/Library/Application Support/Logic/Plug-In Settings/Drum Kit Designer/z02 Stereo Kits v2/Liverpool Kit.pst
Logic	pst	Manchester Kit	/Library/Application Support/Logic/Plug-In Settings/Drum Kit Designer/z02 Stereo Kits v2/Manchester Kit.pst
Logic	pst	Motown Revisited Kit	/Library/Application Support/Logic/Plug-In Settings/Drum Kit Designer/z02 Stereo Kits v2/Motown Revisited Kit.pst
Logic	pst	Neo Soul Kit	/Library/Application Support/Logic/Plug-In Settings/Drum Kit Designer/z02 Stereo Kits v2/Neo Soul Kit.pst
Logic	pst	Portland Kit	/Library/Application Support/Logic/Plug-In Settings/Drum Kit Designer/z02 Stereo Kits v2/Portland Kit.pst
Logic	pst	Retro Rock Kit	/Library/Application Support/Logic/Plug-In Settings/Drum Kit Designer/z02 Stereo Kits v2/Retro Rock Kit.pst
Logic	pst	Roots Kit	/Library/Application Support/Logic/Plug-In Settings/Drum Kit Designer/z02 Stereo Kits v2/Roots Kit.pst
Logic	pst	Scientific Method Kit	/Library/Application Support/Logic/Plug-In Settings/Drum Kit Designer/z02 Stereo Kits v2/Scientific Method Kit.pst
Logic	pst	Slow Jam Kit	/Library/Application Support/Logic/Plug-In Settings/Drum Kit Designer/z02 Stereo Kits v2/Slow Jam Kit.pst
Logic	pst	Smash Kit	/Library/Application Support/Logic/Plug-In Settings/Drum Kit Designer/z02 Stereo Kits v2/Smash Kit.pst
Logic	pst	SoCal Kit	/Library/Application Support/Logic/Plug-In Settings/Drum Kit Designer/z02 Stereo Kits v2/SoCal Kit.pst
Logic	pst	Sunset Kit	/Library/Application Support/Logic/Plug-In Settings/Drum Kit Designer/z02 Stereo Kits v2/Sunset Kit.pst
Logic	pst	#default	/Library/Application Support/Logic/Plug-In Settings/EVOC 20 PolySynth/#default.pst
Logic	pst	Alien Abduction	/Library/Application Support/Logic/Plug-In Settings/EVOC 20 PolySynth/01 Synthesizer/Alien Abduction.pst
Logic	pst	Analog Bells	/Library/Application Support/Logic/Plug-In Settings/EVOC 20 PolySynth/01 Synthesizer/Analog Bells.pst
Logic	pst	Backwards Thinking	/Library/Application Support/Logic/Plug-In Settings/EVOC 20 PolySynth/01 Synthesizer/Backwards Thinking.pst
Logic	pst	Brush Strings	/Library/Application Support/Logic/Plug-In Settings/EVOC 20 PolySynth/01 Synthesizer/Brush Strings.pst
Logic	pst	Calm Beach	/Library/Application Support/Logic/Plug-In Settings/EVOC 20 PolySynth/01 Synthesizer/Calm Beach.pst
Logic	pst	Crystal Bells	/Library/Application Support/Logic/Plug-In Settings/EVOC 20 PolySynth/01 Synthesizer/Crystal Bells.pst
Logic	pst	Deep Ambient	/Library/Application Support/Logic/Plug-In Settings/EVOC 20 PolySynth/01 Synthesizer/Deep Ambient.pst
Logic	pst	Dish Bass	/Library/Application Support/Logic/Plug-In Settings/EVOC 20 PolySynth/01 Synthesizer/Dish Bass.pst
Logic	pst	Emotion Pad	/Library/Application Support/Logic/Plug-In Settings/EVOC 20 PolySynth/01 Synthesizer/Emotion Pad.pst
Logic	pst	Evocative Layers	/Library/Application Support/Logic/Plug-In Settings/EVOC 20 PolySynth/01 Synthesizer/Evocative Layers.pst
Logic	pst	Glass Pad	/Library/Application Support/Logic/Plug-In Settings/EVOC 20 PolySynth/01 Synthesizer/Glass Pad.pst
Logic	pst	High Voltage Transformer	/Library/Application Support/Logic/Plug-In Settings/EVOC 20 PolySynth/01 Synthesizer/High Voltage Transformer.pst
Logic	pst	Magma	/Library/Application Support/Logic/Plug-In Settings/EVOC 20 PolySynth/01 Synthesizer/Magma.pst
Logic	pst	Mono Bass	/Library/Application Support/Logic/Plug-In Settings/EVOC 20 PolySynth/01 Synthesizer/Mono Bass.pst
Logic	pst	Noisy Pad	/Library/Application Support/Logic/Plug-In Settings/EVOC 20 PolySynth/01 Synthesizer/Noisy Pad.pst
Logic	pst	Seventh Heaven	/Library/Application Support/Logic/Plug-In Settings/EVOC 20 PolySynth/01 Synthesizer/Seventh Heaven.pst
Logic	pst	Silky Strings	/Library/Application Support/Logic/Plug-In Settings/EVOC 20 PolySynth/01 Synthesizer/Silky Strings.pst
Logic	pst	Soft Air	/Library/Application Support/Logic/Plug-In Settings/EVOC 20 PolySynth/01 Synthesizer/Soft Air.pst
Logic	pst	Synth Bass	/Library/Application Support/Logic/Plug-In Settings/EVOC 20 PolySynth/01 Synthesizer/Synth Bass.pst
Logic	pst	The Swarm	/Library/Application Support/Logic/Plug-In Settings/EVOC 20 PolySynth/01 Synthesizer/The Swarm.pst
Logic	pst	Tune Brush	/Library/Application Support/Logic/Plug-In Settings/EVOC 20 PolySynth/01 Synthesizer/Tune Brush.pst
Logic	pst	Atmospheric Pad	/Library/Application Support/Logic/Plug-In Settings/EVOC 20 PolySynth/02 Vintage Vocoder/Atmospheric Pad.pst
Logic	pst	Clear Voice Vocoder	/Library/Application Support/Logic/Plug-In Settings/EVOC 20 PolySynth/02 Vintage Vocoder/Clear Voice Vocoder.pst
Logic	pst	Deep Modulation	/Library/Application Support/Logic/Plug-In Settings/EVOC 20 PolySynth/02 Vintage Vocoder/Deep Modulation.pst
Logic	pst	Electrified Vocoder	/Library/Application Support/Logic/Plug-In Settings/EVOC 20 PolySynth/02 Vintage Vocoder/Electrified Vocoder.pst
Logic	pst	Filter Cascade Sweep	/Library/Application Support/Logic/Plug-In Settings/EVOC 20 PolySynth/02 Vintage Vocoder/Filter Cascade Sweep.pst
Logic	pst	Five Band Rough Vocal	/Library/Application Support/Logic/Plug-In Settings/EVOC 20 PolySynth/02 Vintage Vocoder/Five Band Rough Vocal.pst
Logic	pst	Galactic Warriors	/Library/Application Support/Logic/Plug-In Settings/EVOC 20 PolySynth/02 Vintage Vocoder/Galactic Warriors.pst
Logic	pst	Open Heaven	/Library/Application Support/Logic/Plug-In Settings/EVOC 20 PolySynth/02 Vintage Vocoder/Open Heaven.pst
Logic	pst	Sweet Digital Glass Voices	/Library/Application Support/Logic/Plug-In Settings/EVOC 20 PolySynth/02 Vintage Vocoder/Sweet Digital Glass Voices.pst
Logic	pst	Tubular Pipe	/Library/Application Support/Logic/Plug-In Settings/EVOC 20 PolySynth/02 Vintage Vocoder/Tubular Pipe.pst
Logic	pst	Vocal Fifth	/Library/Application Support/Logic/Plug-In Settings/EVOC 20 PolySynth/02 Vintage Vocoder/Vocal Fifth.pst
Logic	pst	Vocal Heaven Pad	/Library/Application Support/Logic/Plug-In Settings/EVOC 20 PolySynth/02 Vintage Vocoder/Vocal Heaven Pad.pst
Logic	pst	For Percussive Input	/Library/Application Support/Logic/Plug-In Settings/EVOC 20 PolySynth/03 Warped Vocoder/For Percussive Input.pst
Logic	pst	Noise Effect Voice	/Library/Application Support/Logic/Plug-In Settings/EVOC 20 PolySynth/03 Warped Vocoder/Noise Effect Voice.pst
Logic	pst	Teutonic Electricity	/Library/Application Support/Logic/Plug-In Settings/EVOC 20 PolySynth/03 Warped Vocoder/Teutonic Electricity.pst
Logic	pst	#default	/Library/Application Support/Logic/Plug-In Settings/EXS24/#default.pst
Logic	pst	#default	/Library/Application Support/Logic/Plug-In Settings/Echo/#default.pst
Logic	pst	#default	/Library/Application Support/Logic/Plug-In Settings/EnVerb/#default.pst
Logic	pst	Aggressive Tale	/Library/Application Support/Logic/Plug-In Settings/EnVerb/Aggressive Tale.pst
Logic	pst	Fast Reverse Verb	/Library/Application Support/Logic/Plug-In Settings/EnVerb/Fast Reverse Verb.pst
Logic	pst	Gated Drums	/Library/Application Support/Logic/Plug-In Settings/EnVerb/Gated Drums.pst
Logic	pst	Late Reflections	/Library/Application Support/Logic/Plug-In Settings/EnVerb/Late Reflections.pst
Logic	pst	Response at 120 BPM	/Library/Application Support/Logic/Plug-In Settings/EnVerb/Response at 120 BPM.pst
Logic	pst	Reverse Raiser	/Library/Application Support/Logic/Plug-In Settings/EnVerb/Reverse Raiser.pst
Logic	pst	Reverse Reverb Long	/Library/Application Support/Logic/Plug-In Settings/EnVerb/Reverse Reverb Long.pst
Logic	pst	Reverse Tale 510 MS	/Library/Application Support/Logic/Plug-In Settings/EnVerb/Reverse Tale 510 MS.pst
Logic	pst	Rolling Up	/Library/Application Support/Logic/Plug-In Settings/EnVerb/Rolling Up.pst
Logic	pst	#default	/Library/Application Support/Logic/Plug-In Settings/Enhance Timing/#default.pst
Logic	pst	#default	/Library/Application Support/Logic/Plug-In Settings/Ensemble/#default.pst
Logic	pst	Backing Group	/Library/Application Support/Logic/Plug-In Settings/Ensemble/Backing Group.pst
Logic	pst	Doubler	/Library/Application Support/Logic/Plug-In Settings/Ensemble/Doubler.pst
Logic	pst	Rich Modulation	/Library/Application Support/Logic/Plug-In Settings/Ensemble/Rich Modulation.pst
Logic	pst	Screen Door	/Library/Application Support/Logic/Plug-In Settings/Ensemble/Screen Door.pst
Logic	pst	Symphonic 5 Voice	/Library/Application Support/Logic/Plug-In Settings/Ensemble/Symphonic 5 Voice.pst
Logic	pst	Synth String Ensemble	/Library/Application Support/Logic/Plug-In Settings/Ensemble/Synth String Ensemble.pst
Logic	pst	Vintage Dimension	/Library/Application Support/Logic/Plug-In Settings/Ensemble/Vintage Dimension.pst
Logic	pst	#default	/Library/Application Support/Logic/Plug-In Settings/Enveloper/#default.pst
Logic	pst	Add More Attack	/Library/Application Support/Logic/Plug-In Settings/Enveloper/Add More Attack.pst
Logic	pst	Add More Punch	/Library/Application Support/Logic/Plug-In Settings/Enveloper/Add More Punch.pst
Logic	pst	Add More Reverb	/Library/Application Support/Logic/Plug-In Settings/Enveloper/Add More Reverb.pst
Logic	pst	Add Tail	/Library/Application Support/Logic/Plug-In Settings/Enveloper/Add Tail.pst
Logic	pst	Muddy Drum Loops	/Library/Application Support/Logic/Plug-In Settings/Enveloper/Muddy Drum Loops.pst
Logic	pst	Pumping Reverb	/Library/Application Support/Logic/Plug-In Settings/Enveloper/Pumping Reverb.pst
Logic	pst	Room Killer	/Library/Application Support/Logic/Plug-In Settings/Enveloper/Room Killer.pst
Logic	pst	#default	/Library/Application Support/Logic/Plug-In Settings/Exciter/#default.pst
Logic	pst	Add Silver	/Library/Application Support/Logic/Plug-In Settings/Exciter/Add Silver.pst
Logic	pst	Artificial Overload	/Library/Application Support/Logic/Plug-In Settings/Exciter/Artificial Overload.pst
Logic	pst	Edge Addition	/Library/Application Support/Logic/Plug-In Settings/Exciter/Edge Addition.pst
Logic	pst	Refresh Airless Material	/Library/Application Support/Logic/Plug-In Settings/Exciter/Refresh Airless Material.pst
Logic	pst	Sizzle	/Library/Application Support/Logic/Plug-In Settings/Exciter/Sizzle.pst
Logic	pst	Vocal Edge	/Library/Application Support/Logic/Plug-In Settings/Exciter/Vocal Edge.pst
Logic	pst	#default	/Library/Application Support/Logic/Plug-In Settings/Flanger/#default.pst
Logic	pst	Easy Flange	/Library/Application Support/Logic/Plug-In Settings/Flanger/Easy Flange.pst
Logic	pst	High Spheres	/Library/Application Support/Logic/Plug-In Settings/Flanger/High Spheres.pst
Logic	pst	Intensity Tuned Flange	/Library/Application Support/Logic/Plug-In Settings/Flanger/Intensity Tuned Flange.pst
Logic	pst	Notch Flanger	/Library/Application Support/Logic/Plug-In Settings/Flanger/Notch Flanger.pst
Logic	pst	Orange Flanger	/Library/Application Support/Logic/Plug-In Settings/Flanger/Orange Flanger.pst
Logic	pst	Resonator Flange	/Library/Application Support/Logic/Plug-In Settings/Flanger/Resonator Flange.pst
Logic	pst	Slow Harmonic Flanger	/Library/Application Support/Logic/Plug-In Settings/Flanger/Slow Harmonic Flanger.pst
Logic	pst	Warm Jet Flange	/Library/Application Support/Logic/Plug-In Settings/Flanger/Warm Jet Flange.pst
Logic	pst	Yellow Flanger	/Library/Application Support/Logic/Plug-In Settings/Flanger/Yellow Flanger.pst
Logic	pst	#default	/Library/Application Support/Logic/Plug-In Settings/Fuzz-Wah/#default.pst
Logic	pst	Bass Automatic 01	/Library/Application Support/Logic/Plug-In Settings/Fuzz-Wah/Bass Automatic 01.pst
Logic	pst	Bass Automatic 02	/Library/Application Support/Logic/Plug-In Settings/Fuzz-Wah/Bass Automatic 02.pst
Logic	pst	Crunchy Overdrive	/Library/Application Support/Logic/Plug-In Settings/Fuzz-Wah/Crunchy Overdrive.pst
Logic	pst	Cry Baby Wah-Wah	/Library/Application Support/Logic/Plug-In Settings/Fuzz-Wah/Cry Baby Wah-Wah.pst
Logic	pst	Funky Fuzz	/Library/Application Support/Logic/Plug-In Settings/Fuzz-Wah/Funky Fuzz.pst
Logic	pst	Responsive Wah-Wah	/Library/Application Support/Logic/Plug-In Settings/Fuzz-Wah/Responsive Wah-Wah.pst
Logic	pst	#default	/Library/Application Support/Logic/Plug-In Settings/Gain/#default.pst
Logic	pst	Convert To Mono	/Library/Application Support/Logic/Plug-In Settings/Gain/Convert To Mono.pst
Logic	pst	Invert Phase - Left	/Library/Application Support/Logic/Plug-In Settings/Gain/Invert Phase - Left.pst
Logic	pst	Invert Phase - Right	/Library/Application Support/Logic/Plug-In Settings/Gain/Invert Phase - Right.pst
Logic	pst	Invert Phase - Stereo	/Library/Application Support/Logic/Plug-In Settings/Gain/Invert Phase - Stereo.pst
Logic	pst	Invert Phase Left & Mono	/Library/Application Support/Logic/Plug-In Settings/Gain/Invert Phase Left & Mono.pst
Logic	pst	Swap Stereo Channels	/Library/Application Support/Logic/Plug-In Settings/Gain/Swap Stereo Channels.pst
Logic	pst	#default	/Library/Application Support/Logic/Plug-In Settings/Limiter/#default.pst
Logic	pst	For Classical Music	/Library/Application Support/Logic/Plug-In Settings/Limiter/For Classical Music.pst
Logic	pst	For Vocals	/Library/Application Support/Logic/Plug-In Settings/Limiter/For Vocals.pst
Logic	pst	#default	/Library/Application Support/Logic/Plug-In Settings/Microphaser/#default.pst
Logic	pst	Background Movement	/Library/Application Support/Logic/Plug-In Settings/Microphaser/Background Movement.pst
Logic	pst	Micro Light	/Library/Application Support/Logic/Plug-In Settings/Microphaser/Micro Light.pst
Logic	pst	Slow Heavy	/Library/Application Support/Logic/Plug-In Settings/Microphaser/Slow Heavy.pst
Logic	pst	Swirl	/Library/Application Support/Logic/Plug-In Settings/Microphaser/Swirl.pst
Logic	pst	Underwater	/Library/Application Support/Logic/Plug-In Settings/Microphaser/Underwater.pst
Logic	pst	#default	/Library/Application Support/Logic/Plug-In Settings/Modulation Delay/#default.pst
Logic	pst	Big Chorus	/Library/Application Support/Logic/Plug-In Settings/Modulation Delay/Big Chorus.pst
Logic	pst	Dimensional Flange Room	/Library/Application Support/Logic/Plug-In Settings/Modulation Delay/Dimensional Flange Room.pst
Logic	pst	Dual-Phase	/Library/Application Support/Logic/Plug-In Settings/Modulation Delay/Dual-Phase.pst
Logic	pst	Resonator High	/Library/Application Support/Logic/Plug-In Settings/Modulation Delay/Resonator High.pst
Logic	pst	Resonator Low	/Library/Application Support/Logic/Plug-In Settings/Modulation Delay/Resonator Low.pst
Logic	pst	Slow Flanger	/Library/Application Support/Logic/Plug-In Settings/Modulation Delay/Slow Flanger.pst
Logic	pst	Super Chorus	/Library/Application Support/Logic/Plug-In Settings/Modulation Delay/Super Chorus.pst
Logic	pst	#default	/Library/Application Support/Logic/Plug-In Settings/Multichannel Gain/#default.pst
Logic	pst	#default	/Library/Application Support/Logic/Plug-In Settings/Multipressor/#default.pst
Logic	pst	2-Band Compressor	/Library/Application Support/Logic/Plug-In Settings/Multipressor/2-Band Compressor.pst
Logic	pst	3-Band Compressor	/Library/Application Support/Logic/Plug-In Settings/Multipressor/3-Band Compressor.pst
Logic	pst	Bright Guitar Compressor	/Library/Application Support/Logic/Plug-In Settings/Multipressor/Bright Guitar Compressor.pst
Logic	pst	Extreme Deep Punch	/Library/Application Support/Logic/Plug-In Settings/Multipressor/Extreme Deep Punch.pst
Logic	pst	Fast Attack 4-Band	/Library/Application Support/Logic/Plug-In Settings/Multipressor/Fast Attack 4-Band.pst
Logic	pst	Final Hip Hop Compressor	/Library/Application Support/Logic/Plug-In Settings/Multipressor/Final Hip Hop Compressor.pst
Logic	pst	Final Pop Compressor	/Library/Application Support/Logic/Plug-In Settings/Multipressor/Final Pop Compressor.pst
Logic	pst	Final Rock Compressor	/Library/Application Support/Logic/Plug-In Settings/Multipressor/Final Rock Compressor.pst
Logic	pst	Hard Compressor	/Library/Application Support/Logic/Plug-In Settings/Multipressor/Hard Compressor.pst
Logic	pst	Hi-Fi Drums	/Library/Application Support/Logic/Plug-In Settings/Multipressor/Hi-Fi Drums.pst
Logic	pst	High Tide	/Library/Application Support/Logic/Plug-In Settings/Multipressor/High Tide.pst
Logic	pst	Punchy Deep Fatness	/Library/Application Support/Logic/Plug-In Settings/Multipressor/Punchy Deep Fatness.pst
Logic	pst	Punchy Drums	/Library/Application Support/Logic/Plug-In Settings/Multipressor/Punchy Drums.pst
Logic	pst	Slow Attack 4-Band	/Library/Application Support/Logic/Plug-In Settings/Multipressor/Slow Attack 4-Band.pst
Logic	pst	Strings Compressor	/Library/Application Support/Logic/Plug-In Settings/Multipressor/Strings Compressor.pst
Logic	pst	#default	/Library/Application Support/Logic/Plug-In Settings/Noise Gate/#default.pst
Logic	pst	Acoustic Bass Gate	/Library/Application Support/Logic/Plug-In Settings/Noise Gate/Acoustic Bass Gate.pst
Logic	pst	Backing Vocal Gate	/Library/Application Support/Logic/Plug-In Settings/Noise Gate/Backing Vocal Gate.pst
Logic	pst	Electric Bass Gate	/Library/Application Support/Logic/Plug-In Settings/Noise Gate/Electric Bass Gate.pst
Logic	pst	Fast Gate	/Library/Application Support/Logic/Plug-In Settings/Noise Gate/Fast Gate.pst
Logic	pst	Hard Floor Noise Cut	/Library/Application Support/Logic/Plug-In Settings/Noise Gate/Hard Floor Noise Cut.pst
Logic	pst	Percussion Gate	/Library/Application Support/Logic/Plug-In Settings/Noise Gate/Percussion Gate.pst
Logic	pst	Tighten Up	/Library/Application Support/Logic/Plug-In Settings/Noise Gate/Tighten Up.pst
Logic	pst	#default	/Library/Application Support/Logic/Plug-In Settings/Overdrive/#default.pst
Logic	pst	Blues Crisp	/Library/Application Support/Logic/Plug-In Settings/Overdrive/Blues Crisp.pst
Logic	pst	Bright Drive	/Library/Application Support/Logic/Plug-In Settings/Overdrive/Bright Drive.pst
Logic	pst	Bright Tube	/Library/Application Support/Logic/Plug-In Settings/Overdrive/Bright Tube.pst
Logic	pst	Clear Drive	/Library/Application Support/Logic/Plug-In Settings/Overdrive/Clear Drive.pst
Logic	pst	Creamy Tube	/Library/Application Support/Logic/Plug-In Settings/Overdrive/Creamy Tube.pst
Logic	pst	Hard Drive	/Library/Application Support/Logic/Plug-In Settings/Overdrive/Hard Drive.pst
Logic	pst	Hard and Loud	/Library/Application Support/Logic/Plug-In Settings/Overdrive/Hard and Loud.pst
Logic	pst	Heavy Drive	/Library/Application Support/Logic/Plug-In Settings/Overdrive/Heavy Drive.pst
Logic	pst	Hot Drive	/Library/Application Support/Logic/Plug-In Settings/Overdrive/Hot Drive.pst
Logic	pst	Lead Drive	/Library/Application Support/Logic/Plug-In Settings/Overdrive/Lead Drive.pst
Logic	pst	Warm Drive	/Library/Application Support/Logic/Plug-In Settings/Overdrive/Warm Drive.pst
Logic	pst	#default	/Library/Application Support/Logic/Plug-In Settings/Pedalboard/#default.pst
Logic	pst	All Tube	/Library/Application Support/Logic/Plug-In Settings/Pedalboard/01 Overdrive/All Tube.pst
Logic	pst	Beefy Stereo Burn	/Library/Application Support/Logic/Plug-In Settings/Pedalboard/01 Overdrive/Beefy Stereo Burn.pst
Logic	pst	Bias Burn	/Library/Application Support/Logic/Plug-In Settings/Pedalboard/01 Overdrive/Bias Burn.pst
Logic	pst	Big Burn	/Library/Application Support/Logic/Plug-In Settings/Pedalboard/01 Overdrive/Big Burn.pst
Logic	pst	Big Fat Stereo Burn	/Library/Application Support/Logic/Plug-In Settings/Pedalboard/01 Overdrive/Big Fat Stereo Burn.pst
Logic	pst	Bright Brit Boost	/Library/Application Support/Logic/Plug-In Settings/Pedalboard/01 Overdrive/Bright Brit Boost.pst
Logic	pst	Bright Burn	/Library/Application Support/Logic/Plug-In Settings/Pedalboard/01 Overdrive/Bright Burn.pst
Logic	pst	Bright Dragon	/Library/Application Support/Logic/Plug-In Settings/Pedalboard/01 Overdrive/Bright Dragon.pst
Logic	pst	Bright Vintage Drive	/Library/Application Support/Logic/Plug-In Settings/Pedalboard/01 Overdrive/Bright Vintage Drive.pst
Logic	pst	Chubby Tank Boost	/Library/Application Support/Logic/Plug-In Settings/Pedalboard/01 Overdrive/Chubby Tank Boost.pst
Logic	pst	Chunk Burn	/Library/Application Support/Logic/Plug-In Settings/Pedalboard/01 Overdrive/Chunk Burn.pst
Logic	pst	Contrast Stereo Burn	/Library/Application Support/Logic/Plug-In Settings/Pedalboard/01 Overdrive/Contrast Stereo Burn.pst
Logic	pst	Edgy Vintage Drive	/Library/Application Support/Logic/Plug-In Settings/Pedalboard/01 Overdrive/Edgy Vintage Drive.pst
Logic	pst	Fail Burn	/Library/Application Support/Logic/Plug-In Settings/Pedalboard/01 Overdrive/Fail Burn.pst
Logic	pst	Fat Burn	/Library/Application Support/Logic/Plug-In Settings/Pedalboard/01 Overdrive/Fat Burn.pst
Logic	pst	Fat Dragon	/Library/Application Support/Logic/Plug-In Settings/Pedalboard/01 Overdrive/Fat Dragon.pst
Logic	pst	Fire-Breathing Dragon	/Library/Application Support/Logic/Plug-In Settings/Pedalboard/01 Overdrive/Fire-Breathing Dragon.pst
Logic	pst	Light Boost	/Library/Application Support/Logic/Plug-In Settings/Pedalboard/01 Overdrive/Light Boost.pst
Logic	pst	Light Vintage Drive	/Library/Application Support/Logic/Plug-In Settings/Pedalboard/01 Overdrive/Light Vintage Drive.pst
Logic	pst	Metal Dragon	/Library/Application Support/Logic/Plug-In Settings/Pedalboard/01 Overdrive/Metal Dragon.pst
Logic	pst	Nasal Burn	/Library/Application Support/Logic/Plug-In Settings/Pedalboard/01 Overdrive/Nasal Burn.pst
Logic	pst	Obese Dragon	/Library/Application Support/Logic/Plug-In Settings/Pedalboard/01 Overdrive/Obese Dragon.pst
Logic	pst	Primitive Metal Boost	/Library/Application Support/Logic/Plug-In Settings/Pedalboard/01 Overdrive/Primitive Metal Boost.pst
Logic	pst	Scooped Burn	/Library/Application Support/Logic/Plug-In Settings/Pedalboard/01 Overdrive/Scooped Burn.pst
Logic	pst	Subtle Dragon	/Library/Application Support/Logic/Plug-In Settings/Pedalboard/01 Overdrive/Subtle Dragon.pst
Logic	pst	Subtle Stereo Burn	/Library/Application Support/Logic/Plug-In Settings/Pedalboard/01 Overdrive/Subtle Stereo Burn.pst
Logic	pst	Sun Burn	/Library/Application Support/Logic/Plug-In Settings/Pedalboard/01 Overdrive/Sun Burn.pst
Logic	pst	Warm Vintage Drive	/Library/Application Support/Logic/Plug-In Settings/Pedalboard/01 Overdrive/Warm Vintage Drive.pst
Logic	pst	Wide Stereo Burn	/Library/Application Support/Logic/Plug-In Settings/Pedalboard/01 Overdrive/Wide Stereo Burn.pst
Logic	pst	Bright Rawk!	/Library/Application Support/Logic/Plug-In Settings/Pedalboard/02 Distortion/Bright Rawk!.pst
Logic	pst	Crispy Fried	/Library/Application Support/Logic/Plug-In Settings/Pedalboard/02 Distortion/Crispy Fried.pst
Logic	pst	Dark Grind	/Library/Application Support/Logic/Plug-In Settings/Pedalboard/02 Distortion/Dark Grind.pst
Logic	pst	Dark Rawk!	/Library/Application Support/Logic/Plug-In Settings/Pedalboard/02 Distortion/Dark Rawk!.pst
Logic	pst	Dark Roast	/Library/Application Support/Logic/Plug-In Settings/Pedalboard/02 Distortion/Dark Roast.pst
Logic	pst	Fine Grind	/Library/Application Support/Logic/Plug-In Settings/Pedalboard/02 Distortion/Fine Grind.pst
Logic	pst	Light Rawk!	/Library/Application Support/Logic/Plug-In Settings/Pedalboard/02 Distortion/Light Rawk!.pst
Logic	pst	Lightly Baked	/Library/Application Support/Logic/Plug-In Settings/Pedalboard/02 Distortion/Lightly Baked.pst
Logic	pst	Metal Grind 1	/Library/Application Support/Logic/Plug-In Settings/Pedalboard/02 Distortion/Metal Grind 1.pst
Logic	pst	Metal Grind 2	/Library/Application Support/Logic/Plug-In Settings/Pedalboard/02 Distortion/Metal Grind 2.pst
Logic	pst	Metal Grind 3	/Library/Application Support/Logic/Plug-In Settings/Pedalboard/02 Distortion/Metal Grind 3.pst
Logic	pst	Molten Rawk!	/Library/Application Support/Logic/Plug-In Settings/Pedalboard/02 Distortion/Molten Rawk!.pst
Logic	pst	Pain Gain	/Library/Application Support/Logic/Plug-In Settings/Pedalboard/02 Distortion/Pain Gain.pst
Logic	pst	Serious Burn	/Library/Application Support/Logic/Plug-In Settings/Pedalboard/02 Distortion/Serious Burn.pst
Logic	pst	Big Bright Fuzz	/Library/Application Support/Logic/Plug-In Settings/Pedalboard/03 Fuzz/Big Bright Fuzz.pst
Logic	pst	Chupacabra Monster	/Library/Application Support/Logic/Plug-In Settings/Pedalboard/03 Fuzz/Chupacabra Monster.pst
Logic	pst	Cotton Candy	/Library/Application Support/Logic/Plug-In Settings/Pedalboard/03 Fuzz/Cotton Candy.pst
Logic	pst	Crunchy Candy	/Library/Application Support/Logic/Plug-In Settings/Pedalboard/03 Fuzz/Crunchy Candy.pst
Logic	pst	Dark Octafuzz	/Library/Application Support/Logic/Plug-In Settings/Pedalboard/03 Fuzz/Dark Octafuzz.pst
Logic	pst	Fat Amp	/Library/Application Support/Logic/Plug-In Settings/Pedalboard/03 Fuzz/Fat Amp.pst
Logic	pst	Fat Fuzz	/Library/Application Support/Logic/Plug-In Settings/Pedalboard/03 Fuzz/Fat Fuzz.pst
Logic	pst	Fizzy Fuzz	/Library/Application Support/Logic/Plug-In Settings/Pedalboard/03 Fuzz/Fizzy Fuzz.pst
Logic	pst	Fizzy Octafuzz	/Library/Application Support/Logic/Plug-In Settings/Pedalboard/03 Fuzz/Fizzy Octafuzz.pst
Logic	pst	Friendly Face	/Library/Application Support/Logic/Plug-In Settings/Pedalboard/03 Fuzz/Friendly Face.pst
Logic	pst	Hard Candy	/Library/Application Support/Logic/Plug-In Settings/Pedalboard/03 Fuzz/Hard Candy.pst
Logic	pst	Metallic Octafuzz	/Library/Application Support/Logic/Plug-In Settings/Pedalboard/03 Fuzz/Metallic Octafuzz.pst
Logic	pst	Mothman Monster	/Library/Application Support/Logic/Plug-In Settings/Pedalboard/03 Fuzz/Mothman Monster.pst
Logic	pst	Nessie Monster	/Library/Application Support/Logic/Plug-In Settings/Pedalboard/03 Fuzz/Nessie Monster.pst
Logic	pst	Sasquatch Monster	/Library/Application Support/Logic/Plug-In Settings/Pedalboard/03 Fuzz/Sasquatch Monster.pst
Logic	pst	Scary Face	/Library/Application Support/Logic/Plug-In Settings/Pedalboard/03 Fuzz/Scary Face.pst
Logic	pst	Sizzling Octafuzz	/Library/Application Support/Logic/Plug-In Settings/Pedalboard/03 Fuzz/Sizzling Octafuzz.pst
Logic	pst	Soft Candy	/Library/Application Support/Logic/Plug-In Settings/Pedalboard/03 Fuzz/Soft Candy.pst
Logic	pst	Subtle Face	/Library/Application Support/Logic/Plug-In Settings/Pedalboard/03 Fuzz/Subtle Face.pst
Logic	pst	Warm Fuzz	/Library/Application Support/Logic/Plug-In Settings/Pedalboard/03 Fuzz/Warm Fuzz.pst
Logic	pst	Yeti Monster	/Library/Application Support/Logic/Plug-In Settings/Pedalboard/03 Fuzz/Yeti Monster.pst
Logic	pst	Basic Squash	/Library/Application Support/Logic/Plug-In Settings/Pedalboard/04 Compressor/Basic Squash.pst
Logic	pst	Fat Squash	/Library/Application Support/Logic/Plug-In Settings/Pedalboard/04 Compressor/Fat Squash.pst
Logic	pst	Pumping Squash	/Library/Application Support/Logic/Plug-In Settings/Pedalboard/04 Compressor/Pumping Squash.pst
Logic	pst	Subtle Squash	/Library/Application Support/Logic/Plug-In Settings/Pedalboard/04 Compressor/Subtle Squash.pst
Logic	pst	Super-Sustain Squash	/Library/Application Support/Logic/Plug-In Settings/Pedalboard/04 Compressor/Super-Sustain Squash.pst
Logic	pst	Long Boutique Spring	/Library/Application Support/Logic/Plug-In Settings/Pedalboard/05 Reverb/Long Boutique Spring.pst
Logic	pst	Long Bright Spring	/Library/Application Support/Logic/Plug-In Settings/Pedalboard/05 Reverb/Long Bright Spring.pst
Logic	pst	Long Bright Vintage Spring	/Library/Application Support/Logic/Plug-In Settings/Pedalboard/05 Reverb/Long Bright Vintage Spring.pst
Logic	pst	Long Dark Vintage Spring	/Library/Application Support/Logic/Plug-In Settings/Pedalboard/05 Reverb/Long Dark Vintage Spring.pst
Logic	pst	Long Resonant Spring	/Library/Application Support/Logic/Plug-In Settings/Pedalboard/05 Reverb/Long Resonant Spring.pst
Logic	pst	Long Simple Spring	/Library/Application Support/Logic/Plug-In Settings/Pedalboard/05 Reverb/Long Simple Spring.pst
Logic	pst	Long Vintage Spring	/Library/Application Support/Logic/Plug-In Settings/Pedalboard/05 Reverb/Long Vintage Spring.pst
Logic	pst	Medium Boutique Spring	/Library/Application Support/Logic/Plug-In Settings/Pedalboard/05 Reverb/Medium Boutique Spring.pst
Logic	pst	Medium Bright Spring	/Library/Application Support/Logic/Plug-In Settings/Pedalboard/05 Reverb/Medium Bright Spring.pst
Logic	pst	Medium Dark Vintage Spring	/Library/Application Support/Logic/Plug-In Settings/Pedalboard/05 Reverb/Medium Dark Vintage Spring.pst
Logic	pst	Medium Resonant Spring	/Library/Application Support/Logic/Plug-In Settings/Pedalboard/05 Reverb/Medium Resonant Spring.pst
Logic	pst	Medium Simple Spring	/Library/Application Support/Logic/Plug-In Settings/Pedalboard/05 Reverb/Medium Simple Spring.pst
Logic	pst	Medium Vintage Spring	/Library/Application Support/Logic/Plug-In Settings/Pedalboard/05 Reverb/Medium Vintage Spring.pst
Logic	pst	Short Boutique Spring	/Library/Application Support/Logic/Plug-In Settings/Pedalboard/05 Reverb/Short Boutique Spring.pst
Logic	pst	Short Bright Spring	/Library/Application Support/Logic/Plug-In Settings/Pedalboard/05 Reverb/Short Bright Spring.pst
Logic	pst	Short Bright Vintage Spring	/Library/Application Support/Logic/Plug-In Settings/Pedalboard/05 Reverb/Short Bright Vintage Spring.pst
Logic	pst	Short Dark Vintage Spring	/Library/Application Support/Logic/Plug-In Settings/Pedalboard/05 Reverb/Short Dark Vintage Spring.pst
Logic	pst	Short Resonant Spring	/Library/Application Support/Logic/Plug-In Settings/Pedalboard/05 Reverb/Short Resonant Spring.pst
Logic	pst	Short Simple Spring	/Library/Application Support/Logic/Plug-In Settings/Pedalboard/05 Reverb/Short Simple Spring.pst
Logic	pst	Short Vintage Spring	/Library/Application Support/Logic/Plug-In Settings/Pedalboard/05 Reverb/Short Vintage Spring.pst
Logic	pst	Backward Echoes	/Library/Application Support/Logic/Plug-In Settings/Pedalboard/06 Delay/Backward Echoes.pst
Logic	pst	Backward Solo	/Library/Application Support/Logic/Plug-In Settings/Pedalboard/06 Delay/Backward Solo.pst
Logic	pst	Backward Tape (One Bar)	/Library/Application Support/Logic/Plug-In Settings/Pedalboard/06 Delay/Backward Tape (One Bar).pst
Logic	pst	Basic Echo	/Library/Application Support/Logic/Plug-In Settings/Pedalboard/06 Delay/Basic Echo.pst
Logic	pst	Basic Tape Delay	/Library/Application Support/Logic/Plug-In Settings/Pedalboard/06 Delay/Basic Tape Delay.pst
Logic	pst	Crisp Quarter-Note Echo	/Library/Application Support/Logic/Plug-In Settings/Pedalboard/06 Delay/Crisp Quarter-Note Echo.pst
Logic	pst	Dark & Dirty Tape Delay	/Library/Application Support/Logic/Plug-In Settings/Pedalboard/06 Delay/Dark & Dirty Tape Delay.pst
Logic	pst	Dark Feedback Echo Echo	/Library/Application Support/Logic/Plug-In Settings/Pedalboard/06 Delay/Dark Feedback Echo Echo.pst
Logic	pst	Dotted-Eighth Echo	/Library/Application Support/Logic/Plug-In Settings/Pedalboard/06 Delay/Dotted-Eighth Echo.pst
Logic	pst	Dotted-Eighth Tape Delay	/Library/Application Support/Logic/Plug-In Settings/Pedalboard/06 Delay/Dotted-Eighth Tape Delay.pst
Logic	pst	Eerie Echoes	/Library/Application Support/Logic/Plug-In Settings/Pedalboard/06 Delay/Eerie Echoes.pst
Logic	pst	Funky Old Tape Delay	/Library/Application Support/Logic/Plug-In Settings/Pedalboard/06 Delay/Funky Old Tape Delay.pst
Logic	pst	Negative Feedback	/Library/Application Support/Logic/Plug-In Settings/Pedalboard/06 Delay/Negative Feedback.pst
Logic	pst	Old Tape	/Library/Application Support/Logic/Plug-In Settings/Pedalboard/06 Delay/Old Tape.pst
Logic	pst	Reverse Engineering	/Library/Application Support/Logic/Plug-In Settings/Pedalboard/06 Delay/Reverse Engineering.pst
Logic	pst	Rockabilly Echo	/Library/Application Support/Logic/Plug-In Settings/Pedalboard/06 Delay/Rockabilly Echo.pst
Logic	pst	Short Sharp Tape Delay	/Library/Application Support/Logic/Plug-In Settings/Pedalboard/06 Delay/Short Sharp Tape Delay.pst
Logic	pst	Triplet Echo	/Library/Application Support/Logic/Plug-In Settings/Pedalboard/06 Delay/Triplet Echo.pst
Logic	pst	Warm Quarter-Note Tape Delay	/Library/Application Support/Logic/Plug-In Settings/Pedalboard/06 Delay/Warm Quarter-Note Tape Delay.pst
Logic	pst	70's Cinema Funk	/Library/Application Support/Logic/Plug-In Settings/Pedalboard/07 Filters/Auto-Filter/70's Cinema Funk.pst
Logic	pst	Reverse Filter Funk	/Library/Application Support/Logic/Plug-In Settings/Pedalboard/07 Filters/Auto-Filter/Reverse Filter Funk.pst
Logic	pst	Shimmer Funk	/Library/Application Support/Logic/Plug-In Settings/Pedalboard/07 Filters/Auto-Filter/Shimmer Funk.pst
Logic	pst	Subtle Filter Funk	/Library/Application Support/Logic/Plug-In Settings/Pedalboard/07 Filters/Auto-Filter/Subtle Filter Funk.pst
Logic	pst	Thin Filter Funk	/Library/Application Support/Logic/Plug-In Settings/Pedalboard/07 Filters/Auto-Filter/Thin Filter Funk.pst
Logic	pst	Touch Wah Funk	/Library/Application Support/Logic/Plug-In Settings/Pedalboard/07 Filters/Auto-Filter/Touch Wah Funk.pst
Logic	pst	Basic Wah (default)	/Library/Application Support/Logic/Plug-In Settings/Pedalboard/07 Filters/Wah/Basic Wah (default).pst
Logic	pst	Bold Wah	/Library/Application Support/Logic/Plug-In Settings/Pedalboard/07 Filters/Wah/Bold Wah.pst
Logic	pst	Hi Q Wah	/Library/Application Support/Logic/Plug-In Settings/Pedalboard/07 Filters/Wah/Hi Q Wah.pst
Logic	pst	Shimmering Wah	/Library/Application Support/Logic/Plug-In Settings/Pedalboard/07 Filters/Wah/Shimmering Wah.pst
Logic	pst	Subtle Wah	/Library/Application Support/Logic/Plug-In Settings/Pedalboard/07 Filters/Wah/Subtle Wah.pst
Logic	pst	Vintage Wah	/Library/Application Support/Logic/Plug-In Settings/Pedalboard/07 Filters/Wah/Vintage Wah.pst
Logic	pst	Vocal Wah	/Library/Application Support/Logic/Plug-In Settings/Pedalboard/07 Filters/Wah/Vocal Wah.pst
Logic	pst	1980s Pop Chorus	/Library/Application Support/Logic/Plug-In Settings/Pedalboard/08 Modulation/Chorus/1980s Pop Chorus.pst
Logic	pst	1980s Studio Chorus	/Library/Application Support/Logic/Plug-In Settings/Pedalboard/08 Modulation/Chorus/1980s Studio Chorus.pst
Logic	pst	Basic Retro Chorus	/Library/Application Support/Logic/Plug-In Settings/Pedalboard/08 Modulation/Chorus/Basic Retro Chorus.pst
Logic	pst	Classic Chorus	/Library/Application Support/Logic/Plug-In Settings/Pedalboard/08 Modulation/Chorus/Classic Chorus.pst
Logic	pst	Dreamy Retro Chorus	/Library/Application Support/Logic/Plug-In Settings/Pedalboard/08 Modulation/Chorus/Dreamy Retro Chorus.pst
Logic	pst	Fast Chorus	/Library/Application Support/Logic/Plug-In Settings/Pedalboard/08 Modulation/Chorus/Fast Chorus.pst
Logic	pst	Phasy Chorus	/Library/Application Support/Logic/Plug-In Settings/Pedalboard/08 Modulation/Chorus/Phasy Chorus.pst
Logic	pst	Rapid Retro Chorus	/Library/Application Support/Logic/Plug-In Settings/Pedalboard/08 Modulation/Chorus/Rapid Retro Chorus.pst
Logic	pst	Rich Chorus	/Library/Application Support/Logic/Plug-In Settings/Pedalboard/08 Modulation/Chorus/Rich Chorus.pst
Logic	pst	Slow Deep Retro Chorus	/Library/Application Support/Logic/Plug-In Settings/Pedalboard/08 Modulation/Chorus/Slow Deep Retro Chorus.pst
Logic	pst	Slow Dreamy Chorus	/Library/Application Support/Logic/Plug-In Settings/Pedalboard/08 Modulation/Chorus/Slow Dreamy Chorus.pst
Logic	pst	Subtle Chorus	/Library/Application Support/Logic/Plug-In Settings/Pedalboard/08 Modulation/Chorus/Subtle Chorus.pst
Logic	pst	Subtle Retro Chorus	/Library/Application Support/Logic/Plug-In Settings/Pedalboard/08 Modulation/Chorus/Subtle Retro Chorus.pst
Logic	pst	1980s Flanger	/Library/Application Support/Logic/Plug-In Settings/Pedalboard/08 Modulation/Flanger/1980s Flanger.pst
Logic	pst	Basic Flanger	/Library/Application Support/Logic/Plug-In Settings/Pedalboard/08 Modulation/Flanger/Basic Flanger.pst
Logic	pst	Classic Tape Flange	/Library/Application Support/Logic/Plug-In Settings/Pedalboard/08 Modulation/Flanger/Classic Tape Flange.pst
Logic	pst	Deep Flange	/Library/Application Support/Logic/Plug-In Settings/Pedalboard/08 Modulation/Flanger/Deep Flange.pst
Logic	pst	Echo Flange	/Library/Application Support/Logic/Plug-In Settings/Pedalboard/08 Modulation/Flanger/Echo Flange.pst
Logic	pst	Resonant Edge	/Library/Application Support/Logic/Plug-In Settings/Pedalboard/08 Modulation/Flanger/Resonant Edge.pst
Logic	pst	Slow Shimmer Flange	/Library/Application Support/Logic/Plug-In Settings/Pedalboard/08 Modulation/Flanger/Slow Shimmer Flange.pst
Logic	pst	Slow Tape Flange	/Library/Application Support/Logic/Plug-In Settings/Pedalboard/08 Modulation/Flanger/Slow Tape Flange.pst
Logic	pst	Soft Flange	/Library/Application Support/Logic/Plug-In Settings/Pedalboard/08 Modulation/Flanger/Soft Flange.pst
Logic	pst	Steel Drum Flange	/Library/Application Support/Logic/Plug-In Settings/Pedalboard/08 Modulation/Flanger/Steel Drum Flange.pst
Logic	pst	Subtle Flange	/Library/Application Support/Logic/Plug-In Settings/Pedalboard/08 Modulation/Flanger/Subtle Flange.pst
Logic	pst	Synchronized Flange	/Library/Application Support/Logic/Plug-In Settings/Pedalboard/08 Modulation/Flanger/Synchronized Flange.pst
Logic	pst	Too Much Flange	/Library/Application Support/Logic/Plug-In Settings/Pedalboard/08 Modulation/Flanger/Too Much Flange.pst
Logic	pst	Zipper Flange	/Library/Application Support/Logic/Plug-In Settings/Pedalboard/08 Modulation/Flanger/Zipper Flange.pst
Logic	pst	Zombie Flange	/Library/Application Support/Logic/Plug-In Settings/Pedalboard/08 Modulation/Flanger/Zombie Flange.pst
Logic	pst	Basic Phase	/Library/Application Support/Logic/Plug-In Settings/Pedalboard/08 Modulation/Phaser/Basic Phase.pst
Logic	pst	Basic Roto	/Library/Application Support/Logic/Plug-In Settings/Pedalboard/08 Modulation/Phaser/Basic Roto.pst
Logic	pst	Deep Phaze	/Library/Application Support/Logic/Plug-In Settings/Pedalboard/08 Modulation/Phaser/Deep Phaze.pst
Logic	pst	Eighth-Note Roto	/Library/Application Support/Logic/Plug-In Settings/Pedalboard/08 Modulation/Phaser/Eighth-Note Roto.pst
Logic	pst	Four-Bar Phase	/Library/Application Support/Logic/Plug-In Settings/Pedalboard/08 Modulation/Phaser/Four-Bar Phase.pst
Logic	pst	Four-Bar Roto	/Library/Application Support/Logic/Plug-In Settings/Pedalboard/08 Modulation/Phaser/Four-Bar Roto.pst
Logic	pst	Gentle Phaze	/Library/Application Support/Logic/Plug-In Settings/Pedalboard/08 Modulation/Phaser/Gentle Phaze.pst
Logic	pst	Heavy Roto	/Library/Application Support/Logic/Plug-In Settings/Pedalboard/08 Modulation/Phaser/Heavy Roto.pst
Logic	pst	Howling Phase	/Library/Application Support/Logic/Plug-In Settings/Pedalboard/08 Modulation/Phaser/Howling Phase.pst
Logic	pst	Mobius Phaze	/Library/Application Support/Logic/Plug-In Settings/Pedalboard/08 Modulation/Phaser/Mobius Phaze.pst
Logic	pst	Roto Phase Modern	/Library/Application Support/Logic/Plug-In Settings/Pedalboard/08 Modulation/Phaser/Roto Phase Modern.pst
Logic	pst	Roto Phase Vintage	/Library/Application Support/Logic/Plug-In Settings/Pedalboard/08 Modulation/Phaser/Roto Phase Vintage.pst
Logic	pst	Slow Deep Phase	/Library/Application Support/Logic/Plug-In Settings/Pedalboard/08 Modulation/Phaser/Slow Deep Phase.pst
Logic	pst	Slow Phase	/Library/Application Support/Logic/Plug-In Settings/Pedalboard/08 Modulation/Phaser/Slow Phase.pst
Logic	pst	Slow Phaze	/Library/Application Support/Logic/Plug-In Settings/Pedalboard/08 Modulation/Phaser/Slow Phaze.pst
Logic	pst	Slow Subtle Roto	/Library/Application Support/Logic/Plug-In Settings/Pedalboard/08 Modulation/Phaser/Slow Subtle Roto.pst
Logic	pst	Subliminal Roto	/Library/Application Support/Logic/Plug-In Settings/Pedalboard/08 Modulation/Phaser/Subliminal Roto.pst
Logic	pst	Subtle Phase	/Library/Application Support/Logic/Plug-In Settings/Pedalboard/08 Modulation/Phaser/Subtle Phase.pst
Logic	pst	Syncrho Phaze	/Library/Application Support/Logic/Plug-In Settings/Pedalboard/08 Modulation/Phaser/Syncrho Phaze.pst
Logic	pst	Tribble Phaze	/Library/Application Support/Logic/Plug-In Settings/Pedalboard/08 Modulation/Phaser/Tribble Phaze.pst
Logic	pst	Warm Phase	/Library/Application Support/Logic/Plug-In Settings/Pedalboard/08 Modulation/Phaser/Warm Phase.pst
Logic	pst	Whistling Phase	/Library/Application Support/Logic/Plug-In Settings/Pedalboard/08 Modulation/Phaser/Whistling Phase.pst
Logic	pst	Basic Spin	/Library/Application Support/Logic/Plug-In Settings/Pedalboard/08 Modulation/Rotator/Basic Spin.pst
Logic	pst	Fast & Dirty Spin	/Library/Application Support/Logic/Plug-In Settings/Pedalboard/08 Modulation/Rotator/Fast & Dirty Spin.pst
Logic	pst	No-Amp Spin	/Library/Application Support/Logic/Plug-In Settings/Pedalboard/08 Modulation/Rotator/No-Amp Spin.pst
Logic	pst	Proline Spin	/Library/Application Support/Logic/Plug-In Settings/Pedalboard/08 Modulation/Rotator/Proline Spin.pst
Logic	pst	Slow Drive Spin	/Library/Application Support/Logic/Plug-In Settings/Pedalboard/08 Modulation/Rotator/Slow Drive Spin.pst
Logic	pst	Split Spin	/Library/Application Support/Logic/Plug-In Settings/Pedalboard/08 Modulation/Rotator/Split Spin.pst
Logic	pst	Basic Trem	/Library/Application Support/Logic/Plug-In Settings/Pedalboard/08 Modulation/Tremolo/Basic Trem.pst
Logic	pst	Eighth-Note Trem	/Library/Application Support/Logic/Plug-In Settings/Pedalboard/08 Modulation/Tremolo/Eighth-Note Trem.pst
Logic	pst	Fast Flicker Total Trem	/Library/Application Support/Logic/Plug-In Settings/Pedalboard/08 Modulation/Tremolo/Fast Flicker Total Trem.pst
Logic	pst	Fast Sync Total Trem	/Library/Application Support/Logic/Plug-In Settings/Pedalboard/08 Modulation/Tremolo/Fast Sync Total Trem.pst
Logic	pst	Hard Chop Total Trem	/Library/Application Support/Logic/Plug-In Settings/Pedalboard/08 Modulation/Tremolo/Hard Chop Total Trem.pst
Logic	pst	Heartthrob Trem	/Library/Application Support/Logic/Plug-In Settings/Pedalboard/08 Modulation/Tremolo/Heartthrob Trem.pst
Logic	pst	Light Trem	/Library/Application Support/Logic/Plug-In Settings/Pedalboard/08 Modulation/Tremolo/Light Trem.pst
Logic	pst	Quarter-Note Trem	/Library/Application Support/Logic/Plug-In Settings/Pedalboard/08 Modulation/Tremolo/Quarter-Note Trem.pst
Logic	pst	Sixteenth-Note Trem	/Library/Application Support/Logic/Plug-In Settings/Pedalboard/08 Modulation/Tremolo/Sixteenth-Note Trem.pst
Logic	pst	Slow Sync Total Trem	/Library/Application Support/Logic/Plug-In Settings/Pedalboard/08 Modulation/Tremolo/Slow Sync Total Trem.pst
Logic	pst	Slow Sync Trem	/Library/Application Support/Logic/Plug-In Settings/Pedalboard/08 Modulation/Tremolo/Slow Sync Trem.pst
Logic	pst	Smooth Deep Total Trem	/Library/Application Support/Logic/Plug-In Settings/Pedalboard/08 Modulation/Tremolo/Smooth Deep Total Trem.pst
Logic	pst	Subliminal Trem	/Library/Application Support/Logic/Plug-In Settings/Pedalboard/08 Modulation/Tremolo/Subliminal Trem.pst
Logic	pst	Sync Trem Fast	/Library/Application Support/Logic/Plug-In Settings/Pedalboard/08 Modulation/Tremolo/Sync Trem Fast.pst
Logic	pst	Triplet Trem	/Library/Application Support/Logic/Plug-In Settings/Pedalboard/08 Modulation/Tremolo/Triplet Trem.pst
Logic	pst	Basic Vibe	/Library/Application Support/Logic/Plug-In Settings/Pedalboard/08 Modulation/Vibrato/Basic Vibe.pst
Logic	pst	Chorale Vibe	/Library/Application Support/Logic/Plug-In Settings/Pedalboard/08 Modulation/Vibrato/Chorale Vibe.pst
Logic	pst	Eighth-Note Vibe	/Library/Application Support/Logic/Plug-In Settings/Pedalboard/08 Modulation/Vibrato/Eighth-Note Vibe.pst
Logic	pst	Heavy Vibe	/Library/Application Support/Logic/Plug-In Settings/Pedalboard/08 Modulation/Vibrato/Heavy Vibe.pst
Logic	pst	Slow Subtle Vibe	/Library/Application Support/Logic/Plug-In Settings/Pedalboard/08 Modulation/Vibrato/Slow Subtle Vibe.pst
Logic	pst	Sync Vibe 2	/Library/Application Support/Logic/Plug-In Settings/Pedalboard/08 Modulation/Vibrato/Sync Vibe 2.pst
Logic	pst	Sync Vibe 3	/Library/Application Support/Logic/Plug-In Settings/Pedalboard/08 Modulation/Vibrato/Sync Vibe 3.pst
Logic	pst	Wiggle Vibe	/Library/Application Support/Logic/Plug-In Settings/Pedalboard/08 Modulation/Vibrato/Wiggle Vibe.pst
Logic	pst	Classic Octave	/Library/Application Support/Logic/Plug-In Settings/Pedalboard/09 Pitch/Classic Octave.pst
Logic	pst	Double Octave	/Library/Application Support/Logic/Plug-In Settings/Pedalboard/09 Pitch/Double Octave.pst
Logic	pst	Fourth Down	/Library/Application Support/Logic/Plug-In Settings/Pedalboard/09 Pitch/Fourth Down.pst
Logic	pst	Manual Chorus	/Library/Application Support/Logic/Plug-In Settings/Pedalboard/09 Pitch/Manual Chorus.pst
Logic	pst	Octave Only	/Library/Application Support/Logic/Plug-In Settings/Pedalboard/09 Pitch/Octave Only.pst
Logic	pst	Octave Up Mix	/Library/Application Support/Logic/Plug-In Settings/Pedalboard/09 Pitch/Octave Up Mix.pst
Logic	pst	Octave Up	/Library/Application Support/Logic/Plug-In Settings/Pedalboard/09 Pitch/Octave Up.pst
Logic	pst	Octaves Only	/Library/Application Support/Logic/Plug-In Settings/Pedalboard/09 Pitch/Octaves Only.pst
Logic	pst	Seconds to Spare	/Library/Application Support/Logic/Plug-In Settings/Pedalboard/09 Pitch/Seconds to Spare.pst
Logic	pst	Subtle Octave	/Library/Application Support/Logic/Plug-In Settings/Pedalboard/09 Pitch/Subtle Octave.pst
Logic	pst	Take the Fifth	/Library/Application Support/Logic/Plug-In Settings/Pedalboard/09 Pitch/Take the Fifth.pst
Logic	pst	Tritone Trouble	/Library/Application Support/Logic/Plug-In Settings/Pedalboard/09 Pitch/Tritone Trouble.pst
Logic	pst	Two Octave Mix	/Library/Application Support/Logic/Plug-In Settings/Pedalboard/09 Pitch/Two Octave Mix.pst
Logic	pst	Two Octaves Down	/Library/Application Support/Logic/Plug-In Settings/Pedalboard/09 Pitch/Two Octaves Down.pst
Logic	pst	Two Octaves Up	/Library/Application Support/Logic/Plug-In Settings/Pedalboard/09 Pitch/Two Octaves Up.pst
Logic	pst	Body Builder	/Library/Application Support/Logic/Plug-In Settings/Pedalboard/10 EQ/Body Builder.pst
Logic	pst	Sizzler	/Library/Application Support/Logic/Plug-In Settings/Pedalboard/10 EQ/Sizzler.pst
Logic	pst	Slight Sparkle	/Library/Application Support/Logic/Plug-In Settings/Pedalboard/10 EQ/Slight Sparkle.pst
Logic	pst	Super Scoop	/Library/Application Support/Logic/Plug-In Settings/Pedalboard/10 EQ/Super Scoop.pst
Logic	pst	Treble Tamer	/Library/Application Support/Logic/Plug-In Settings/Pedalboard/10 EQ/Treble Tamer.pst
Logic	pst	Big Bad Bass	/Library/Application Support/Logic/Plug-In Settings/Pedalboard/Complete Pedalboards/Big Bad Bass.pst
Logic	pst	Boutique Board	/Library/Application Support/Logic/Plug-In Settings/Pedalboard/Complete Pedalboards/Boutique Board.pst
Logic	pst	Boutique Grit	/Library/Application Support/Logic/Plug-In Settings/Pedalboard/Complete Pedalboards/Boutique Grit.pst
Logic	pst	British Blues	/Library/Application Support/Logic/Plug-In Settings/Pedalboard/Complete Pedalboards/British Blues.pst
Logic	pst	Chewy Chewy Burn Burn	/Library/Application Support/Logic/Plug-In Settings/Pedalboard/Complete Pedalboards/Chewy Chewy Burn Burn.pst
Logic	pst	Classic Country	/Library/Application Support/Logic/Plug-In Settings/Pedalboard/Complete Pedalboards/Classic Country.pst
Logic	pst	Clean vs. Crunch	/Library/Application Support/Logic/Plug-In Settings/Pedalboard/Complete Pedalboards/Clean vs. Crunch.pst
Logic	pst	Cool Jazz	/Library/Application Support/Logic/Plug-In Settings/Pedalboard/Complete Pedalboards/Cool Jazz.pst
Logic	pst	Dirt Spinner	/Library/Application Support/Logic/Plug-In Settings/Pedalboard/Complete Pedalboards/Dirt Spinner.pst
Logic	pst	Double Down Octave	/Library/Application Support/Logic/Plug-In Settings/Pedalboard/Complete Pedalboards/Double Down Octave.pst
Logic	pst	Dub Reggae	/Library/Application Support/Logic/Plug-In Settings/Pedalboard/Complete Pedalboards/Dub Reggae.pst
Logic	pst	Eighties Metal	/Library/Application Support/Logic/Plug-In Settings/Pedalboard/Complete Pedalboards/Eighties Metal.pst
Logic	pst	Eighties Pop-Rock	/Library/Application Support/Logic/Plug-In Settings/Pedalboard/Complete Pedalboards/Eighties Pop-Rock.pst
Logic	pst	Fascinating Flange	/Library/Application Support/Logic/Plug-In Settings/Pedalboard/Complete Pedalboards/Fascinating Flange.pst
Logic	pst	Flashback Wah	/Library/Application Support/Logic/Plug-In Settings/Pedalboard/Complete Pedalboards/Flashback Wah.pst
Logic	pst	Funkadelia	/Library/Application Support/Logic/Plug-In Settings/Pedalboard/Complete Pedalboards/Funkadelia.pst
Logic	pst	Grit and Grind	/Library/Application Support/Logic/Plug-In Settings/Pedalboard/Complete Pedalboards/Grit and Grind.pst
Logic	pst	Helium	/Library/Application Support/Logic/Plug-In Settings/Pedalboard/Complete Pedalboards/Helium.pst
Logic	pst	Industrial Damage	/Library/Application Support/Logic/Plug-In Settings/Pedalboard/Complete Pedalboards/Industrial Damage.pst
Logic	pst	Jazz Fusion	/Library/Application Support/Logic/Plug-In Settings/Pedalboard/Complete Pedalboards/Jazz Fusion.pst
Logic	pst	Luscious Modulation	/Library/Application Support/Logic/Plug-In Settings/Pedalboard/Complete Pedalboards/Luscious Modulation.pst
Logic	pst	Modern Country	/Library/Application Support/Logic/Plug-In Settings/Pedalboard/Complete Pedalboards/Modern Country.pst
Logic	pst	Modern Metal Wah	/Library/Application Support/Logic/Plug-In Settings/Pedalboard/Complete Pedalboards/Modern Metal Wah.pst
Logic	pst	Multiphasic Personality	/Library/Application Support/Logic/Plug-In Settings/Pedalboard/Complete Pedalboards/Multiphasic Personality.pst
Logic	pst	Nineteen Eighty-Four	/Library/Application Support/Logic/Plug-In Settings/Pedalboard/Complete Pedalboards/Nineteen Eighty-Four.pst
Logic	pst	Old-School R&B	/Library/Application Support/Logic/Plug-In Settings/Pedalboard/Complete Pedalboards/Old-School R&B.pst
Logic	pst	Rackmount Rock	/Library/Application Support/Logic/Plug-In Settings/Pedalboard/Complete Pedalboards/Rackmount Rock.pst
Logic	pst	Session Cat	/Library/Application Support/Logic/Plug-In Settings/Pedalboard/Complete Pedalboards/Session Cat.pst
Logic	pst	Seventies Metal	/Library/Application Support/Logic/Plug-In Settings/Pedalboard/Complete Pedalboards/Seventies Metal.pst
Logic	pst	Seventies Stadium	/Library/Application Support/Logic/Plug-In Settings/Pedalboard/Complete Pedalboards/Seventies Stadium.pst
Logic	pst	Sharp Teeth	/Library/Application Support/Logic/Plug-In Settings/Pedalboard/Complete Pedalboards/Sharp Teeth.pst
Logic	pst	Shoegazer	/Library/Application Support/Logic/Plug-In Settings/Pedalboard/Complete Pedalboards/Shoegazer.pst
Logic	pst	Synth Bass	/Library/Application Support/Logic/Plug-In Settings/Pedalboard/Complete Pedalboards/Synth Bass.pst
Logic	pst	Talking Flange	/Library/Application Support/Logic/Plug-In Settings/Pedalboard/Complete Pedalboards/Talking Flange.pst
Logic	pst	Texas Blues	/Library/Application Support/Logic/Plug-In Settings/Pedalboard/Complete Pedalboards/Texas Blues.pst
Logic	pst	Tube Vibe	/Library/Application Support/Logic/Plug-In Settings/Pedalboard/Complete Pedalboards/Tube Vibe.pst
Logic	pst	Upstairs Downstairs	/Library/Application Support/Logic/Plug-In Settings/Pedalboard/Complete Pedalboards/Upstairs Downstairs.pst
Logic	pst	Wah Tube	/Library/Application Support/Logic/Plug-In Settings/Pedalboard/Complete Pedalboards/Wah Tube.pst
Logic	pst	Wham Solo	/Library/Application Support/Logic/Plug-In Settings/Pedalboard/Complete Pedalboards/Wham Solo.pst
Logic	pst	Wide Wah	/Library/Application Support/Logic/Plug-In Settings/Pedalboard/Complete Pedalboards/Wide Wah.pst
Logic	pst	Wiggle Room	/Library/Application Support/Logic/Plug-In Settings/Pedalboard/Complete Pedalboards/Wiggle Room.pst
Logic	pst	Zontar	/Library/Application Support/Logic/Plug-In Settings/Pedalboard/Complete Pedalboards/Zontar.pst
Logic	pst	Classic Octave	/Library/Application Support/Logic/Plug-In Settings/Pedalboard/Stompbox Banks/Individual Pedals/Dr. Octave/Classic Octave.pst
Logic	pst	Double Octave	/Library/Application Support/Logic/Plug-In Settings/Pedalboard/Stompbox Banks/Individual Pedals/Dr. Octave/Double Octave.pst
Logic	pst	Octave Only	/Library/Application Support/Logic/Plug-In Settings/Pedalboard/Stompbox Banks/Individual Pedals/Dr. Octave/Octave Only.pst
Logic	pst	Octaves Only	/Library/Application Support/Logic/Plug-In Settings/Pedalboard/Stompbox Banks/Individual Pedals/Dr. Octave/Octaves Only.pst
Logic	pst	Subtle Octave	/Library/Application Support/Logic/Plug-In Settings/Pedalboard/Stompbox Banks/Individual Pedals/Dr. Octave/Subtle Octave.pst
Logic	pst	Classic Tape Flange	/Library/Application Support/Logic/Plug-In Settings/Pedalboard/Stompbox Banks/Individual Pedals/Flange Factory/Classic Tape Flange.pst
Logic	pst	Deep Flange	/Library/Application Support/Logic/Plug-In Settings/Pedalboard/Stompbox Banks/Individual Pedals/Flange Factory/Deep Flange.pst
Logic	pst	Resonant Edge	/Library/Application Support/Logic/Plug-In Settings/Pedalboard/Stompbox Banks/Individual Pedals/Flange Factory/Resonant Edge.pst
Logic	pst	Subtle Flange	/Library/Application Support/Logic/Plug-In Settings/Pedalboard/Stompbox Banks/Individual Pedals/Flange Factory/Subtle Flange.pst
Logic	pst	Too Much Flange	/Library/Application Support/Logic/Plug-In Settings/Pedalboard/Stompbox Banks/Individual Pedals/Flange Factory/Too Much Flange.pst
Logic	pst	Body Builder	/Library/Application Support/Logic/Plug-In Settings/Pedalboard/Stompbox Banks/Individual Pedals/Graphic EQ/Body Builder.pst
Logic	pst	Sizzler	/Library/Application Support/Logic/Plug-In Settings/Pedalboard/Stompbox Banks/Individual Pedals/Graphic EQ/Sizzler.pst
Logic	pst	Slight Sparkle	/Library/Application Support/Logic/Plug-In Settings/Pedalboard/Stompbox Banks/Individual Pedals/Graphic EQ/Slight Sparkle.pst
Logic	pst	Super Scoop	/Library/Application Support/Logic/Plug-In Settings/Pedalboard/Stompbox Banks/Individual Pedals/Graphic EQ/Super Scoop.pst
Logic	pst	Treble Tamer	/Library/Application Support/Logic/Plug-In Settings/Pedalboard/Stompbox Banks/Individual Pedals/Graphic EQ/Treble Tamer.pst
Logic	pst	Crispy Fried	/Library/Application Support/Logic/Plug-In Settings/Pedalboard/Stompbox Banks/Individual Pedals/Grit/Crispy Fried.pst
Logic	pst	Dark Roast	/Library/Application Support/Logic/Plug-In Settings/Pedalboard/Stompbox Banks/Individual Pedals/Grit/Dark Roast.pst
Logic	pst	Lightly Baked	/Library/Application Support/Logic/Plug-In Settings/Pedalboard/Stompbox Banks/Individual Pedals/Grit/Lightly Baked.pst
Logic	pst	Pain Gain	/Library/Application Support/Logic/Plug-In Settings/Pedalboard/Stompbox Banks/Individual Pedals/Grit/Pain Gain.pst
Logic	pst	Serious Burn	/Library/Application Support/Logic/Plug-In Settings/Pedalboard/Stompbox Banks/Individual Pedals/Grit/Serious Burn.pst
Logic	pst	Backward Solo	/Library/Application Support/Logic/Plug-In Settings/Pedalboard/Stompbox Banks/Individual Pedals/Tie Dye Delay/Backward Solo.pst
Logic	pst	Eerie Echoes	/Library/Application Support/Logic/Plug-In Settings/Pedalboard/Stompbox Banks/Individual Pedals/Tie Dye Delay/Eerie Echoes.pst
Logic	pst	Negative Feedback	/Library/Application Support/Logic/Plug-In Settings/Pedalboard/Stompbox Banks/Individual Pedals/Tie Dye Delay/Negative Feedback.pst
Logic	pst	Old Tape	/Library/Application Support/Logic/Plug-In Settings/Pedalboard/Stompbox Banks/Individual Pedals/Tie Dye Delay/Old Tape.pst
Logic	pst	Reverse Engineering	/Library/Application Support/Logic/Plug-In Settings/Pedalboard/Stompbox Banks/Individual Pedals/Tie Dye Delay/Reverse Engineering.pst
Logic	pst	Basic Burn	/Library/Application Support/Logic/Plug-In Settings/Pedalboard/Stompbox Banks/Individual Pedals/Tube Burner/Basic Burn.pst
Logic	pst	Beefy Stereo Burn	/Library/Application Support/Logic/Plug-In Settings/Pedalboard/Stompbox Banks/Individual Pedals/Tube Burner/Beefy Stereo Burn.pst
Logic	pst	Bias Burn	/Library/Application Support/Logic/Plug-In Settings/Pedalboard/Stompbox Banks/Individual Pedals/Tube Burner/Bias Burn.pst
Logic	pst	Big Burn	/Library/Application Support/Logic/Plug-In Settings/Pedalboard/Stompbox Banks/Individual Pedals/Tube Burner/Big Burn.pst
Logic	pst	Big Fat Stereo Burn	/Library/Application Support/Logic/Plug-In Settings/Pedalboard/Stompbox Banks/Individual Pedals/Tube Burner/Big Fat Stereo Burn.pst
Logic	pst	Bright Burn	/Library/Application Support/Logic/Plug-In Settings/Pedalboard/Stompbox Banks/Individual Pedals/Tube Burner/Bright Burn.pst
Logic	pst	Chunk Burn	/Library/Application Support/Logic/Plug-In Settings/Pedalboard/Stompbox Banks/Individual Pedals/Tube Burner/Chunk Burn.pst
Logic	pst	Contrast Stereo Burn	/Library/Application Support/Logic/Plug-In Settings/Pedalboard/Stompbox Banks/Individual Pedals/Tube Burner/Contrast Stereo Burn.pst
Logic	pst	FAIL Burn	/Library/Application Support/Logic/Plug-In Settings/Pedalboard/Stompbox Banks/Individual Pedals/Tube Burner/FAIL Burn.pst
Logic	pst	Fat Burn	/Library/Application Support/Logic/Plug-In Settings/Pedalboard/Stompbox Banks/Individual Pedals/Tube Burner/Fat Burn.pst
Logic	pst	Nasal Burn	/Library/Application Support/Logic/Plug-In Settings/Pedalboard/Stompbox Banks/Individual Pedals/Tube Burner/Nasal Burn.pst
Logic	pst	Scooped Burn	/Library/Application Support/Logic/Plug-In Settings/Pedalboard/Stompbox Banks/Individual Pedals/Tube Burner/Scooped Burn.pst
Logic	pst	Subtle Stereo Burn	/Library/Application Support/Logic/Plug-In Settings/Pedalboard/Stompbox Banks/Individual Pedals/Tube Burner/Subtle Stereo Burn.pst
Logic	pst	Sun Burn	/Library/Application Support/Logic/Plug-In Settings/Pedalboard/Stompbox Banks/Individual Pedals/Tube Burner/Sun Burn.pst
Logic	pst	Wide Stereo Burn	/Library/Application Support/Logic/Plug-In Settings/Pedalboard/Stompbox Banks/Individual Pedals/Tube Burner/Wide Stereo Burn.pst
Logic	pst	Fourth Down	/Library/Application Support/Logic/Plug-In Settings/Pedalboard/Stompbox Banks/Individual Pedals/Wham/Fourth Down.pst
Logic	pst	Manual Chorus	/Library/Application Support/Logic/Plug-In Settings/Pedalboard/Stompbox Banks/Individual Pedals/Wham/Manual Chorus.pst
Logic	pst	Octave Up Mix	/Library/Application Support/Logic/Plug-In Settings/Pedalboard/Stompbox Banks/Individual Pedals/Wham/Octave Up Mix.pst
Logic	pst	Octave Up	/Library/Application Support/Logic/Plug-In Settings/Pedalboard/Stompbox Banks/Individual Pedals/Wham/Octave Up.pst
Logic	pst	Seconds to Spare	/Library/Application Support/Logic/Plug-In Settings/Pedalboard/Stompbox Banks/Individual Pedals/Wham/Seconds to Spare.pst
Logic	pst	Take the Fifth	/Library/Application Support/Logic/Plug-In Settings/Pedalboard/Stompbox Banks/Individual Pedals/Wham/Take the Fifth.pst
Logic	pst	Tritone Trouble	/Library/Application Support/Logic/Plug-In Settings/Pedalboard/Stompbox Banks/Individual Pedals/Wham/Tritone Trouble.pst
Logic	pst	Two Octave Mix	/Library/Application Support/Logic/Plug-In Settings/Pedalboard/Stompbox Banks/Individual Pedals/Wham/Two Octave Mix.pst
Logic	pst	Two Octaves Down	/Library/Application Support/Logic/Plug-In Settings/Pedalboard/Stompbox Banks/Individual Pedals/Wham/Two Octaves Down.pst
Logic	pst	Two Octaves Up	/Library/Application Support/Logic/Plug-In Settings/Pedalboard/Stompbox Banks/Individual Pedals/Wham/Two Octaves Up.pst
Logic	pst	Auto-Funk Bank	/Library/Application Support/Logic/Plug-In Settings/Pedalboard/Stompbox Banks/Pedalboard Banks/Auto-Funk Bank.pst
Logic	pst	Blue Echo Bank	/Library/Application Support/Logic/Plug-In Settings/Pedalboard/Stompbox Banks/Pedalboard Banks/Blue Echo Bank.pst
Logic	pst	Candy Fuzz Bank	/Library/Application Support/Logic/Plug-In Settings/Pedalboard/Stompbox Banks/Pedalboard Banks/Candy Fuzz Bank.pst
Logic	pst	Classic Wah Bank	/Library/Application Support/Logic/Plug-In Settings/Pedalboard/Stompbox Banks/Pedalboard Banks/Classic Wah Bank.pst
Logic	pst	Double Dragon Bank	/Library/Application Support/Logic/Plug-In Settings/Pedalboard/Stompbox Banks/Pedalboard Banks/Double Dragon Bank.pst
Logic	pst	Dr. Octave Bank	/Library/Application Support/Logic/Plug-In Settings/Pedalboard/Stompbox Banks/Pedalboard Banks/Dr. Octave Bank.pst
Logic	pst	Flange Factory Bank	/Library/Application Support/Logic/Plug-In Settings/Pedalboard/Stompbox Banks/Pedalboard Banks/Flange Factory Bank.pst
Logic	pst	Fuzz Machine Bank	/Library/Application Support/Logic/Plug-In Settings/Pedalboard/Stompbox Banks/Pedalboard Banks/Fuzz Machine Bank.pst
Logic	pst	Graphic EQ Bank	/Library/Application Support/Logic/Plug-In Settings/Pedalboard/Stompbox Banks/Pedalboard Banks/Graphic EQ Bank.pst
Logic	pst	Grinder Bank	/Library/Application Support/Logic/Plug-In Settings/Pedalboard/Stompbox Banks/Pedalboard Banks/Grinder Bank.pst
Logic	pst	Grit Bank	/Library/Application Support/Logic/Plug-In Settings/Pedalboard/Stompbox Banks/Pedalboard Banks/Grit Bank.pst
Logic	pst	Happy Face Fuzz Bank	/Library/Application Support/Logic/Plug-In Settings/Pedalboard/Stompbox Banks/Pedalboard Banks/Happy Face Fuzz Bank.pst
Logic	pst	Heavenly Chorus Bank	/Library/Application Support/Logic/Plug-In Settings/Pedalboard/Stompbox Banks/Pedalboard Banks/Heavenly Chorus Bank.pst
Logic	pst	Hi-Drive Bank	/Library/Application Support/Logic/Plug-In Settings/Pedalboard/Stompbox Banks/Pedalboard Banks/Hi-Drive Bank.pst
Logic	pst	Modern Wah Bank	/Library/Application Support/Logic/Plug-In Settings/Pedalboard/Stompbox Banks/Pedalboard Banks/Modern Wah Bank.pst
Logic	pst	Monster Fuzz Bank	/Library/Application Support/Logic/Plug-In Settings/Pedalboard/Stompbox Banks/Pedalboard Banks/Monster Fuzz Bank.pst
Logic	pst	Octafuzz Bank	/Library/Application Support/Logic/Plug-In Settings/Pedalboard/Stompbox Banks/Pedalboard Banks/Octafuzz Bank.pst
Logic	pst	Phase Tripper Bank	/Library/Application Support/Logic/Plug-In Settings/Pedalboard/Stompbox Banks/Pedalboard Banks/Phase Tripper Bank.pst
Logic	pst	Phaze 2 Bank	/Library/Application Support/Logic/Plug-In Settings/Pedalboard/Stompbox Banks/Pedalboard Banks/Phaze 2 Bank.pst
Logic	pst	Rawk! Distortion Bank	/Library/Application Support/Logic/Plug-In Settings/Pedalboard/Stompbox Banks/Pedalboard Banks/Rawk! Distortion Bank.pst
Logic	pst	Retro Chorus Bank	/Library/Application Support/Logic/Plug-In Settings/Pedalboard/Stompbox Banks/Pedalboard Banks/Retro Chorus Bank.pst
Logic	pst	Robo Flanger Bank	/Library/Application Support/Logic/Plug-In Settings/Pedalboard/Stompbox Banks/Pedalboard Banks/Robo Flanger Bank.pst
Logic	pst	Roswell Ringer Bank	/Library/Application Support/Logic/Plug-In Settings/Pedalboard/Stompbox Banks/Pedalboard Banks/Roswell Ringer Bank.pst
Logic	pst	Roto Phase Bank	/Library/Application Support/Logic/Plug-In Settings/Pedalboard/Stompbox Banks/Pedalboard Banks/Roto Phase Bank.pst
Logic	pst	Spin Box Bank	/Library/Application Support/Logic/Plug-In Settings/Pedalboard/Stompbox Banks/Pedalboard Banks/Spin Box Bank.pst
Logic	pst	Spring Box Bank	/Library/Application Support/Logic/Plug-In Settings/Pedalboard/Stompbox Banks/Pedalboard Banks/Spring Box Bank.pst
Logic	pst	Squash Compressor Bank	/Library/Application Support/Logic/Plug-In Settings/Pedalboard/Stompbox Banks/Pedalboard Banks/Squash Compressor Bank.pst
Logic	pst	The Vibe Bank	/Library/Application Support/Logic/Plug-In Settings/Pedalboard/Stompbox Banks/Pedalboard Banks/The Vibe Bank.pst
Logic	pst	Tie Dye Delay Bank	/Library/Application Support/Logic/Plug-In Settings/Pedalboard/Stompbox Banks/Pedalboard Banks/Tie Dye Delay Bank.pst
Logic	pst	Total Tremolo Bank	/Library/Application Support/Logic/Plug-In Settings/Pedalboard/Stompbox Banks/Pedalboard Banks/Total Tremolo Bank.pst
Logic	pst	Trem-O-Tone Bank	/Library/Application Support/Logic/Plug-In Settings/Pedalboard/Stompbox Banks/Pedalboard Banks/Trem-O-Tone Bank.pst
Logic	pst	Tru-Tape Delay Bank	/Library/Application Support/Logic/Plug-In Settings/Pedalboard/Stompbox Banks/Pedalboard Banks/Tru-Tape Delay Bank.pst
Logic	pst	Vintage Drive Banks	/Library/Application Support/Logic/Plug-In Settings/Pedalboard/Stompbox Banks/Pedalboard Banks/Vintage Drive Banks.pst
Logic	pst	Wham Bank (Octaves)	/Library/Application Support/Logic/Plug-In Settings/Pedalboard/Stompbox Banks/Pedalboard Banks/Wham Bank (Octaves).pst
Logic	pst	Wham Bank (Other Intervals)	/Library/Application Support/Logic/Plug-In Settings/Pedalboard/Stompbox Banks/Pedalboard Banks/Wham Bank (Other Intervals).pst
Logic	pst	#default	/Library/Application Support/Logic/Plug-In Settings/Phase Distortion/#default.pst
Logic	pst	Alien Bass	/Library/Application Support/Logic/Plug-In Settings/Phase Distortion/Alien Bass.pst
Logic	pst	Extreme Distortion	/Library/Application Support/Logic/Plug-In Settings/Phase Distortion/Extreme Distortion.pst
Logic	pst	Kick Drum Drone	/Library/Application Support/Logic/Plug-In Settings/Phase Distortion/Kick Drum Drone.pst
Logic	pst	Lead Sound	/Library/Application Support/Logic/Plug-In Settings/Phase Distortion/Lead Sound.pst
Logic	pst	Resonant Fuzz	/Library/Application Support/Logic/Plug-In Settings/Phase Distortion/Resonant Fuzz.pst
Logic	pst	Warm Phase	/Library/Application Support/Logic/Plug-In Settings/Phase Distortion/Warm Phase.pst
Logic	pst	#default	/Library/Application Support/Logic/Plug-In Settings/Phaser/#default.pst
Logic	pst	10 Stage Phaser	/Library/Application Support/Logic/Plug-In Settings/Phaser/10 Stage Phaser.pst
Logic	pst	12 Stage Phaser	/Library/Application Support/Logic/Plug-In Settings/Phaser/12 Stage Phaser.pst
Logic	pst	6 Stage Phaser	/Library/Application Support/Logic/Plug-In Settings/Phaser/6 Stage Phaser.pst
Logic	pst	8 Stage Phaser	/Library/Application Support/Logic/Plug-In Settings/Phaser/8 Stage Phaser.pst
Logic	pst	Chewy Phaser	/Library/Application Support/Logic/Plug-In Settings/Phaser/Chewy Phaser.pst
Logic	pst	Light High Phase	/Library/Application Support/Logic/Plug-In Settings/Phaser/Light High Phase.pst
Logic	pst	Light Medium Phaser	/Library/Application Support/Logic/Plug-In Settings/Phaser/Light Medium Phaser.pst
Logic	pst	Phase Filter 01	/Library/Application Support/Logic/Plug-In Settings/Phaser/Phase Filter 01.pst
Logic	pst	Phase Filter 02	/Library/Application Support/Logic/Plug-In Settings/Phaser/Phase Filter 02.pst
Logic	pst	Scratch Phase	/Library/Application Support/Logic/Plug-In Settings/Phaser/Scratch Phase.pst
Logic	pst	Something Strange	/Library/Application Support/Logic/Plug-In Settings/Phaser/Something Strange.pst
Logic	pst	Up and Down High Modulation	/Library/Application Support/Logic/Plug-In Settings/Phaser/Up and Down High Modulation.pst
Logic	pst	Up and Down Low Modulation	/Library/Application Support/Logic/Plug-In Settings/Phaser/Up and Down Low Modulation.pst
Logic	pst	#default	/Library/Application Support/Logic/Plug-In Settings/Pitch Shifter/#default.pst
Logic	pst	Drum Loop FX 01	/Library/Application Support/Logic/Plug-In Settings/Pitch Shifter/Drum Loop FX 01.pst
Logic	pst	Drum Loop FX 02	/Library/Application Support/Logic/Plug-In Settings/Pitch Shifter/Drum Loop FX 02.pst
Logic	pst	Drum Shift Down	/Library/Application Support/Logic/Plug-In Settings/Pitch Shifter/Drum Shift Down.pst
Logic	pst	Drum Shift	/Library/Application Support/Logic/Plug-In Settings/Pitch Shifter/Drum Shift.pst
Logic	pst	Fifth	/Library/Application Support/Logic/Plug-In Settings/Pitch Shifter/Fifth.pst
Logic	pst	Vocal Doubler	/Library/Application Support/Logic/Plug-In Settings/Pitch Shifter/Vocal Doubler.pst
Logic	pst	#default	/Library/Application Support/Logic/Plug-In Settings/PlatinumVerb/#default.pst
Logic	pst	Ambience	/Library/Application Support/Logic/Plug-In Settings/PlatinumVerb/Ambience.pst
Logic	pst	Big Room	/Library/Application Support/Logic/Plug-In Settings/PlatinumVerb/Big Room.pst
Logic	pst	Bright Long Verb	/Library/Application Support/Logic/Plug-In Settings/PlatinumVerb/Bright Long Verb.pst
Logic	pst	Church	/Library/Application Support/Logic/Plug-In Settings/PlatinumVerb/Church.pst
Logic	pst	Live Club	/Library/Application Support/Logic/Plug-In Settings/PlatinumVerb/Live Club.pst
Logic	pst	Low Soft Reverb	/Library/Application Support/Logic/Plug-In Settings/PlatinumVerb/Low Soft Reverb.pst
Logic	pst	Multiple Room	/Library/Application Support/Logic/Plug-In Settings/PlatinumVerb/Multiple Room.pst
Logic	pst	Reflective Room	/Library/Application Support/Logic/Plug-In Settings/PlatinumVerb/Reflective Room.pst
Logic	pst	Small Hall	/Library/Application Support/Logic/Plug-In Settings/PlatinumVerb/Small Hall.pst
Logic	pst	Wooden Verb	/Library/Application Support/Logic/Plug-In Settings/PlatinumVerb/Wooden Verb.pst
Logic	pst	Futuristic Bass	/Library/Application Support/Logic/Plug-In Settings/Quick Sampler/Arpeggiator/Futuristic Bass.pst
Logic	pst	Hectic Piano Arp	/Library/Application Support/Logic/Plug-In Settings/Quick Sampler/Arpeggiator/Hectic Piano Arp.pst
Logic	pst	Lo-Fi Drama	/Library/Application Support/Logic/Plug-In Settings/Quick Sampler/Arpeggiator/Lo-Fi Drama.pst
Logic	pst	Lo-Fi Synth Arp	/Library/Application Support/Logic/Plug-In Settings/Quick Sampler/Arpeggiator/Lo-Fi Synth Arp.pst
Logic	pst	Nasty Bass Arp	/Library/Application Support/Logic/Plug-In Settings/Quick Sampler/Arpeggiator/Nasty Bass Arp.pst
Logic	pst	Growl Bass	/Library/Application Support/Logic/Plug-In Settings/Quick Sampler/Bass/Growl Bass.pst
Logic	pst	Monster Growl Bass	/Library/Application Support/Logic/Plug-In Settings/Quick Sampler/Bass/Monster Growl Bass.pst
Logic	pst	Plucked Bass	/Library/Application Support/Logic/Plug-In Settings/Quick Sampler/Bass/Plucked Bass.pst
Logic	pst	Shape Shifter	/Library/Application Support/Logic/Plug-In Settings/Quick Sampler/Bass/Shape Shifter.pst
Logic	pst	Solid Sub Bass	/Library/Application Support/Logic/Plug-In Settings/Quick Sampler/Bass/Solid Sub Bass.pst
Logic	pst	Squishy Funk	/Library/Application Support/Logic/Plug-In Settings/Quick Sampler/Bass/Squishy Funk.pst
Logic	pst	Synth Funk Bass	/Library/Application Support/Logic/Plug-In Settings/Quick Sampler/Bass/Synth Funk Bass.pst
Logic	pst	Chordal Brass Waves	/Library/Application Support/Logic/Plug-In Settings/Quick Sampler/Chords/Chordal Brass Waves.pst
Logic	pst	Disrupted Chords	/Library/Application Support/Logic/Plug-In Settings/Quick Sampler/Chords/Disrupted Chords.pst
Logic	pst	Panic Button	/Library/Application Support/Logic/Plug-In Settings/Quick Sampler/Chords/Panic Button.pst
Logic	pst	Pitched Marching Band	/Library/Application Support/Logic/Plug-In Settings/Quick Sampler/Chords/Pitched Marching Band.pst
Logic	pst	Strange Strings	/Library/Application Support/Logic/Plug-In Settings/Quick Sampler/Chords/Strange Strings.pst
Logic	pst	Swelling Stutter Synth	/Library/Application Support/Logic/Plug-In Settings/Quick Sampler/Chords/Swelling Stutter Synth.pst
Logic	pst	Twangy Strum	/Library/Application Support/Logic/Plug-In Settings/Quick Sampler/Chords/Twangy Strum.pst
Logic	pst	Warped Machine	/Library/Application Support/Logic/Plug-In Settings/Quick Sampler/Chords/Warped Machine.pst
Logic	pst	Almost Angular Keys	/Library/Application Support/Logic/Plug-In Settings/Quick Sampler/Experimental/Almost Angular Keys.pst
Logic	pst	Bending Flutters	/Library/Application Support/Logic/Plug-In Settings/Quick Sampler/Experimental/Bending Flutters.pst
Logic	pst	Bent Guitar	/Library/Application Support/Logic/Plug-In Settings/Quick Sampler/Experimental/Bent Guitar.pst
Logic	pst	Bouncing Octave	/Library/Application Support/Logic/Plug-In Settings/Quick Sampler/Experimental/Bouncing Octave.pst
Logic	pst	Broken Signal	/Library/Application Support/Logic/Plug-In Settings/Quick Sampler/Experimental/Broken Signal.pst
Logic	pst	Burst Of Air	/Library/Application Support/Logic/Plug-In Settings/Quick Sampler/Experimental/Burst Of Air.pst
Logic	pst	Chopping Block Synth	/Library/Application Support/Logic/Plug-In Settings/Quick Sampler/Experimental/Chopping Block Synth.pst
Logic	pst	Circular Beat	/Library/Application Support/Logic/Plug-In Settings/Quick Sampler/Experimental/Circular Beat.pst
Logic	pst	Deep Space Warp	/Library/Application Support/Logic/Plug-In Settings/Quick Sampler/Experimental/Deep Space Warp.pst
Logic	pst	Disturbing Lead	/Library/Application Support/Logic/Plug-In Settings/Quick Sampler/Experimental/Disturbing Lead.pst
Logic	pst	Doppler Sines	/Library/Application Support/Logic/Plug-In Settings/Quick Sampler/Experimental/Doppler Sines.pst
Logic	pst	Dramatic String Drone	/Library/Application Support/Logic/Plug-In Settings/Quick Sampler/Experimental/Dramatic String Drone.pst
Logic	pst	Glitch Modular	/Library/Application Support/Logic/Plug-In Settings/Quick Sampler/Experimental/Glitch Modular.pst
Logic	pst	Glitch Piano	/Library/Application Support/Logic/Plug-In Settings/Quick Sampler/Experimental/Glitch Piano.pst
Logic	pst	Lo-Fi Congas	/Library/Application Support/Logic/Plug-In Settings/Quick Sampler/Experimental/Lo-Fi Congas.pst
Logic	pst	Quirky Pluck	/Library/Application Support/Logic/Plug-In Settings/Quick Sampler/Experimental/Quirky Pluck.pst
Logic	pst	Rewind Drums	/Library/Application Support/Logic/Plug-In Settings/Quick Sampler/Experimental/Rewind Drums.pst
Logic	pst	Shifting Perspectives	/Library/Application Support/Logic/Plug-In Settings/Quick Sampler/Experimental/Shifting Perspectives.pst
Logic	pst	Shimmering Layers	/Library/Application Support/Logic/Plug-In Settings/Quick Sampler/Experimental/Shimmering Layers.pst
Logic	pst	Spinner Synth	/Library/Application Support/Logic/Plug-In Settings/Quick Sampler/Experimental/Spinner Synth.pst
Logic	pst	Surprise Release	/Library/Application Support/Logic/Plug-In Settings/Quick Sampler/Experimental/Surprise Release.pst
Logic	pst	Typewriter	/Library/Application Support/Logic/Plug-In Settings/Quick Sampler/Experimental/Typewriter.pst
Logic	pst	Bottle Pluck	/Library/Application Support/Logic/Plug-In Settings/Quick Sampler/Keys/Bottle Pluck.pst
Logic	pst	Broken Music Box	/Library/Application Support/Logic/Plug-In Settings/Quick Sampler/Keys/Broken Music Box.pst
Logic	pst	Broken Xylophone	/Library/Application Support/Logic/Plug-In Settings/Quick Sampler/Keys/Broken Xylophone.pst
Logic	pst	Computer Pluck	/Library/Application Support/Logic/Plug-In Settings/Quick Sampler/Keys/Computer Pluck.pst
Logic	pst	Detuned Piano	/Library/Application Support/Logic/Plug-In Settings/Quick Sampler/Keys/Detuned Piano.pst
Logic	pst	Door Bell	/Library/Application Support/Logic/Plug-In Settings/Quick Sampler/Keys/Door Bell.pst
Logic	pst	Dreamy Keys	/Library/Application Support/Logic/Plug-In Settings/Quick Sampler/Keys/Dreamy Keys.pst
Logic	pst	Dreamy Plectrum	/Library/Application Support/Logic/Plug-In Settings/Quick Sampler/Keys/Dreamy Plectrum.pst
Logic	pst	Electric Piano 70s	/Library/Application Support/Logic/Plug-In Settings/Quick Sampler/Keys/Electric Piano 70s.pst
Logic	pst	High Tension	/Library/Application Support/Logic/Plug-In Settings/Quick Sampler/Keys/High Tension.pst
Logic	pst	Horns of Doom	/Library/Application Support/Logic/Plug-In Settings/Quick Sampler/Keys/Horns of Doom.pst
Logic	pst	Mellow Tines	/Library/Application Support/Logic/Plug-In Settings/Quick Sampler/Keys/Mellow Tines.pst
Logic	pst	Metallic Piano	/Library/Application Support/Logic/Plug-In Settings/Quick Sampler/Keys/Metallic Piano.pst
Logic	pst	Muted Piano	/Library/Application Support/Logic/Plug-In Settings/Quick Sampler/Keys/Muted Piano.pst
Logic	pst	Naked Wurly	/Library/Application Support/Logic/Plug-In Settings/Quick Sampler/Keys/Naked Wurly.pst
Logic	pst	Noisy Wurly	/Library/Application Support/Logic/Plug-In Settings/Quick Sampler/Keys/Noisy Wurly.pst
Logic	pst	Plastic Marimba	/Library/Application Support/Logic/Plug-In Settings/Quick Sampler/Keys/Plastic Marimba.pst
Logic	pst	Pure Xylophone	/Library/Application Support/Logic/Plug-In Settings/Quick Sampler/Keys/Pure Xylophone.pst
Logic	pst	Simple Upright	/Library/Application Support/Logic/Plug-In Settings/Quick Sampler/Keys/Simple Upright.pst
Logic	pst	Soft Wurli	/Library/Application Support/Logic/Plug-In Settings/Quick Sampler/Keys/Soft Wurli.pst
Logic	pst	Space Drops	/Library/Application Support/Logic/Plug-In Settings/Quick Sampler/Keys/Space Drops.pst
Logic	pst	Thumbtack Piano 01	/Library/Application Support/Logic/Plug-In Settings/Quick Sampler/Keys/Thumbtack Piano 01.pst
Logic	pst	Thumbtack Piano 02	/Library/Application Support/Logic/Plug-In Settings/Quick Sampler/Keys/Thumbtack Piano 02.pst
Logic	pst	Toy Piano	/Library/Application Support/Logic/Plug-In Settings/Quick Sampler/Keys/Toy Piano.pst
Logic	pst	Vintage Synth	/Library/Application Support/Logic/Plug-In Settings/Quick Sampler/Keys/Vintage Synth.pst
Logic	pst	Worn Atmospheric Keys	/Library/Application Support/Logic/Plug-In Settings/Quick Sampler/Keys/Worn Atmospheric Keys.pst
Logic	pst	Basic Sawtooth	/Library/Application Support/Logic/Plug-In Settings/Quick Sampler/Pad/Basic Sawtooth.pst
Logic	pst	Circus Organ	/Library/Application Support/Logic/Plug-In Settings/Quick Sampler/Pad/Circus Organ.pst
Logic	pst	Magnetic Waves 01	/Library/Application Support/Logic/Plug-In Settings/Quick Sampler/Pad/Magnetic Waves 01.pst
Logic	pst	Magnetic Waves 02	/Library/Application Support/Logic/Plug-In Settings/Quick Sampler/Pad/Magnetic Waves 02.pst
Logic	pst	Magnetic Waves 03	/Library/Application Support/Logic/Plug-In Settings/Quick Sampler/Pad/Magnetic Waves 03.pst
Logic	pst	Pulsing Chords	/Library/Application Support/Logic/Plug-In Settings/Quick Sampler/Pad/Pulsing Chords.pst
Logic	pst	Reverse Pad	/Library/Application Support/Logic/Plug-In Settings/Quick Sampler/Pad/Reverse Pad.pst
Logic	pst	Slow Charge	/Library/Application Support/Logic/Plug-In Settings/Quick Sampler/Pad/Slow Charge.pst
Logic	pst	Sustaining Bell	/Library/Application Support/Logic/Plug-In Settings/Quick Sampler/Pad/Sustaining Bell.pst
Logic	pst	Sweeping Trance	/Library/Application Support/Logic/Plug-In Settings/Quick Sampler/Pad/Sweeping Trance.pst
Logic	pst	Thin Organ	/Library/Application Support/Logic/Plug-In Settings/Quick Sampler/Pad/Thin Organ.pst
Logic	pst	Vintage Flutes	/Library/Application Support/Logic/Plug-In Settings/Quick Sampler/Pad/Vintage Flutes.pst
Logic	pst	Vintage Organ	/Library/Application Support/Logic/Plug-In Settings/Quick Sampler/Pad/Vintage Organ.pst
Logic	pst	Vintage Square Synth	/Library/Application Support/Logic/Plug-In Settings/Quick Sampler/Pad/Vintage Square Synth.pst
Logic	pst	Warm Trumpet Pad	/Library/Application Support/Logic/Plug-In Settings/Quick Sampler/Pad/Warm Trumpet Pad.pst
Logic	pst	60s Lo-Fi Beat	/Library/Application Support/Logic/Plug-In Settings/Quick Sampler/Sliced/60s Lo-Fi Beat.pst
Logic	pst	Ascension Beat	/Library/Application Support/Logic/Plug-In Settings/Quick Sampler/Sliced/Ascension Beat.pst
Logic	pst	Blues Guitar	/Library/Application Support/Logic/Plug-In Settings/Quick Sampler/Sliced/Blues Guitar.pst
Logic	pst	Bouncy Break	/Library/Application Support/Logic/Plug-In Settings/Quick Sampler/Sliced/Bouncy Break.pst
Logic	pst	Brooklyn Noir Beat	/Library/Application Support/Logic/Plug-In Settings/Quick Sampler/Sliced/Brooklyn Noir Beat.pst
Logic	pst	Bumping Disco Guitar	/Library/Application Support/Logic/Plug-In Settings/Quick Sampler/Sliced/Bumping Disco Guitar.pst
Logic	pst	Crowded Break Overdrive	/Library/Application Support/Logic/Plug-In Settings/Quick Sampler/Sliced/Crowded Break Overdrive.pst
Logic	pst	Deep Freeze Beat	/Library/Application Support/Logic/Plug-In Settings/Quick Sampler/Sliced/Deep Freeze Beat.pst
Logic	pst	Gospel Improv Chops	/Library/Application Support/Logic/Plug-In Settings/Quick Sampler/Sliced/Gospel Improv Chops.pst
Logic	pst	Jazz Guitar	/Library/Application Support/Logic/Plug-In Settings/Quick Sampler/Sliced/Jazz Guitar.pst
Logic	pst	La La Vox Chops	/Library/Application Support/Logic/Plug-In Settings/Quick Sampler/Sliced/La La Vox Chops.pst
Logic	pst	Muted Guitar	/Library/Application Support/Logic/Plug-In Settings/Quick Sampler/Sliced/Muted Guitar.pst
Logic	pst	Pop Champagne Beat	/Library/Application Support/Logic/Plug-In Settings/Quick Sampler/Sliced/Pop Champagne Beat.pst
Logic	pst	Summer Break Rising	/Library/Application Support/Logic/Plug-In Settings/Quick Sampler/Sliced/Summer Break Rising.pst
Logic	pst	Traffic Jam Guitar	/Library/Application Support/Logic/Plug-In Settings/Quick Sampler/Sliced/Traffic Jam Guitar.pst
Logic	pst	Accelerating Voices	/Library/Application Support/Logic/Plug-In Settings/Quick Sampler/Vocals/Accelerating Voices.pst
Logic	pst	Ancient Vocal Chop	/Library/Application Support/Logic/Plug-In Settings/Quick Sampler/Vocals/Ancient Vocal Chop.pst
Logic	pst	Baily Glide	/Library/Application Support/Logic/Plug-In Settings/Quick Sampler/Vocals/Baily Glide.pst
Logic	pst	Clunky Duh Vox	/Library/Application Support/Logic/Plug-In Settings/Quick Sampler/Vocals/Clunky Duh Vox.pst
Logic	pst	Disrupted Vox	/Library/Application Support/Logic/Plug-In Settings/Quick Sampler/Vocals/Disrupted Vox.pst
Logic	pst	Pitch Up Vox	/Library/Application Support/Logic/Plug-In Settings/Quick Sampler/Vocals/Pitch Up Vox.pst
Logic	pst	Plucky Vox	/Library/Application Support/Logic/Plug-In Settings/Quick Sampler/Vocals/Plucky Vox.pst
Logic	pst	Simple Vocal Pad	/Library/Application Support/Logic/Plug-In Settings/Quick Sampler/Vocals/Simple Vocal Pad.pst
Logic	pst	Slow Vox Pad	/Library/Application Support/Logic/Plug-In Settings/Quick Sampler/Vocals/Slow Vox Pad.pst
Logic	pst	Sweet Dah Vox	/Library/Application Support/Logic/Plug-In Settings/Quick Sampler/Vocals/Sweet Dah Vox.pst
Logic	pst	Tape Vocal Pad	/Library/Application Support/Logic/Plug-In Settings/Quick Sampler/Vocals/Tape Vocal Pad.pst
Logic	pst	Warp Vox	/Library/Application Support/Logic/Plug-In Settings/Quick Sampler/Vocals/Warp Vox.pst
Logic	pst	#default	/Library/Application Support/Logic/Plug-In Settings/Ringshifter/#default.pst
Logic	pst	Groove Shadow 01	/Library/Application Support/Logic/Plug-In Settings/Ringshifter/01 Groove Shadows/Groove Shadow 01.pst
Logic	pst	Groove Shadow 02	/Library/Application Support/Logic/Plug-In Settings/Ringshifter/01 Groove Shadows/Groove Shadow 02.pst
Logic	pst	Groove Shadow 03	/Library/Application Support/Logic/Plug-In Settings/Ringshifter/01 Groove Shadows/Groove Shadow 03.pst
Logic	pst	Groove Shadow 04	/Library/Application Support/Logic/Plug-In Settings/Ringshifter/01 Groove Shadows/Groove Shadow 04.pst
Logic	pst	Groove Shadow 05	/Library/Application Support/Logic/Plug-In Settings/Ringshifter/01 Groove Shadows/Groove Shadow 05.pst
Logic	pst	Groove Shadow 06	/Library/Application Support/Logic/Plug-In Settings/Ringshifter/01 Groove Shadows/Groove Shadow 06.pst
Logic	pst	Groove Shadow 07	/Library/Application Support/Logic/Plug-In Settings/Ringshifter/01 Groove Shadows/Groove Shadow 07.pst
Logic	pst	Groove Shadow 08	/Library/Application Support/Logic/Plug-In Settings/Ringshifter/01 Groove Shadows/Groove Shadow 08.pst
Logic	pst	Groove Shadow 09	/Library/Application Support/Logic/Plug-In Settings/Ringshifter/01 Groove Shadows/Groove Shadow 09.pst
Logic	pst	Side Chain Env Mix 01	/Library/Application Support/Logic/Plug-In Settings/Ringshifter/02 Sidechain Input/Side Chain Env Mix 01.pst
Logic	pst	Side Chain Env Mix 02	/Library/Application Support/Logic/Plug-In Settings/Ringshifter/02 Sidechain Input/Side Chain Env Mix 02.pst
Logic	pst	Side Chain LFO Env Mix	/Library/Application Support/Logic/Plug-In Settings/Ringshifter/02 Sidechain Input/Side Chain LFO Env Mix.pst
Logic	pst	Side Chain LFO Mix	/Library/Application Support/Logic/Plug-In Settings/Ringshifter/02 Sidechain Input/Side Chain LFO Mix.pst
Logic	pst	Side Chain Sync Delay	/Library/Application Support/Logic/Plug-In Settings/Ringshifter/02 Sidechain Input/Side Chain Sync Delay.pst
Logic	pst	Straight Side Chain	/Library/Application Support/Logic/Plug-In Settings/Ringshifter/02 Sidechain Input/Straight Side Chain.pst
Logic	pst	Crazy LFO	/Library/Application Support/Logic/Plug-In Settings/Ringshifter/03 Warped/Crazy LFO.pst
Logic	pst	Double Mod	/Library/Application Support/Logic/Plug-In Settings/Ringshifter/03 Warped/Double Mod.pst
Logic	pst	Drum Loop Ring FX	/Library/Application Support/Logic/Plug-In Settings/Ringshifter/03 Warped/Drum Loop Ring FX.pst
Logic	pst	Fast Stutter	/Library/Application Support/Logic/Plug-In Settings/Ringshifter/03 Warped/Fast Stutter.pst
Logic	pst	High Hat Modulator	/Library/Application Support/Logic/Plug-In Settings/Ringshifter/03 Warped/High Hat Modulator.pst
Logic	pst	High Hat Shifter	/Library/Application Support/Logic/Plug-In Settings/Ringshifter/03 Warped/High Hat Shifter.pst
Logic	pst	Moving Pad	/Library/Application Support/Logic/Plug-In Settings/Ringshifter/03 Warped/Moving Pad.pst
Logic	pst	Mutants	/Library/Application Support/Logic/Plug-In Settings/Ringshifter/03 Warped/Mutants.pst
Logic	pst	Phasing Vocals	/Library/Application Support/Logic/Plug-In Settings/Ringshifter/03 Warped/Phasing Vocals.pst
Logic	pst	Ring Groove 01	/Library/Application Support/Logic/Plug-In Settings/Ringshifter/03 Warped/Ring Groove 01.pst
Logic	pst	Ring Groove 02	/Library/Application Support/Logic/Plug-In Settings/Ringshifter/03 Warped/Ring Groove 02.pst
Logic	pst	Slow Phase	/Library/Application Support/Logic/Plug-In Settings/Ringshifter/03 Warped/Slow Phase.pst
Logic	pst	Smooth Ringer	/Library/Application Support/Logic/Plug-In Settings/Ringshifter/03 Warped/Smooth Ringer.pst
Logic	pst	Space Shifter	/Library/Application Support/Logic/Plug-In Settings/Ringshifter/03 Warped/Space Shifter.pst
Logic	pst	Vocal Phrase Follower	/Library/Application Support/Logic/Plug-In Settings/Ringshifter/03 Warped/Vocal Phrase Follower.pst
Logic	pst	#default	/Library/Application Support/Logic/Plug-In Settings/Rotor Cabinet/#default.pst
Logic	pst	Drums Motion	/Library/Application Support/Logic/Plug-In Settings/Rotor Cabinet/Drums Motion.pst
Logic	pst	Drums Stop	/Library/Application Support/Logic/Plug-In Settings/Rotor Cabinet/Drums Stop.pst
Logic	pst	Electric Piano	/Library/Application Support/Logic/Plug-In Settings/Rotor Cabinet/Electric Piano.pst
Logic	pst	Gig Rig	/Library/Application Support/Logic/Plug-In Settings/Rotor Cabinet/Gig Rig.pst
Logic	pst	Keene Guitar	/Library/Application Support/Logic/Plug-In Settings/Rotor Cabinet/Keene Guitar.pst
Logic	pst	Leslie Guitar	/Library/Application Support/Logic/Plug-In Settings/Rotor Cabinet/Leslie Guitar.pst
Logic	pst	Leslie Slow Vocal	/Library/Application Support/Logic/Plug-In Settings/Rotor Cabinet/Leslie Slow Vocal.pst
Logic	pst	Leslie Vocal	/Library/Application Support/Logic/Plug-In Settings/Rotor Cabinet/Leslie Vocal.pst
Logic	pst	Moving Pads	/Library/Application Support/Logic/Plug-In Settings/Rotor Cabinet/Moving Pads.pst
Logic	pst	Rock'n Organ	/Library/Application Support/Logic/Plug-In Settings/Rotor Cabinet/Rock'n Organ.pst
Logic	pst	Roto Guitar	/Library/Application Support/Logic/Plug-In Settings/Rotor Cabinet/Roto Guitar.pst
Logic	pst	Roto Vox	/Library/Application Support/Logic/Plug-In Settings/Rotor Cabinet/Roto Vox.pst
Logic	pst	Spin Vox	/Library/Application Support/Logic/Plug-In Settings/Rotor Cabinet/Spin Vox.pst
Logic	pst	Synth Swirl	/Library/Application Support/Logic/Plug-In Settings/Rotor Cabinet/Synth Swirl.pst
Logic	pst	Vocal Rotor	/Library/Application Support/Logic/Plug-In Settings/Rotor Cabinet/Vocal Rotor.pst
Logic	pst	Working Musician	/Library/Application Support/Logic/Plug-In Settings/Rotor Cabinet/Working Musician.pst
Logic	pst	#default	/Library/Application Support/Logic/Plug-In Settings/Sample Delay/#default.pst
Logic	pst	128 Samples	/Library/Application Support/Logic/Plug-In Settings/Sample Delay/128 Samples.pst
Logic	pst	16 Samples	/Library/Application Support/Logic/Plug-In Settings/Sample Delay/16 Samples.pst
Logic	pst	2 Samples	/Library/Application Support/Logic/Plug-In Settings/Sample Delay/2 Samples.pst
Logic	pst	256 Samples	/Library/Application Support/Logic/Plug-In Settings/Sample Delay/256 Samples.pst
Logic	pst	32 Samples	/Library/Application Support/Logic/Plug-In Settings/Sample Delay/32 Samples.pst
Logic	pst	4 Samples	/Library/Application Support/Logic/Plug-In Settings/Sample Delay/4 Samples.pst
Logic	pst	512 Samples	/Library/Application Support/Logic/Plug-In Settings/Sample Delay/512 Samples.pst
Logic	pst	64 Samples	/Library/Application Support/Logic/Plug-In Settings/Sample Delay/64 Samples.pst
Logic	pst	8 Samples	/Library/Application Support/Logic/Plug-In Settings/Sample Delay/8 Samples.pst
Logic	pst	#default	/Library/Application Support/Logic/Plug-In Settings/Scanner Vibrato/#default.pst
Logic	pst	Blur Vibrato	/Library/Application Support/Logic/Plug-In Settings/Scanner Vibrato/Blur Vibrato.pst
Logic	pst	Enhance Electric Piano	/Library/Application Support/Logic/Plug-In Settings/Scanner Vibrato/Enhance Electric Piano.pst
Logic	pst	Fluffy Vibration	/Library/Application Support/Logic/Plug-In Settings/Scanner Vibrato/Fluffy Vibration.pst
Logic	pst	Oscillating High Hats	/Library/Application Support/Logic/Plug-In Settings/Scanner Vibrato/Oscillating High Hats.pst
Logic	pst	Pan Modulator	/Library/Application Support/Logic/Plug-In Settings/Scanner Vibrato/Pan Modulator.pst
Logic	pst	Slow Rotation	/Library/Application Support/Logic/Plug-In Settings/Scanner Vibrato/Slow Rotation.pst
Logic	pst	Stereo Diffuser	/Library/Application Support/Logic/Plug-In Settings/Scanner Vibrato/Stereo Diffuser.pst
Logic	pst	Stereo Rotate	/Library/Application Support/Logic/Plug-In Settings/Scanner Vibrato/Stereo Rotate.pst
Logic	pst	Wide Rotate	/Library/Application Support/Logic/Plug-In Settings/Scanner Vibrato/Wide Rotate.pst
Logic	pst	#default	/Library/Application Support/Logic/Plug-In Settings/SilverVerb/#default.pst
Logic	pst	Ambience	/Library/Application Support/Logic/Plug-In Settings/SilverVerb/Ambience.pst
Logic	pst	Back Room	/Library/Application Support/Logic/Plug-In Settings/SilverVerb/Back Room.pst
Logic	pst	Gated Reverb 01	/Library/Application Support/Logic/Plug-In Settings/SilverVerb/Gated Reverb 01.pst
Logic	pst	Gated Reverb 02	/Library/Application Support/Logic/Plug-In Settings/SilverVerb/Gated Reverb 02.pst
Logic	pst	Hall	/Library/Application Support/Logic/Plug-In Settings/SilverVerb/Hall.pst
Logic	pst	Meeting Room	/Library/Application Support/Logic/Plug-In Settings/SilverVerb/Meeting Room.pst
Logic	pst	Metal Stairwell	/Library/Application Support/Logic/Plug-In Settings/SilverVerb/Metal Stairwell.pst
Logic	pst	Modulated Space	/Library/Application Support/Logic/Plug-In Settings/SilverVerb/Modulated Space.pst
Logic	pst	Room	/Library/Application Support/Logic/Plug-In Settings/SilverVerb/Room.pst
Logic	pst	100Hz Low Shelf +6dB	/Library/Application Support/Logic/Plug-In Settings/Single Band EQ/100Hz Low Shelf +6dB.pst
Logic	pst	100Hz Low Shelf -6dB	/Library/Application Support/Logic/Plug-In Settings/Single Band EQ/100Hz Low Shelf -6dB.pst
Logic	pst	10kHz High Cut	/Library/Application Support/Logic/Plug-In Settings/Single Band EQ/10kHz High Cut.pst
Logic	pst	15kHz High Shelf +4dB	/Library/Application Support/Logic/Plug-In Settings/Single Band EQ/15kHz High Shelf +4dB.pst
Logic	pst	1kHz +3dB	/Library/Application Support/Logic/Plug-In Settings/Single Band EQ/1kHz +3dB.pst
Logic	pst	1kHz -0.5dB	/Library/Application Support/Logic/Plug-In Settings/Single Band EQ/1kHz -0.5dB.pst
Logic	pst	1kHz -3dB	/Library/Application Support/Logic/Plug-In Settings/Single Band EQ/1kHz -3dB.pst
Logic	pst	200Hz Low Cut	/Library/Application Support/Logic/Plug-In Settings/Single Band EQ/200Hz Low Cut.pst
Logic	pst	4kHz +2dB	/Library/Application Support/Logic/Plug-In Settings/Single Band EQ/4kHz +2dB.pst
Logic	pst	4kHz -2dB	/Library/Application Support/Logic/Plug-In Settings/Single Band EQ/4kHz -2dB.pst
Logic	pst	7.8kHz -1dB	/Library/Application Support/Logic/Plug-In Settings/Single Band EQ/7.8kHz -1dB.pst
Logic	pst	7kHz High Cut	/Library/Application Support/Logic/Plug-In Settings/Single Band EQ/7kHz High Cut.pst
Logic	pst	#default	/Library/Application Support/Logic/Plug-In Settings/Space Designer/#default.pst
Logic	pst	01.4s Jazz Vocal Room	/Library/Application Support/Logic/Plug-In Settings/Space Designer/01 Large Spaces/01 Rooms/01.4s Jazz Vocal Room.pst
Logic	pst	01.8s Bright Chamber	/Library/Application Support/Logic/Plug-In Settings/Space Designer/01 Large Spaces/01 Rooms/01.8s Bright Chamber.pst
Logic	pst	01.8s Evolving Chamber	/Library/Application Support/Logic/Plug-In Settings/Space Designer/01 Large Spaces/01 Rooms/01.8s Evolving Chamber.pst
Logic	pst	02.0s Dark Chamber	/Library/Application Support/Logic/Plug-In Settings/Space Designer/01 Large Spaces/01 Rooms/02.0s Dark Chamber.pst
Logic	pst	02.1s Big Drums	/Library/Application Support/Logic/Plug-In Settings/Space Designer/01 Large Spaces/01 Rooms/02.1s Big Drums.pst
Logic	pst	02.3s Clean Room	/Library/Application Support/Logic/Plug-In Settings/Space Designer/01 Large Spaces/01 Rooms/02.3s Clean Room.pst
Logic	pst	02.4s Long Snare Reverb	/Library/Application Support/Logic/Plug-In Settings/Space Designer/01 Large Spaces/01 Rooms/02.4s Long Snare Reverb.pst
Logic	pst	02.5s Dark Chamber	/Library/Application Support/Logic/Plug-In Settings/Space Designer/01 Large Spaces/01 Rooms/02.5s Dark Chamber.pst
Logic	pst	02.7s Big Chamber	/Library/Application Support/Logic/Plug-In Settings/Space Designer/01 Large Spaces/01 Rooms/02.7s Big Chamber.pst
Logic	pst	02.7s Medium Tail	/Library/Application Support/Logic/Plug-In Settings/Space Designer/01 Large Spaces/01 Rooms/02.7s Medium Tail.pst
Logic	pst	03.5s Grand Hall Three	/Library/Application Support/Logic/Plug-In Settings/Space Designer/01 Large Spaces/01 Rooms/03.5s Grand Hall Three.pst
Logic	pst	03.7s Metallic Room	/Library/Application Support/Logic/Plug-In Settings/Space Designer/01 Large Spaces/01 Rooms/03.7s Metallic Room.pst
Logic	pst	03.8s Grand Hall One	/Library/Application Support/Logic/Plug-In Settings/Space Designer/01 Large Spaces/01 Rooms/03.8s Grand Hall One.pst
Logic	pst	03.9s Reflective Verb	/Library/Application Support/Logic/Plug-In Settings/Space Designer/01 Large Spaces/01 Rooms/03.9s Reflective Verb.pst
Logic	pst	04.2s Grand Hall Two	/Library/Application Support/Logic/Plug-In Settings/Space Designer/01 Large Spaces/01 Rooms/04.2s Grand Hall Two.pst
Logic	pst	04.3s Concrete Room	/Library/Application Support/Logic/Plug-In Settings/Space Designer/01 Large Spaces/01 Rooms/04.3s Concrete Room.pst
Logic	pst	04.5s Huge Room	/Library/Application Support/Logic/Plug-In Settings/Space Designer/01 Large Spaces/01 Rooms/04.5s Huge Room.pst
Logic	pst	05.7s Chamber One	/Library/Application Support/Logic/Plug-In Settings/Space Designer/01 Large Spaces/01 Rooms/05.7s Chamber One.pst
Logic	pst	01.3s Choir Hall	/Library/Application Support/Logic/Plug-In Settings/Space Designer/01 Large Spaces/02 Halls/01.3s Choir Hall.pst
Logic	pst	02.2s Large Choir Hall	/Library/Application Support/Logic/Plug-In Settings/Space Designer/01 Large Spaces/02 Halls/02.2s Large Choir Hall.pst
Logic	pst	02.3s Dark Piano Hall	/Library/Application Support/Logic/Plug-In Settings/Space Designer/01 Large Spaces/02 Halls/02.3s Dark Piano Hall.pst
Logic	pst	02.4s Big String Reverb	/Library/Application Support/Logic/Plug-In Settings/Space Designer/01 Large Spaces/02 Halls/02.4s Big String Reverb.pst
Logic	pst	02.5s Soft Hall	/Library/Application Support/Logic/Plug-In Settings/Space Designer/01 Large Spaces/02 Halls/02.5s Soft Hall.pst
Logic	pst	02.7s Smooth Vocal Hall	/Library/Application Support/Logic/Plug-In Settings/Space Designer/01 Large Spaces/02 Halls/02.7s Smooth Vocal Hall.pst
Logic	pst	02.8s Nice Vocal Hall	/Library/Application Support/Logic/Plug-In Settings/Space Designer/01 Large Spaces/02 Halls/02.8s Nice Vocal Hall.pst
Logic	pst	02.9s Vintage Gear Hall	/Library/Application Support/Logic/Plug-In Settings/Space Designer/01 Large Spaces/02 Halls/02.9s Vintage Gear Hall.pst
Logic	pst	02.9s Vocal Hall	/Library/Application Support/Logic/Plug-In Settings/Space Designer/01 Large Spaces/02 Halls/02.9s Vocal Hall.pst
Logic	pst	03.0s Long Reverb	/Library/Application Support/Logic/Plug-In Settings/Space Designer/01 Large Spaces/02 Halls/03.0s Long Reverb.pst
Logic	pst	03.1s Bright Hall	/Library/Application Support/Logic/Plug-In Settings/Space Designer/01 Large Spaces/02 Halls/03.1s Bright Hall.pst
Logic	pst	03.1s Reflective Hall	/Library/Application Support/Logic/Plug-In Settings/Space Designer/01 Large Spaces/02 Halls/03.1s Reflective Hall.pst
Logic	pst	03.2s Male Vox Hall	/Library/Application Support/Logic/Plug-In Settings/Space Designer/01 Large Spaces/02 Halls/03.2s Male Vox Hall.pst
Logic	pst	03.3s Stone Hall	/Library/Application Support/Logic/Plug-In Settings/Space Designer/01 Large Spaces/02 Halls/03.3s Stone Hall.pst
Logic	pst	03.3s Warm Vocal Hall	/Library/Application Support/Logic/Plug-In Settings/Space Designer/01 Large Spaces/02 Halls/03.3s Warm Vocal Hall.pst
Logic	pst	03.4s Warm Hall	/Library/Application Support/Logic/Plug-In Settings/Space Designer/01 Large Spaces/02 Halls/03.4s Warm Hall.pst
Logic	pst	03.5s Large Hall	/Library/Application Support/Logic/Plug-In Settings/Space Designer/01 Large Spaces/02 Halls/03.5s Large Hall.pst
Logic	pst	03.6s Guitar Hall Large	/Library/Application Support/Logic/Plug-In Settings/Space Designer/01 Large Spaces/02 Halls/03.6s Guitar Hall Large.pst
Logic	pst	03.6s String Hall	/Library/Application Support/Logic/Plug-In Settings/Space Designer/01 Large Spaces/02 Halls/03.6s String Hall.pst
Logic	pst	03.7s Dark Concert Hall	/Library/Application Support/Logic/Plug-In Settings/Space Designer/01 Large Spaces/02 Halls/03.7s Dark Concert Hall.pst
Logic	pst	03.7s Ulm Chapel	/Library/Application Support/Logic/Plug-In Settings/Space Designer/01 Large Spaces/02 Halls/03.7s Ulm Chapel.pst
Logic	pst	03.9s Prince Hall One	/Library/Application Support/Logic/Plug-In Settings/Space Designer/01 Large Spaces/02 Halls/03.9s Prince Hall One.pst
Logic	pst	04.4s Dream Hall	/Library/Application Support/Logic/Plug-In Settings/Space Designer/01 Large Spaces/02 Halls/04.4s Dream Hall.pst
Logic	pst	04.5s Fine Hall	/Library/Application Support/Logic/Plug-In Settings/Space Designer/01 Large Spaces/02 Halls/04.5s Fine Hall.pst
Logic	pst	04.7s Prison Main Floor	/Library/Application Support/Logic/Plug-In Settings/Space Designer/01 Large Spaces/02 Halls/04.7s Prison Main Floor.pst
Logic	pst	04.7s Sound Stage 12 +	/Library/Application Support/Logic/Plug-In Settings/Space Designer/01 Large Spaces/02 Halls/04.7s Sound Stage 12 +.pst
Logic	pst	04.9s Aranno Chapel	/Library/Application Support/Logic/Plug-In Settings/Space Designer/01 Large Spaces/02 Halls/04.9s Aranno Chapel.pst
Logic	pst	04.9s Church Tower	/Library/Application Support/Logic/Plug-In Settings/Space Designer/01 Large Spaces/02 Halls/04.9s Church Tower.pst
Logic	pst	05.0s Dark Rising Hall	/Library/Application Support/Logic/Plug-In Settings/Space Designer/01 Large Spaces/02 Halls/05.0s Dark Rising Hall.pst
Logic	pst	05.9s Ancient Church	/Library/Application Support/Logic/Plug-In Settings/Space Designer/01 Large Spaces/02 Halls/05.9s Ancient Church.pst
Logic	pst	05.9s Sound Stage 12	/Library/Application Support/Logic/Plug-In Settings/Space Designer/01 Large Spaces/02 Halls/05.9s Sound Stage 12.pst
Logic	pst	06.1s Ancient Church +	/Library/Application Support/Logic/Plug-In Settings/Space Designer/01 Large Spaces/02 Halls/06.1s Ancient Church +.pst
Logic	pst	06.2s Ulm Lobby	/Library/Application Support/Logic/Plug-In Settings/Space Designer/01 Large Spaces/02 Halls/06.2s Ulm Lobby.pst
Logic	pst	06.4s Barracks Two	/Library/Application Support/Logic/Plug-In Settings/Space Designer/01 Large Spaces/02 Halls/06.4s Barracks Two.pst
Logic	pst	06.5s Opulent Ballroom	/Library/Application Support/Logic/Plug-In Settings/Space Designer/01 Large Spaces/02 Halls/06.5s Opulent Ballroom.pst
Logic	pst	06.6s Botta Church	/Library/Application Support/Logic/Plug-In Settings/Space Designer/01 Large Spaces/02 Halls/06.6s Botta Church.pst
Logic	pst	06.7s Marble Church	/Library/Application Support/Logic/Plug-In Settings/Space Designer/01 Large Spaces/02 Halls/06.7s Marble Church.pst
Logic	pst	06.8s Splendid Verb	/Library/Application Support/Logic/Plug-In Settings/Space Designer/01 Large Spaces/02 Halls/06.8s Splendid Verb.pst
Logic	pst	07.1s Michaelis Nave	/Library/Application Support/Logic/Plug-In Settings/Space Designer/01 Large Spaces/02 Halls/07.1s Michaelis Nave.pst
Logic	pst	09.0s Abbey	/Library/Application Support/Logic/Plug-In Settings/Space Designer/01 Large Spaces/02 Halls/09.0s Abbey.pst
Logic	pst	09.0s Bottom of Stairs	/Library/Application Support/Logic/Plug-In Settings/Space Designer/01 Large Spaces/02 Halls/09.0s Bottom of Stairs.pst
Logic	pst	09.6s Barracks One	/Library/Application Support/Logic/Plug-In Settings/Space Designer/01 Large Spaces/02 Halls/09.6s Barracks One.pst
Logic	pst	09.9s Conservatory	/Library/Application Support/Logic/Plug-In Settings/Space Designer/01 Large Spaces/02 Halls/09.9s Conservatory.pst
Logic	pst	10.6s Long Dream	/Library/Application Support/Logic/Plug-In Settings/Space Designer/01 Large Spaces/02 Halls/10.6s Long Dream.pst
Logic	pst	10.7s Ulm Nave	/Library/Application Support/Logic/Plug-In Settings/Space Designer/01 Large Spaces/02 Halls/10.7s Ulm Nave.pst
Logic	pst	11.7s Conservatory +	/Library/Application Support/Logic/Plug-In Settings/Space Designer/01 Large Spaces/02 Halls/11.7s Conservatory +.pst
Logic	pst	11.9s Church Balcony	/Library/Application Support/Logic/Plug-In Settings/Space Designer/01 Large Spaces/02 Halls/11.9s Church Balcony.pst
Logic	pst	12.0s Stairs Top Floor	/Library/Application Support/Logic/Plug-In Settings/Space Designer/01 Large Spaces/02 Halls/12.0s Stairs Top Floor.pst
Logic	pst	14.8s Stairs Mid Level	/Library/Application Support/Logic/Plug-In Settings/Space Designer/01 Large Spaces/02 Halls/14.8s Stairs Mid Level.pst
Logic	pst	02.0s Sustain Plate	/Library/Application Support/Logic/Plug-In Settings/Space Designer/01 Large Spaces/03 Plate Reverbs/02.0s Sustain Plate.pst
Logic	pst	02.2s Stage Plate	/Library/Application Support/Logic/Plug-In Settings/Space Designer/01 Large Spaces/03 Plate Reverbs/02.2s Stage Plate.pst
Logic	pst	02.3s Nice Plate	/Library/Application Support/Logic/Plug-In Settings/Space Designer/01 Large Spaces/03 Plate Reverbs/02.3s Nice Plate.pst
Logic	pst	02.3s R&B Plate	/Library/Application Support/Logic/Plug-In Settings/Space Designer/01 Large Spaces/03 Plate Reverbs/02.3s R&B Plate.pst
Logic	pst	02.6s Snare Plate	/Library/Application Support/Logic/Plug-In Settings/Space Designer/01 Large Spaces/03 Plate Reverbs/02.6s Snare Plate.pst
Logic	pst	02.6s Vocal Plate	/Library/Application Support/Logic/Plug-In Settings/Space Designer/01 Large Spaces/03 Plate Reverbs/02.6s Vocal Plate.pst
Logic	pst	03.1s Midnight Plate	/Library/Application Support/Logic/Plug-In Settings/Space Designer/01 Large Spaces/03 Plate Reverbs/03.1s Midnight Plate.pst
Logic	pst	03.4s Hot Plate	/Library/Application Support/Logic/Plug-In Settings/Space Designer/01 Large Spaces/03 Plate Reverbs/03.4s Hot Plate.pst
Logic	pst	03.6s Percussion Plate	/Library/Application Support/Logic/Plug-In Settings/Space Designer/01 Large Spaces/03 Plate Reverbs/03.6s Percussion Plate.pst
Logic	pst	04.4s Big Choir Plate	/Library/Application Support/Logic/Plug-In Settings/Space Designer/01 Large Spaces/03 Plate Reverbs/04.4s Big Choir Plate.pst
Logic	pst	04.4s Big Plate	/Library/Application Support/Logic/Plug-In Settings/Space Designer/01 Large Spaces/03 Plate Reverbs/04.4s Big Plate.pst
Logic	pst	05.1s Shimmering Plate	/Library/Application Support/Logic/Plug-In Settings/Space Designer/01 Large Spaces/03 Plate Reverbs/05.1s Shimmering Plate.pst
Logic	pst	03.0s Modern Spring	/Library/Application Support/Logic/Plug-In Settings/Space Designer/01 Large Spaces/04 Spring Reverbs/03.0s Modern Spring.pst
Logic	pst	03.0s Old Amp Spiral	/Library/Application Support/Logic/Plug-In Settings/Space Designer/01 Large Spaces/04 Spring Reverbs/03.0s Old Amp Spiral.pst
Logic	pst	03.3s Rack Spring Flat	/Library/Application Support/Logic/Plug-In Settings/Space Designer/01 Large Spaces/04 Spring Reverbs/03.3s Rack Spring Flat.pst
Logic	pst	03.5s Lofi Amp	/Library/Application Support/Logic/Plug-In Settings/Space Designer/01 Large Spaces/04 Spring Reverbs/03.5s Lofi Amp.pst
Logic	pst	03.6s Grey Amp Spring	/Library/Application Support/Logic/Plug-In Settings/Space Designer/01 Large Spaces/04 Spring Reverbs/03.6s Grey Amp Spring.pst
Logic	pst	03.8s Lofi Amp Middle A	/Library/Application Support/Logic/Plug-In Settings/Space Designer/01 Large Spaces/04 Spring Reverbs/03.8s Lofi Amp Middle A.pst
Logic	pst	04.0s Amp Spring Bright	/Library/Application Support/Logic/Plug-In Settings/Space Designer/01 Large Spaces/04 Spring Reverbs/04.0s Amp Spring Bright.pst
Logic	pst	04.0s Cheap Spring Flat	/Library/Application Support/Logic/Plug-In Settings/Space Designer/01 Large Spaces/04 Spring Reverbs/04.0s Cheap Spring Flat.pst
Logic	pst	04.0s Lofi Amp Bass	/Library/Application Support/Logic/Plug-In Settings/Space Designer/01 Large Spaces/04 Spring Reverbs/04.0s Lofi Amp Bass.pst
Logic	pst	04.0s Lofi Amp Middle B	/Library/Application Support/Logic/Plug-In Settings/Space Designer/01 Large Spaces/04 Spring Reverbs/04.0s Lofi Amp Middle B.pst
Logic	pst	04.4s Cheap Spring	/Library/Application Support/Logic/Plug-In Settings/Space Designer/01 Large Spaces/04 Spring Reverbs/04.4s Cheap Spring.pst
Logic	pst	04.5s Amp Spring Mellow	/Library/Application Support/Logic/Plug-In Settings/Space Designer/01 Large Spaces/04 Spring Reverbs/04.5s Amp Spring Mellow.pst
Logic	pst	04.5s Moog Spring	/Library/Application Support/Logic/Plug-In Settings/Space Designer/01 Large Spaces/04 Spring Reverbs/04.5s Moog Spring.pst
Logic	pst	04.9s Petaluma Spring	/Library/Application Support/Logic/Plug-In Settings/Space Designer/01 Large Spaces/04 Spring Reverbs/04.9s Petaluma Spring.pst
Logic	pst	01.9s Plane Hangar	/Library/Application Support/Logic/Plug-In Settings/Space Designer/01 Large Spaces/05 Indoor Spaces/01.9s Plane Hangar.pst
Logic	pst	02.1s Big Storage Room	/Library/Application Support/Logic/Plug-In Settings/Space Designer/01 Large Spaces/05 Indoor Spaces/02.1s Big Storage Room.pst
Logic	pst	02.1s Concert Hall	/Library/Application Support/Logic/Plug-In Settings/Space Designer/01 Large Spaces/05 Indoor Spaces/02.1s Concert Hall.pst
Logic	pst	02.1s Gymnasium	/Library/Application Support/Logic/Plug-In Settings/Space Designer/01 Large Spaces/05 Indoor Spaces/02.1s Gymnasium.pst
Logic	pst	02.1s On Stage	/Library/Application Support/Logic/Plug-In Settings/Space Designer/01 Large Spaces/05 Indoor Spaces/02.1s On Stage.pst
Logic	pst	02.2s Old Concert Hall	/Library/Application Support/Logic/Plug-In Settings/Space Designer/01 Large Spaces/05 Indoor Spaces/02.2s Old Concert Hall.pst
Logic	pst	02.3s At The Opera	/Library/Application Support/Logic/Plug-In Settings/Space Designer/01 Large Spaces/05 Indoor Spaces/02.3s At The Opera.pst
Logic	pst	02.4s Big Bottom Stage	/Library/Application Support/Logic/Plug-In Settings/Space Designer/01 Large Spaces/05 Indoor Spaces/02.4s Big Bottom Stage.pst
Logic	pst	02.4s High School Gym	/Library/Application Support/Logic/Plug-In Settings/Space Designer/01 Large Spaces/05 Indoor Spaces/02.4s High School Gym.pst
Logic	pst	02.5s Clear Space	/Library/Application Support/Logic/Plug-In Settings/Space Designer/01 Large Spaces/05 Indoor Spaces/02.5s Clear Space.pst
Logic	pst	02.6s Big Bathroom	/Library/Application Support/Logic/Plug-In Settings/Space Designer/01 Large Spaces/05 Indoor Spaces/02.6s Big Bathroom.pst
Logic	pst	02.6s Bright Staircase	/Library/Application Support/Logic/Plug-In Settings/Space Designer/01 Large Spaces/05 Indoor Spaces/02.6s Bright Staircase.pst
Logic	pst	02.6s Dark Church	/Library/Application Support/Logic/Plug-In Settings/Space Designer/01 Large Spaces/05 Indoor Spaces/02.6s Dark Church.pst
Logic	pst	02.7s School Arena	/Library/Application Support/Logic/Plug-In Settings/Space Designer/01 Large Spaces/05 Indoor Spaces/02.7s School Arena.pst
Logic	pst	02.7s Swimming Pool	/Library/Application Support/Logic/Plug-In Settings/Space Designer/01 Large Spaces/05 Indoor Spaces/02.7s Swimming Pool.pst
Logic	pst	02.9s Big Concert Hall	/Library/Application Support/Logic/Plug-In Settings/Space Designer/01 Large Spaces/05 Indoor Spaces/02.9s Big Concert Hall.pst
Logic	pst	02.9s Neo Church	/Library/Application Support/Logic/Plug-In Settings/Space Designer/01 Large Spaces/05 Indoor Spaces/02.9s Neo Church.pst
Logic	pst	03.0s Big Cave One	/Library/Application Support/Logic/Plug-In Settings/Space Designer/01 Large Spaces/05 Indoor Spaces/03.0s Big Cave One.pst
Logic	pst	03.0s Boat Hangar	/Library/Application Support/Logic/Plug-In Settings/Space Designer/01 Large Spaces/05 Indoor Spaces/03.0s Boat Hangar.pst
Logic	pst	03.0s Large Pub	/Library/Application Support/Logic/Plug-In Settings/Space Designer/01 Large Spaces/05 Indoor Spaces/03.0s Large Pub.pst
Logic	pst	03.0s Long Passage	/Library/Application Support/Logic/Plug-In Settings/Space Designer/01 Large Spaces/05 Indoor Spaces/03.0s Long Passage.pst
Logic	pst	03.0s Mountain Chapel	/Library/Application Support/Logic/Plug-In Settings/Space Designer/01 Large Spaces/05 Indoor Spaces/03.0s Mountain Chapel.pst
Logic	pst	03.1s Large Warehouse	/Library/Application Support/Logic/Plug-In Settings/Space Designer/01 Large Spaces/05 Indoor Spaces/03.1s Large Warehouse.pst
Logic	pst	03.2s Empty Church	/Library/Application Support/Logic/Plug-In Settings/Space Designer/01 Large Spaces/05 Indoor Spaces/03.2s Empty Church.pst
Logic	pst	03.3s Auditorium	/Library/Application Support/Logic/Plug-In Settings/Space Designer/01 Large Spaces/05 Indoor Spaces/03.3s Auditorium.pst
Logic	pst	03.3s Concrete Basement	/Library/Application Support/Logic/Plug-In Settings/Space Designer/01 Large Spaces/05 Indoor Spaces/03.3s Concrete Basement.pst
Logic	pst	03.3s Tall Cathedral	/Library/Application Support/Logic/Plug-In Settings/Space Designer/01 Large Spaces/05 Indoor Spaces/03.3s Tall Cathedral.pst
Logic	pst	03.4s Large Empty Club	/Library/Application Support/Logic/Plug-In Settings/Space Designer/01 Large Spaces/05 Indoor Spaces/03.4s Large Empty Club.pst
Logic	pst	03.4s Roman Cathedral	/Library/Application Support/Logic/Plug-In Settings/Space Designer/01 Large Spaces/05 Indoor Spaces/03.4s Roman Cathedral.pst
Logic	pst	03.4s Swimming Pool	/Library/Application Support/Logic/Plug-In Settings/Space Designer/01 Large Spaces/05 Indoor Spaces/03.4s Swimming Pool.pst
Logic	pst	03.7s Subway	/Library/Application Support/Logic/Plug-In Settings/Space Designer/01 Large Spaces/05 Indoor Spaces/03.7s Subway.pst
Logic	pst	03.8s Parking Garage	/Library/Application Support/Logic/Plug-In Settings/Space Designer/01 Large Spaces/05 Indoor Spaces/03.8s Parking Garage.pst
Logic	pst	03.9s Train Station	/Library/Application Support/Logic/Plug-In Settings/Space Designer/01 Large Spaces/05 Indoor Spaces/03.9s Train Station.pst
Logic	pst	04.0s Swimming Pool	/Library/Application Support/Logic/Plug-In Settings/Space Designer/01 Large Spaces/05 Indoor Spaces/04.0s Swimming Pool.pst
Logic	pst	04.2s Central Station	/Library/Application Support/Logic/Plug-In Settings/Space Designer/01 Large Spaces/05 Indoor Spaces/04.2s Central Station.pst
Logic	pst	04.3s In the Subway	/Library/Application Support/Logic/Plug-In Settings/Space Designer/01 Large Spaces/05 Indoor Spaces/04.3s In the Subway.pst
Logic	pst	04.9s Large Empty Pool	/Library/Application Support/Logic/Plug-In Settings/Space Designer/01 Large Spaces/05 Indoor Spaces/04.9s Large Empty Pool.pst
Logic	pst	05.6s Big Gothic Church	/Library/Application Support/Logic/Plug-In Settings/Space Designer/01 Large Spaces/05 Indoor Spaces/05.6s Big Gothic Church.pst
Logic	pst	06.2s Ambient Church	/Library/Application Support/Logic/Plug-In Settings/Space Designer/01 Large Spaces/05 Indoor Spaces/06.2s Ambient Church.pst
Logic	pst	06.6s Big Old Church	/Library/Application Support/Logic/Plug-In Settings/Space Designer/01 Large Spaces/05 Indoor Spaces/06.6s Big Old Church.pst
Logic	pst	06.6s Palace	/Library/Application Support/Logic/Plug-In Settings/Space Designer/01 Large Spaces/05 Indoor Spaces/06.6s Palace.pst
Logic	pst	07.0s Bright Cathedral	/Library/Application Support/Logic/Plug-In Settings/Space Designer/01 Large Spaces/05 Indoor Spaces/07.0s Bright Cathedral.pst
Logic	pst	08.7s Big Gothic Church	/Library/Application Support/Logic/Plug-In Settings/Space Designer/01 Large Spaces/05 Indoor Spaces/08.7s Big Gothic Church.pst
Logic	pst	09.7s Hangar One	/Library/Application Support/Logic/Plug-In Settings/Space Designer/01 Large Spaces/05 Indoor Spaces/09.7s Hangar One.pst
Logic	pst	12.2s Grand Church	/Library/Application Support/Logic/Plug-In Settings/Space Designer/01 Large Spaces/05 Indoor Spaces/12.2s Grand Church.pst
Logic	pst	14.0s Dome	/Library/Application Support/Logic/Plug-In Settings/Space Designer/01 Large Spaces/05 Indoor Spaces/14.0s Dome.pst
Logic	pst	02.4s Long City Street	/Library/Application Support/Logic/Plug-In Settings/Space Designer/01 Large Spaces/06 Outdoor Spaces/02.4s Long City Street.pst
Logic	pst	02.4s Seashore Verb	/Library/Application Support/Logic/Plug-In Settings/Space Designer/01 Large Spaces/06 Outdoor Spaces/02.4s Seashore Verb.pst
Logic	pst	02.4s Small Tunnel	/Library/Application Support/Logic/Plug-In Settings/Space Designer/01 Large Spaces/06 Outdoor Spaces/02.4s Small Tunnel.pst
Logic	pst	02.5s Medium Tunnel	/Library/Application Support/Logic/Plug-In Settings/Space Designer/01 Large Spaces/06 Outdoor Spaces/02.5s Medium Tunnel.pst
Logic	pst	02.9s On The Open Field	/Library/Application Support/Logic/Plug-In Settings/Space Designer/01 Large Spaces/06 Outdoor Spaces/02.9s On The Open Field.pst
Logic	pst	03.1s Forest Echo	/Library/Application Support/Logic/Plug-In Settings/Space Designer/01 Large Spaces/06 Outdoor Spaces/03.1s Forest Echo.pst
Logic	pst	03.1s The Tomb	/Library/Application Support/Logic/Plug-In Settings/Space Designer/01 Large Spaces/06 Outdoor Spaces/03.1s The Tomb.pst
Logic	pst	03.5s Forest Echo Dark	/Library/Application Support/Logic/Plug-In Settings/Space Designer/01 Large Spaces/06 Outdoor Spaces/03.5s Forest Echo Dark.pst
Logic	pst	04.0s Old Forest Long	/Library/Application Support/Logic/Plug-In Settings/Space Designer/01 Large Spaces/06 Outdoor Spaces/04.0s Old Forest Long.pst
Logic	pst	04.0s Open Reflection	/Library/Application Support/Logic/Plug-In Settings/Space Designer/01 Large Spaces/06 Outdoor Spaces/04.0s Open Reflection.pst
Logic	pst	04.4s Mountain Echoes	/Library/Application Support/Logic/Plug-In Settings/Space Designer/01 Large Spaces/06 Outdoor Spaces/04.4s Mountain Echoes.pst
Logic	pst	04.4s Natural Reflect	/Library/Application Support/Logic/Plug-In Settings/Space Designer/01 Large Spaces/06 Outdoor Spaces/04.4s Natural Reflect.pst
Logic	pst	05.2s Big Barrel	/Library/Application Support/Logic/Plug-In Settings/Space Designer/01 Large Spaces/06 Outdoor Spaces/05.2s Big Barrel.pst
Logic	pst	05.2s Deep Canyon	/Library/Application Support/Logic/Plug-In Settings/Space Designer/01 Large Spaces/06 Outdoor Spaces/05.2s Deep Canyon.pst
Logic	pst	05.4s Mountain Echoes	/Library/Application Support/Logic/Plug-In Settings/Space Designer/01 Large Spaces/06 Outdoor Spaces/05.4s Mountain Echoes.pst
Logic	pst	08.0s Thunder Clap	/Library/Application Support/Logic/Plug-In Settings/Space Designer/01 Large Spaces/06 Outdoor Spaces/08.0s Thunder Clap.pst
Logic	pst	08.5s Big Cave	/Library/Application Support/Logic/Plug-In Settings/Space Designer/01 Large Spaces/06 Outdoor Spaces/08.5s Big Cave.pst
Logic	pst	09.0s Soccer Field	/Library/Application Support/Logic/Plug-In Settings/Space Designer/01 Large Spaces/06 Outdoor Spaces/09.0s Soccer Field.pst
Logic	pst	09.1s Deep Tunnel	/Library/Application Support/Logic/Plug-In Settings/Space Designer/01 Large Spaces/06 Outdoor Spaces/09.1s Deep Tunnel.pst
Logic	pst	09.2s Upper Echelons	/Library/Application Support/Logic/Plug-In Settings/Space Designer/01 Large Spaces/06 Outdoor Spaces/09.2s Upper Echelons.pst
Logic	pst	01.9s Bomb Tail	/Library/Application Support/Logic/Plug-In Settings/Space Designer/01 Large Spaces/07 Warped Spaces/01.9s Bomb Tail.pst
Logic	pst	02.3s Gun Shot	/Library/Application Support/Logic/Plug-In Settings/Space Designer/01 Large Spaces/07 Warped Spaces/02.3s Gun Shot.pst
Logic	pst	02.4s Backward Rolls	/Library/Application Support/Logic/Plug-In Settings/Space Designer/01 Large Spaces/07 Warped Spaces/02.4s Backward Rolls.pst
Logic	pst	02.6s Guitar Echo Verb	/Library/Application Support/Logic/Plug-In Settings/Space Designer/01 Large Spaces/07 Warped Spaces/02.6s Guitar Echo Verb.pst
Logic	pst	02.8s Modula B Delay	/Library/Application Support/Logic/Plug-In Settings/Space Designer/01 Large Spaces/07 Warped Spaces/02.8s Modula B Delay.pst
Logic	pst	03.0s Prison Small Hall	/Library/Application Support/Logic/Plug-In Settings/Space Designer/01 Large Spaces/07 Warped Spaces/03.0s Prison Small Hall.pst
Logic	pst	03.0s Shadows	/Library/Application Support/Logic/Plug-In Settings/Space Designer/01 Large Spaces/07 Warped Spaces/03.0s Shadows.pst
Logic	pst	03.1s Deep Verb	/Library/Application Support/Logic/Plug-In Settings/Space Designer/01 Large Spaces/07 Warped Spaces/03.1s Deep Verb.pst
Logic	pst	03.1s Spaces In Between	/Library/Application Support/Logic/Plug-In Settings/Space Designer/01 Large Spaces/07 Warped Spaces/03.1s Spaces In Between.pst
Logic	pst	03.3s Long Sweep Verb	/Library/Application Support/Logic/Plug-In Settings/Space Designer/01 Large Spaces/07 Warped Spaces/03.3s Long Sweep Verb.pst
Logic	pst	03.4s Salt Mine One	/Library/Application Support/Logic/Plug-In Settings/Space Designer/01 Large Spaces/07 Warped Spaces/03.4s Salt Mine One.pst
Logic	pst	03.6s Deep Space	/Library/Application Support/Logic/Plug-In Settings/Space Designer/01 Large Spaces/07 Warped Spaces/03.6s Deep Space.pst
Logic	pst	03.7s Non Linear	/Library/Application Support/Logic/Plug-In Settings/Space Designer/01 Large Spaces/07 Warped Spaces/03.7s Non Linear.pst
Logic	pst	03.9s Salt Mine Two	/Library/Application Support/Logic/Plug-In Settings/Space Designer/01 Large Spaces/07 Warped Spaces/03.9s Salt Mine Two.pst
Logic	pst	04.0s Prison Med Hall	/Library/Application Support/Logic/Plug-In Settings/Space Designer/01 Large Spaces/07 Warped Spaces/04.0s Prison Med Hall.pst
Logic	pst	04.1s Alien Chatters	/Library/Application Support/Logic/Plug-In Settings/Space Designer/01 Large Spaces/07 Warped Spaces/04.1s Alien Chatters.pst
Logic	pst	04.1s Endless Space	/Library/Application Support/Logic/Plug-In Settings/Space Designer/01 Large Spaces/07 Warped Spaces/04.1s Endless Space.pst
Logic	pst	04.2s Black Hole	/Library/Application Support/Logic/Plug-In Settings/Space Designer/01 Large Spaces/07 Warped Spaces/04.2s Black Hole.pst
Logic	pst	04.2s Mountain Echoes	/Library/Application Support/Logic/Plug-In Settings/Space Designer/01 Large Spaces/07 Warped Spaces/04.2s Mountain Echoes.pst
Logic	pst	04.3s Shooting Star	/Library/Application Support/Logic/Plug-In Settings/Space Designer/01 Large Spaces/07 Warped Spaces/04.3s Shooting Star.pst
Logic	pst	04.7s Re-Wash	/Library/Application Support/Logic/Plug-In Settings/Space Designer/01 Large Spaces/07 Warped Spaces/04.7s Re-Wash.pst
Logic	pst	04.7s Sonar Detection	/Library/Application Support/Logic/Plug-In Settings/Space Designer/01 Large Spaces/07 Warped Spaces/04.7s Sonar Detection.pst
Logic	pst	04.8s Hi Space Chirps	/Library/Application Support/Logic/Plug-In Settings/Space Designer/01 Large Spaces/07 Warped Spaces/04.8s Hi Space Chirps.pst
Logic	pst	05.2s The Landing Verb	/Library/Application Support/Logic/Plug-In Settings/Space Designer/01 Large Spaces/07 Warped Spaces/05.2s The Landing Verb.pst
Logic	pst	05.3s Vocal Echoes	/Library/Application Support/Logic/Plug-In Settings/Space Designer/01 Large Spaces/07 Warped Spaces/05.3s Vocal Echoes.pst
Logic	pst	05.6s Thunder Wave	/Library/Application Support/Logic/Plug-In Settings/Space Designer/01 Large Spaces/07 Warped Spaces/05.6s Thunder Wave.pst
Logic	pst	05.9s Helicoptered	/Library/Application Support/Logic/Plug-In Settings/Space Designer/01 Large Spaces/07 Warped Spaces/05.9s Helicoptered.pst
Logic	pst	06.3s Formant Stutters	/Library/Application Support/Logic/Plug-In Settings/Space Designer/01 Large Spaces/07 Warped Spaces/06.3s Formant Stutters.pst
Logic	pst	06.3s Warp	/Library/Application Support/Logic/Plug-In Settings/Space Designer/01 Large Spaces/07 Warped Spaces/06.3s Warp.pst
Logic	pst	06.5s Iron Engine	/Library/Application Support/Logic/Plug-In Settings/Space Designer/01 Large Spaces/07 Warped Spaces/06.5s Iron Engine.pst
Logic	pst	07.0s Space Com	/Library/Application Support/Logic/Plug-In Settings/Space Designer/01 Large Spaces/07 Warped Spaces/07.0s Space Com.pst
Logic	pst	07.1s Weird Delay	/Library/Application Support/Logic/Plug-In Settings/Space Designer/01 Large Spaces/07 Warped Spaces/07.1s Weird Delay.pst
Logic	pst	07.8s Lasers In The Sky	/Library/Application Support/Logic/Plug-In Settings/Space Designer/01 Large Spaces/07 Warped Spaces/07.8s Lasers In The Sky.pst
Logic	pst	10.0s Long Breeze Verb	/Library/Application Support/Logic/Plug-In Settings/Space Designer/01 Large Spaces/07 Warped Spaces/10.0s Long Breeze Verb.pst
Logic	pst	10.5s Fractal Rooms	/Library/Application Support/Logic/Plug-In Settings/Space Designer/01 Large Spaces/07 Warped Spaces/10.5s Fractal Rooms.pst
Logic	pst	10.9s Dam Level One	/Library/Application Support/Logic/Plug-In Settings/Space Designer/01 Large Spaces/07 Warped Spaces/10.9s Dam Level One.pst
Logic	pst	16.3s Dam Level Two	/Library/Application Support/Logic/Plug-In Settings/Space Designer/01 Large Spaces/07 Warped Spaces/16.3s Dam Level Two.pst
Logic	pst	18.7s Castle Lobby	/Library/Application Support/Logic/Plug-In Settings/Space Designer/01 Large Spaces/07 Warped Spaces/18.7s Castle Lobby.pst
Logic	pst	1.0s Bright Chamber	/Library/Application Support/Logic/Plug-In Settings/Space Designer/02 Medium Spaces/01 Rooms/1.0s Bright Chamber.pst
Logic	pst	1.1s Live Chamber	/Library/Application Support/Logic/Plug-In Settings/Space Designer/02 Medium Spaces/01 Rooms/1.1s Live Chamber.pst
Logic	pst	1.2s Echo Place	/Library/Application Support/Logic/Plug-In Settings/Space Designer/02 Medium Spaces/01 Rooms/1.2s Echo Place.pst
Logic	pst	1.3s Horn Chamber	/Library/Application Support/Logic/Plug-In Settings/Space Designer/02 Medium Spaces/01 Rooms/1.3s Horn Chamber.pst
Logic	pst	1.4s Nice Room	/Library/Application Support/Logic/Plug-In Settings/Space Designer/02 Medium Spaces/01 Rooms/1.4s Nice Room.pst
Logic	pst	1.4s Piano Reflection	/Library/Application Support/Logic/Plug-In Settings/Space Designer/02 Medium Spaces/01 Rooms/1.4s Piano Reflection.pst
Logic	pst	1.5s Perc Room	/Library/Application Support/Logic/Plug-In Settings/Space Designer/02 Medium Spaces/01 Rooms/1.5s Perc Room.pst
Logic	pst	1.5s Piano Warmth	/Library/Application Support/Logic/Plug-In Settings/Space Designer/02 Medium Spaces/01 Rooms/1.5s Piano Warmth.pst
Logic	pst	1.5s String Chamber	/Library/Application Support/Logic/Plug-In Settings/Space Designer/02 Medium Spaces/01 Rooms/1.5s String Chamber.pst
Logic	pst	1.6s Bight & Empty	/Library/Application Support/Logic/Plug-In Settings/Space Designer/02 Medium Spaces/01 Rooms/1.6s Bight & Empty.pst
Logic	pst	1.6s Tile Room	/Library/Application Support/Logic/Plug-In Settings/Space Designer/02 Medium Spaces/01 Rooms/1.6s Tile Room.pst
Logic	pst	1.7s Green Chamber	/Library/Application Support/Logic/Plug-In Settings/Space Designer/02 Medium Spaces/01 Rooms/1.7s Green Chamber.pst
Logic	pst	1.7s Medium Sweet	/Library/Application Support/Logic/Plug-In Settings/Space Designer/02 Medium Spaces/01 Rooms/1.7s Medium Sweet.pst
Logic	pst	1.8s Ambience	/Library/Application Support/Logic/Plug-In Settings/Space Designer/02 Medium Spaces/01 Rooms/1.8s Ambience.pst
Logic	pst	1.8s Long Shaped Room	/Library/Application Support/Logic/Plug-In Settings/Space Designer/02 Medium Spaces/01 Rooms/1.8s Long Shaped Room.pst
Logic	pst	1.8s Stonewall Room	/Library/Application Support/Logic/Plug-In Settings/Space Designer/02 Medium Spaces/01 Rooms/1.8s Stonewall Room.pst
Logic	pst	1.9s Skindrum Room	/Library/Application Support/Logic/Plug-In Settings/Space Designer/02 Medium Spaces/01 Rooms/1.9s Skindrum Room.pst
Logic	pst	1.9s Smaller Bright	/Library/Application Support/Logic/Plug-In Settings/Space Designer/02 Medium Spaces/01 Rooms/1.9s Smaller Bright.pst
Logic	pst	2.0s Prince Hall One	/Library/Application Support/Logic/Plug-In Settings/Space Designer/02 Medium Spaces/01 Rooms/2.0s Prince Hall One.pst
Logic	pst	2.0s Sax Reverb	/Library/Application Support/Logic/Plug-In Settings/Space Designer/02 Medium Spaces/01 Rooms/2.0s Sax Reverb.pst
Logic	pst	2.0s Scoring Stage	/Library/Application Support/Logic/Plug-In Settings/Space Designer/02 Medium Spaces/01 Rooms/2.0s Scoring Stage.pst
Logic	pst	2.0s Tight Room	/Library/Application Support/Logic/Plug-In Settings/Space Designer/02 Medium Spaces/01 Rooms/2.0s Tight Room.pst
Logic	pst	2.0s Villa Lobby	/Library/Application Support/Logic/Plug-In Settings/Space Designer/02 Medium Spaces/01 Rooms/2.0s Villa Lobby.pst
Logic	pst	2.0s Villa Wine Cellar	/Library/Application Support/Logic/Plug-In Settings/Space Designer/02 Medium Spaces/01 Rooms/2.0s Villa Wine Cellar.pst
Logic	pst	2.1s Pyramid Room	/Library/Application Support/Logic/Plug-In Settings/Space Designer/02 Medium Spaces/01 Rooms/2.1s Pyramid Room.pst
Logic	pst	2.2s Michaelis Abbey	/Library/Application Support/Logic/Plug-In Settings/Space Designer/02 Medium Spaces/01 Rooms/2.2s Michaelis Abbey.pst
Logic	pst	2.3s Archaic Courtroom	/Library/Application Support/Logic/Plug-In Settings/Space Designer/02 Medium Spaces/01 Rooms/2.3s Archaic Courtroom.pst
Logic	pst	2.4s Chamber Three	/Library/Application Support/Logic/Plug-In Settings/Space Designer/02 Medium Spaces/01 Rooms/2.4s Chamber Three.pst
Logic	pst	2.6s Hansa Studio	/Library/Application Support/Logic/Plug-In Settings/Space Designer/02 Medium Spaces/01 Rooms/2.6s Hansa Studio.pst
Logic	pst	2.7s Aranno Sacristy	/Library/Application Support/Logic/Plug-In Settings/Space Designer/02 Medium Spaces/01 Rooms/2.7s Aranno Sacristy.pst
Logic	pst	2.7s Chamber Four	/Library/Application Support/Logic/Plug-In Settings/Space Designer/02 Medium Spaces/01 Rooms/2.7s Chamber Four.pst
Logic	pst	2.8s Michaelis Chapel	/Library/Application Support/Logic/Plug-In Settings/Space Designer/02 Medium Spaces/01 Rooms/2.8s Michaelis Chapel.pst
Logic	pst	3.0s Chamber Two	/Library/Application Support/Logic/Plug-In Settings/Space Designer/02 Medium Spaces/01 Rooms/3.0s Chamber Two.pst
Logic	pst	3.0s Hansa Studio +	/Library/Application Support/Logic/Plug-In Settings/Space Designer/02 Medium Spaces/01 Rooms/3.0s Hansa Studio +.pst
Logic	pst	1.3s Medium Hall	/Library/Application Support/Logic/Plug-In Settings/Space Designer/02 Medium Spaces/02 Halls/1.3s Medium Hall.pst
Logic	pst	1.4s Bright Hall	/Library/Application Support/Logic/Plug-In Settings/Space Designer/02 Medium Spaces/02 Halls/1.4s Bright Hall.pst
Logic	pst	1.5s Plasterhall	/Library/Application Support/Logic/Plug-In Settings/Space Designer/02 Medium Spaces/02 Halls/1.5s Plasterhall.pst
Logic	pst	1.6s Diffusion Hall	/Library/Application Support/Logic/Plug-In Settings/Space Designer/02 Medium Spaces/02 Halls/1.6s Diffusion Hall.pst
Logic	pst	1.6s Small Hall	/Library/Application Support/Logic/Plug-In Settings/Space Designer/02 Medium Spaces/02 Halls/1.6s Small Hall.pst
Logic	pst	1.7s Nice Hall	/Library/Application Support/Logic/Plug-In Settings/Space Designer/02 Medium Spaces/02 Halls/1.7s Nice Hall.pst
Logic	pst	1.7s Small Guitar Hall	/Library/Application Support/Logic/Plug-In Settings/Space Designer/02 Medium Spaces/02 Halls/1.7s Small Guitar Hall.pst
Logic	pst	1.8s Midnight Hall	/Library/Application Support/Logic/Plug-In Settings/Space Designer/02 Medium Spaces/02 Halls/1.8s Midnight Hall.pst
Logic	pst	1.8s Narrow Hall	/Library/Application Support/Logic/Plug-In Settings/Space Designer/02 Medium Spaces/02 Halls/1.8s Narrow Hall.pst
Logic	pst	2.0s Medium Hall	/Library/Application Support/Logic/Plug-In Settings/Space Designer/02 Medium Spaces/02 Halls/2.0s Medium Hall.pst
Logic	pst	2.0s Space Reverb	/Library/Application Support/Logic/Plug-In Settings/Space Designer/02 Medium Spaces/02 Halls/2.0s Space Reverb.pst
Logic	pst	2.6s TV Studio	/Library/Application Support/Logic/Plug-In Settings/Space Designer/02 Medium Spaces/02 Halls/2.6s TV Studio.pst
Logic	pst	1.2s Tabla Plate	/Library/Application Support/Logic/Plug-In Settings/Space Designer/02 Medium Spaces/03 Plate Reverbs/1.2s Tabla Plate.pst
Logic	pst	1.3s Horn Section Plate	/Library/Application Support/Logic/Plug-In Settings/Space Designer/02 Medium Spaces/03 Plate Reverbs/1.3s Horn Section Plate.pst
Logic	pst	1.3s Soft Plate	/Library/Application Support/Logic/Plug-In Settings/Space Designer/02 Medium Spaces/03 Plate Reverbs/1.3s Soft Plate.pst
Logic	pst	1.4s Ice Plate	/Library/Application Support/Logic/Plug-In Settings/Space Designer/02 Medium Spaces/03 Plate Reverbs/1.4s Ice Plate.pst
Logic	pst	1.7s Blue Plate	/Library/Application Support/Logic/Plug-In Settings/Space Designer/02 Medium Spaces/03 Plate Reverbs/1.7s Blue Plate.pst
Logic	pst	1.8s Drum Plate	/Library/Application Support/Logic/Plug-In Settings/Space Designer/02 Medium Spaces/03 Plate Reverbs/1.8s Drum Plate.pst
Logic	pst	0.9s Room Reverse	/Library/Application Support/Logic/Plug-In Settings/Space Designer/02 Medium Spaces/04 Gated Reverbs/0.9s Room Reverse.pst
Logic	pst	1.1s Gated Chamber	/Library/Application Support/Logic/Plug-In Settings/Space Designer/02 Medium Spaces/04 Gated Reverbs/1.1s Gated Chamber.pst
Logic	pst	1.2s Horn Combo	/Library/Application Support/Logic/Plug-In Settings/Space Designer/02 Medium Spaces/04 Gated Reverbs/1.2s Horn Combo.pst
Logic	pst	1.4s Percussion	/Library/Application Support/Logic/Plug-In Settings/Space Designer/02 Medium Spaces/04 Gated Reverbs/1.4s Percussion.pst
Logic	pst	1.6s Reversed Slap Gate	/Library/Application Support/Logic/Plug-In Settings/Space Designer/02 Medium Spaces/04 Gated Reverbs/1.6s Reversed Slap Gate.pst
Logic	pst	2.2s Old Spring	/Library/Application Support/Logic/Plug-In Settings/Space Designer/02 Medium Spaces/05 Spring Reverbs/2.2s Old Spring.pst
Logic	pst	2.3s Amp Spring Tweeter	/Library/Application Support/Logic/Plug-In Settings/Space Designer/02 Medium Spaces/05 Spring Reverbs/2.3s Amp Spring Tweeter.pst
Logic	pst	2.5s Old Vintage Reverb	/Library/Application Support/Logic/Plug-In Settings/Space Designer/02 Medium Spaces/05 Spring Reverbs/2.5s Old Vintage Reverb.pst
Logic	pst	2.8s Old Spring	/Library/Application Support/Logic/Plug-In Settings/Space Designer/02 Medium Spaces/05 Spring Reverbs/2.8s Old Spring.pst
Logic	pst	2.8s Rackmount Bright	/Library/Application Support/Logic/Plug-In Settings/Space Designer/02 Medium Spaces/05 Spring Reverbs/2.8s Rackmount Bright.pst
Logic	pst	2.9s California Combo	/Library/Application Support/Logic/Plug-In Settings/Space Designer/02 Medium Spaces/05 Spring Reverbs/2.9s California Combo.pst
Logic	pst	2.9s Rackmount Dark	/Library/Application Support/Logic/Plug-In Settings/Space Designer/02 Medium Spaces/05 Spring Reverbs/2.9s Rackmount Dark.pst
Logic	pst	1.0s House Room	/Library/Application Support/Logic/Plug-In Settings/Space Designer/02 Medium Spaces/06 Indoor Spaces/1.0s House Room.pst
Logic	pst	1.1s Big Club Room	/Library/Application Support/Logic/Plug-In Settings/Space Designer/02 Medium Spaces/06 Indoor Spaces/1.1s Big Club Room.pst
Logic	pst	1.1s Court Room	/Library/Application Support/Logic/Plug-In Settings/Space Designer/02 Medium Spaces/06 Indoor Spaces/1.1s Court Room.pst
Logic	pst	1.1s Large Wood Room	/Library/Application Support/Logic/Plug-In Settings/Space Designer/02 Medium Spaces/06 Indoor Spaces/1.1s Large Wood Room.pst
Logic	pst	1.1s Small Garage	/Library/Application Support/Logic/Plug-In Settings/Space Designer/02 Medium Spaces/06 Indoor Spaces/1.1s Small Garage.pst
Logic	pst	1.1s Small Staircase	/Library/Application Support/Logic/Plug-In Settings/Space Designer/02 Medium Spaces/06 Indoor Spaces/1.1s Small Staircase.pst
Logic	pst	1.2s Small Church	/Library/Application Support/Logic/Plug-In Settings/Space Designer/02 Medium Spaces/06 Indoor Spaces/1.2s Small Church.pst
Logic	pst	1.2s Small Staircase	/Library/Application Support/Logic/Plug-In Settings/Space Designer/02 Medium Spaces/06 Indoor Spaces/1.2s Small Staircase.pst
Logic	pst	1.3s Conference Room	/Library/Application Support/Logic/Plug-In Settings/Space Designer/02 Medium Spaces/06 Indoor Spaces/1.3s Conference Room.pst
Logic	pst	1.3s In The Lobby	/Library/Application Support/Logic/Plug-In Settings/Space Designer/02 Medium Spaces/06 Indoor Spaces/1.3s In The Lobby.pst
Logic	pst	1.4s Museum	/Library/Application Support/Logic/Plug-In Settings/Space Designer/02 Medium Spaces/06 Indoor Spaces/1.4s Museum.pst
Logic	pst	1.4s Parking Garage	/Library/Application Support/Logic/Plug-In Settings/Space Designer/02 Medium Spaces/06 Indoor Spaces/1.4s Parking Garage.pst
Logic	pst	1.4s Small Concert Hall	/Library/Application Support/Logic/Plug-In Settings/Space Designer/02 Medium Spaces/06 Indoor Spaces/1.4s Small Concert Hall.pst
Logic	pst	1.4s Tight Garage	/Library/Application Support/Logic/Plug-In Settings/Space Designer/02 Medium Spaces/06 Indoor Spaces/1.4s Tight Garage.pst
Logic	pst	1.5s Basement	/Library/Application Support/Logic/Plug-In Settings/Space Designer/02 Medium Spaces/06 Indoor Spaces/1.5s Basement.pst
Logic	pst	1.5s Bigger Cellar	/Library/Application Support/Logic/Plug-In Settings/Space Designer/02 Medium Spaces/06 Indoor Spaces/1.5s Bigger Cellar.pst
Logic	pst	1.5s Hotel Entrance	/Library/Application Support/Logic/Plug-In Settings/Space Designer/02 Medium Spaces/06 Indoor Spaces/1.5s Hotel Entrance.pst
Logic	pst	1.6s Narrow Staircase	/Library/Application Support/Logic/Plug-In Settings/Space Designer/02 Medium Spaces/06 Indoor Spaces/1.6s Narrow Staircase.pst
Logic	pst	1.8s Big Room Stage	/Library/Application Support/Logic/Plug-In Settings/Space Designer/02 Medium Spaces/06 Indoor Spaces/1.8s Big Room Stage.pst
Logic	pst	1.8s Big Train Station	/Library/Application Support/Logic/Plug-In Settings/Space Designer/02 Medium Spaces/06 Indoor Spaces/1.8s Big Train Station.pst
Logic	pst	1.8s Key Hall	/Library/Application Support/Logic/Plug-In Settings/Space Designer/02 Medium Spaces/06 Indoor Spaces/1.8s Key Hall.pst
Logic	pst	1.8s Open Air Stadium	/Library/Application Support/Logic/Plug-In Settings/Space Designer/02 Medium Spaces/06 Indoor Spaces/1.8s Open Air Stadium.pst
Logic	pst	1.9s Jazz Club	/Library/Application Support/Logic/Plug-In Settings/Space Designer/02 Medium Spaces/06 Indoor Spaces/1.9s Jazz Club.pst
Logic	pst	1.9s Large Stage Guitar	/Library/Application Support/Logic/Plug-In Settings/Space Designer/02 Medium Spaces/06 Indoor Spaces/1.9s Large Stage Guitar.pst
Logic	pst	1.9s Medium Theater	/Library/Application Support/Logic/Plug-In Settings/Space Designer/02 Medium Spaces/06 Indoor Spaces/1.9s Medium Theater.pst
Logic	pst	2.0s Clear Stage	/Library/Application Support/Logic/Plug-In Settings/Space Designer/02 Medium Spaces/06 Indoor Spaces/2.0s Clear Stage.pst
Logic	pst	2.0s Hallway	/Library/Application Support/Logic/Plug-In Settings/Space Designer/02 Medium Spaces/06 Indoor Spaces/2.0s Hallway.pst
Logic	pst	2.0s Large Cellar	/Library/Application Support/Logic/Plug-In Settings/Space Designer/02 Medium Spaces/06 Indoor Spaces/2.0s Large Cellar.pst
Logic	pst	2.0s Large Club	/Library/Application Support/Logic/Plug-In Settings/Space Designer/02 Medium Spaces/06 Indoor Spaces/2.0s Large Club.pst
Logic	pst	2.0s Office Corridor	/Library/Application Support/Logic/Plug-In Settings/Space Designer/02 Medium Spaces/06 Indoor Spaces/2.0s Office Corridor.pst
Logic	pst	2.0s On Stage Drums	/Library/Application Support/Logic/Plug-In Settings/Space Designer/02 Medium Spaces/06 Indoor Spaces/2.0s On Stage Drums.pst
Logic	pst	2.0s Tiled Room +	/Library/Application Support/Logic/Plug-In Settings/Space Designer/02 Medium Spaces/06 Indoor Spaces/2.0s Tiled Room +.pst
Logic	pst	2.0s Tiled Room	/Library/Application Support/Logic/Plug-In Settings/Space Designer/02 Medium Spaces/06 Indoor Spaces/2.0s Tiled Room.pst
Logic	pst	2.2s First Row Seat	/Library/Application Support/Logic/Plug-In Settings/Space Designer/02 Medium Spaces/06 Indoor Spaces/2.2s First Row Seat.pst
Logic	pst	2.2s Recital Verb	/Library/Application Support/Logic/Plug-In Settings/Space Designer/02 Medium Spaces/06 Indoor Spaces/2.2s Recital Verb.pst
Logic	pst	2.9s Big Cave Two	/Library/Application Support/Logic/Plug-In Settings/Space Designer/02 Medium Spaces/06 Indoor Spaces/2.9s Big Cave Two.pst
Logic	pst	1.3s Canyon	/Library/Application Support/Logic/Plug-In Settings/Space Designer/02 Medium Spaces/07 Outdoor Spaces/1.3s Canyon.pst
Logic	pst	1.3s Cave Drums	/Library/Application Support/Logic/Plug-In Settings/Space Designer/02 Medium Spaces/07 Outdoor Spaces/1.3s Cave Drums.pst
Logic	pst	1.4s Hi Woods Natural	/Library/Application Support/Logic/Plug-In Settings/Space Designer/02 Medium Spaces/07 Outdoor Spaces/1.4s Hi Woods Natural.pst
Logic	pst	1.4s Open Ambience	/Library/Application Support/Logic/Plug-In Settings/Space Designer/02 Medium Spaces/07 Outdoor Spaces/1.4s Open Ambience.pst
Logic	pst	1.9s Venue Sizzling	/Library/Application Support/Logic/Plug-In Settings/Space Designer/02 Medium Spaces/07 Outdoor Spaces/1.9s Venue Sizzling.pst
Logic	pst	2.0s Amphitheatre	/Library/Application Support/Logic/Plug-In Settings/Space Designer/02 Medium Spaces/07 Outdoor Spaces/2.0s Amphitheatre.pst
Logic	pst	2.0s Valley Forest	/Library/Application Support/Logic/Plug-In Settings/Space Designer/02 Medium Spaces/07 Outdoor Spaces/2.0s Valley Forest.pst
Logic	pst	1.0s Deep Space Reverb	/Library/Application Support/Logic/Plug-In Settings/Space Designer/02 Medium Spaces/08 Warped Spaces/1.0s Deep Space Reverb.pst
Logic	pst	1.2s Freezer FX	/Library/Application Support/Logic/Plug-In Settings/Space Designer/02 Medium Spaces/08 Warped Spaces/1.2s Freezer FX.pst
Logic	pst	1.3s Rhodes Reverb	/Library/Application Support/Logic/Plug-In Settings/Space Designer/02 Medium Spaces/08 Warped Spaces/1.3s Rhodes Reverb.pst
Logic	pst	1.4s Frozen Phase	/Library/Application Support/Logic/Plug-In Settings/Space Designer/02 Medium Spaces/08 Warped Spaces/1.4s Frozen Phase.pst
Logic	pst	1.5s Dark & Small	/Library/Application Support/Logic/Plug-In Settings/Space Designer/02 Medium Spaces/08 Warped Spaces/1.5s Dark & Small.pst
Logic	pst	1.6s Delay+Hall	/Library/Application Support/Logic/Plug-In Settings/Space Designer/02 Medium Spaces/08 Warped Spaces/1.6s Delay+Hall.pst
Logic	pst	1.7s Jet Hall	/Library/Application Support/Logic/Plug-In Settings/Space Designer/02 Medium Spaces/08 Warped Spaces/1.7s Jet Hall.pst
Logic	pst	2.0s Inversed Space	/Library/Application Support/Logic/Plug-In Settings/Space Designer/02 Medium Spaces/08 Warped Spaces/2.0s Inversed Space.pst
Logic	pst	2.6s Jasmine	/Library/Application Support/Logic/Plug-In Settings/Space Designer/02 Medium Spaces/08 Warped Spaces/2.6s Jasmine.pst
Logic	pst	0.03s Thicken Vocals	/Library/Application Support/Logic/Plug-In Settings/Space Designer/03 Small Spaces/01 Rooms/0.03s Thicken Vocals.pst
Logic	pst	0.2s Small Wet Room	/Library/Application Support/Logic/Plug-In Settings/Space Designer/03 Small Spaces/01 Rooms/0.2s Small Wet Room.pst
Logic	pst	0.2s Strings Room	/Library/Application Support/Logic/Plug-In Settings/Space Designer/03 Small Spaces/01 Rooms/0.2s Strings Room.pst
Logic	pst	0.2s Tom  Room	/Library/Application Support/Logic/Plug-In Settings/Space Designer/03 Small Spaces/01 Rooms/0.2s Tom  Room.pst
Logic	pst	0.3s Drum Booth Three	/Library/Application Support/Logic/Plug-In Settings/Space Designer/03 Small Spaces/01 Rooms/0.3s Drum Booth Three.pst
Logic	pst	0.3s Jazz Guitar Room	/Library/Application Support/Logic/Plug-In Settings/Space Designer/03 Small Spaces/01 Rooms/0.3s Jazz Guitar Room.pst
Logic	pst	0.3s Wooden Chamber	/Library/Application Support/Logic/Plug-In Settings/Space Designer/03 Small Spaces/01 Rooms/0.3s Wooden Chamber.pst
Logic	pst	0.4s Little Room	/Library/Application Support/Logic/Plug-In Settings/Space Designer/03 Small Spaces/01 Rooms/0.4s Little Room.pst
Logic	pst	0.4s Live Chamber	/Library/Application Support/Logic/Plug-In Settings/Space Designer/03 Small Spaces/01 Rooms/0.4s Live Chamber.pst
Logic	pst	0.4s Reflexion Room	/Library/Application Support/Logic/Plug-In Settings/Space Designer/03 Small Spaces/01 Rooms/0.4s Reflexion Room.pst
Logic	pst	0.4s Snare Chamber	/Library/Application Support/Logic/Plug-In Settings/Space Designer/03 Small Spaces/01 Rooms/0.4s Snare Chamber.pst
Logic	pst	0.4s Wide & Small	/Library/Application Support/Logic/Plug-In Settings/Space Designer/03 Small Spaces/01 Rooms/0.4s Wide & Small.pst
Logic	pst	0.5s Drum Chamber Full	/Library/Application Support/Logic/Plug-In Settings/Space Designer/03 Small Spaces/01 Rooms/0.5s Drum Chamber Full.pst
Logic	pst	0.5s Medium Chamber	/Library/Application Support/Logic/Plug-In Settings/Space Designer/03 Small Spaces/01 Rooms/0.5s Medium Chamber.pst
Logic	pst	0.6s Drum Booth Four	/Library/Application Support/Logic/Plug-In Settings/Space Designer/03 Small Spaces/01 Rooms/0.6s Drum Booth Four.pst
Logic	pst	0.6s Drum Booth Two	/Library/Application Support/Logic/Plug-In Settings/Space Designer/03 Small Spaces/01 Rooms/0.6s Drum Booth Two.pst
Logic	pst	0.6s Wooden Studio	/Library/Application Support/Logic/Plug-In Settings/Space Designer/03 Small Spaces/01 Rooms/0.6s Wooden Studio.pst
Logic	pst	0.7s Empty Chamber	/Library/Application Support/Logic/Plug-In Settings/Space Designer/03 Small Spaces/01 Rooms/0.7s Empty Chamber.pst
Logic	pst	0.7s Realistic Room	/Library/Application Support/Logic/Plug-In Settings/Space Designer/03 Small Spaces/01 Rooms/0.7s Realistic Room.pst
Logic	pst	0.7s Recording Stage	/Library/Application Support/Logic/Plug-In Settings/Space Designer/03 Small Spaces/01 Rooms/0.7s Recording Stage.pst
Logic	pst	0.7s Studio Stage Small	/Library/Application Support/Logic/Plug-In Settings/Space Designer/03 Small Spaces/01 Rooms/0.7s Studio Stage Small.pst
Logic	pst	0.8s Boom Room	/Library/Application Support/Logic/Plug-In Settings/Space Designer/03 Small Spaces/01 Rooms/0.8s Boom Room.pst
Logic	pst	0.8s Drum Booth One	/Library/Application Support/Logic/Plug-In Settings/Space Designer/03 Small Spaces/01 Rooms/0.8s Drum Booth One.pst
Logic	pst	0.8s Hard Studio	/Library/Application Support/Logic/Plug-In Settings/Space Designer/03 Small Spaces/01 Rooms/0.8s Hard Studio.pst
Logic	pst	0.9s Blue Room	/Library/Application Support/Logic/Plug-In Settings/Space Designer/03 Small Spaces/01 Rooms/0.9s Blue Room.pst
Logic	pst	0.9s Recording Room	/Library/Application Support/Logic/Plug-In Settings/Space Designer/03 Small Spaces/01 Rooms/0.9s Recording Room.pst
Logic	pst	0.9s Slap Chamber	/Library/Application Support/Logic/Plug-In Settings/Space Designer/03 Small Spaces/01 Rooms/0.9s Slap Chamber.pst
Logic	pst	0.9s Villa Office	/Library/Application Support/Logic/Plug-In Settings/Space Designer/03 Small Spaces/01 Rooms/0.9s Villa Office.pst
Logic	pst	0.9s Wet Small Room	/Library/Application Support/Logic/Plug-In Settings/Space Designer/03 Small Spaces/01 Rooms/0.9s Wet Small Room.pst
Logic	pst	1.0s Hard Ambience	/Library/Application Support/Logic/Plug-In Settings/Space Designer/03 Small Spaces/01 Rooms/1.0s Hard Ambience.pst
Logic	pst	1.0s Live Stage	/Library/Application Support/Logic/Plug-In Settings/Space Designer/03 Small Spaces/01 Rooms/1.0s Live Stage.pst
Logic	pst	1.0s Sloppy Room	/Library/Application Support/Logic/Plug-In Settings/Space Designer/03 Small Spaces/01 Rooms/1.0s Sloppy Room.pst
Logic	pst	1.0s Vibes Room	/Library/Application Support/Logic/Plug-In Settings/Space Designer/03 Small Spaces/01 Rooms/1.0s Vibes Room.pst
Logic	pst	1.0s Villa Bathroom	/Library/Application Support/Logic/Plug-In Settings/Space Designer/03 Small Spaces/01 Rooms/1.0s Villa Bathroom.pst
Logic	pst	1.1s Cello Studio Room	/Library/Application Support/Logic/Plug-In Settings/Space Designer/03 Small Spaces/01 Rooms/1.1s Cello Studio Room.pst
Logic	pst	1.2s Recording Room +	/Library/Application Support/Logic/Plug-In Settings/Space Designer/03 Small Spaces/01 Rooms/1.2s Recording Room +.pst
Logic	pst	1.2s Villa Parlor	/Library/Application Support/Logic/Plug-In Settings/Space Designer/03 Small Spaces/01 Rooms/1.2s Villa Parlor.pst
Logic	pst	1.3s Villa Living Room	/Library/Application Support/Logic/Plug-In Settings/Space Designer/03 Small Spaces/01 Rooms/1.3s Villa Living Room.pst
Logic	pst	1.3s Villa Stairway	/Library/Application Support/Logic/Plug-In Settings/Space Designer/03 Small Spaces/01 Rooms/1.3s Villa Stairway.pst
Logic	pst	1.6s Breeze Vocals	/Library/Application Support/Logic/Plug-In Settings/Space Designer/03 Small Spaces/01 Rooms/1.6s Breeze Vocals.pst
Logic	pst	1.6s Multi Vocals	/Library/Application Support/Logic/Plug-In Settings/Space Designer/03 Small Spaces/01 Rooms/1.6s Multi Vocals.pst
Logic	pst	1.6s Prince Hall Two	/Library/Application Support/Logic/Plug-In Settings/Space Designer/03 Small Spaces/01 Rooms/1.6s Prince Hall Two.pst
Logic	pst	1.6s Villa Kitchen	/Library/Application Support/Logic/Plug-In Settings/Space Designer/03 Small Spaces/01 Rooms/1.6s Villa Kitchen.pst
Logic	pst	0.6s Short Snare Hall	/Library/Application Support/Logic/Plug-In Settings/Space Designer/03 Small Spaces/02 Halls/0.6s Short Snare Hall.pst
Logic	pst	1.0s Dynamic Hall	/Library/Application Support/Logic/Plug-In Settings/Space Designer/03 Small Spaces/02 Halls/1.0s Dynamic Hall.pst
Logic	pst	1.0s Small Hall	/Library/Application Support/Logic/Plug-In Settings/Space Designer/03 Small Spaces/02 Halls/1.0s Small Hall.pst
Logic	pst	1.3s Ambience Hall	/Library/Application Support/Logic/Plug-In Settings/Space Designer/03 Small Spaces/02 Halls/1.3s Ambience Hall.pst
Logic	pst	1.3s Compressed Hall	/Library/Application Support/Logic/Plug-In Settings/Space Designer/03 Small Spaces/02 Halls/1.3s Compressed Hall.pst
Logic	pst	1.3s Diffuse Hall	/Library/Application Support/Logic/Plug-In Settings/Space Designer/03 Small Spaces/02 Halls/1.3s Diffuse Hall.pst
Logic	pst	1.6s Short Vocal Hall	/Library/Application Support/Logic/Plug-In Settings/Space Designer/03 Small Spaces/02 Halls/1.6s Short Vocal Hall.pst
Logic	pst	0.3s Micro Plate	/Library/Application Support/Logic/Plug-In Settings/Space Designer/03 Small Spaces/03 Plate Reverbs/0.3s Micro Plate.pst
Logic	pst	0.5s Bright Vocals	/Library/Application Support/Logic/Plug-In Settings/Space Designer/03 Small Spaces/03 Plate Reverbs/0.5s Bright Vocals.pst
Logic	pst	0.7s Drum Plate	/Library/Application Support/Logic/Plug-In Settings/Space Designer/03 Small Spaces/03 Plate Reverbs/0.7s Drum Plate.pst
Logic	pst	0.7s Short Clear Vocals	/Library/Application Support/Logic/Plug-In Settings/Space Designer/03 Small Spaces/03 Plate Reverbs/0.7s Short Clear Vocals.pst
Logic	pst	0.7s Vocal Ambience	/Library/Application Support/Logic/Plug-In Settings/Space Designer/03 Small Spaces/03 Plate Reverbs/0.7s Vocal Ambience.pst
Logic	pst	0.8s Bright Plate	/Library/Application Support/Logic/Plug-In Settings/Space Designer/03 Small Spaces/03 Plate Reverbs/0.8s Bright Plate.pst
Logic	pst	0.8s Golden Vocals	/Library/Application Support/Logic/Plug-In Settings/Space Designer/03 Small Spaces/03 Plate Reverbs/0.8s Golden Vocals.pst
Logic	pst	1.1s Vocal Plate	/Library/Application Support/Logic/Plug-In Settings/Space Designer/03 Small Spaces/03 Plate Reverbs/1.1s Vocal Plate.pst
Logic	pst	1.3s Nice Small Plate	/Library/Application Support/Logic/Plug-In Settings/Space Designer/03 Small Spaces/03 Plate Reverbs/1.3s Nice Small Plate.pst
Logic	pst	0.2s Snare Stretch	/Library/Application Support/Logic/Plug-In Settings/Space Designer/03 Small Spaces/04 Gated Reverbs/0.2s Snare Stretch.pst
Logic	pst	0.3s Gated Chamber	/Library/Application Support/Logic/Plug-In Settings/Space Designer/03 Small Spaces/04 Gated Reverbs/0.3s Gated Chamber.pst
Logic	pst	0.3s Short Drum Verb	/Library/Application Support/Logic/Plug-In Settings/Space Designer/03 Small Spaces/04 Gated Reverbs/0.3s Short Drum Verb.pst
Logic	pst	0.3s Vocal Gate	/Library/Application Support/Logic/Plug-In Settings/Space Designer/03 Small Spaces/04 Gated Reverbs/0.3s Vocal Gate.pst
Logic	pst	0.4s Early Room Gated	/Library/Application Support/Logic/Plug-In Settings/Space Designer/03 Small Spaces/04 Gated Reverbs/0.4s Early Room Gated.pst
Logic	pst	0.4s High Frozen Gate	/Library/Application Support/Logic/Plug-In Settings/Space Designer/03 Small Spaces/04 Gated Reverbs/0.4s High Frozen Gate.pst
Logic	pst	0.5s Reverse Dense Gate	/Library/Application Support/Logic/Plug-In Settings/Space Designer/03 Small Spaces/04 Gated Reverbs/0.5s Reverse Dense Gate.pst
Logic	pst	0.5s Reversed Gate	/Library/Application Support/Logic/Plug-In Settings/Space Designer/03 Small Spaces/04 Gated Reverbs/0.5s Reversed Gate.pst
Logic	pst	0.5s Warm Slap Gate	/Library/Application Support/Logic/Plug-In Settings/Space Designer/03 Small Spaces/04 Gated Reverbs/0.5s Warm Slap Gate.pst
Logic	pst	0.6s Long Flat Gate	/Library/Application Support/Logic/Plug-In Settings/Space Designer/03 Small Spaces/04 Gated Reverbs/0.6s Long Flat Gate.pst
Logic	pst	0.8s Slap Room	/Library/Application Support/Logic/Plug-In Settings/Space Designer/03 Small Spaces/04 Gated Reverbs/0.8s Slap Room.pst
Logic	pst	0.8s Snare Long	/Library/Application Support/Logic/Plug-In Settings/Space Designer/03 Small Spaces/04 Gated Reverbs/0.8s Snare Long.pst
Logic	pst	0.9s Studio Room Snare	/Library/Application Support/Logic/Plug-In Settings/Space Designer/03 Small Spaces/04 Gated Reverbs/0.9s Studio Room Snare.pst
Logic	pst	0.9s Small Combo Spring	/Library/Application Support/Logic/Plug-In Settings/Space Designer/03 Small Spaces/05 Spring Reverbs/0.9s Small Combo Spring.pst
Logic	pst	1.1s Small Rack Reverb	/Library/Application Support/Logic/Plug-In Settings/Space Designer/03 Small Spaces/05 Spring Reverbs/1.1s Small Rack Reverb.pst
Logic	pst	1.3s Vintage Combo	/Library/Application Support/Logic/Plug-In Settings/Space Designer/03 Small Spaces/05 Spring Reverbs/1.3s Vintage Combo.pst
Logic	pst	1.4s Amplifier Spring	/Library/Application Support/Logic/Plug-In Settings/Space Designer/03 Small Spaces/05 Spring Reverbs/1.4s Amplifier Spring.pst
Logic	pst	1.7s Small Dark Spring	/Library/Application Support/Logic/Plug-In Settings/Space Designer/03 Small Spaces/05 Spring Reverbs/1.7s Small Dark Spring.pst
Logic	pst	0.06s Inside Car C	/Library/Application Support/Logic/Plug-In Settings/Space Designer/03 Small Spaces/06 Indoor Spaces/0.06s Inside Car C.pst
Logic	pst	0.08s Air Balloon	/Library/Application Support/Logic/Plug-In Settings/Space Designer/03 Small Spaces/06 Indoor Spaces/0.08s Air Balloon.pst
Logic	pst	0.1s Illusion Room	/Library/Application Support/Logic/Plug-In Settings/Space Designer/03 Small Spaces/06 Indoor Spaces/0.1s Illusion Room.pst
Logic	pst	0.2s Closet	/Library/Application Support/Logic/Plug-In Settings/Space Designer/03 Small Spaces/06 Indoor Spaces/0.2s Closet.pst
Logic	pst	0.2s Reflecting Chamber	/Library/Application Support/Logic/Plug-In Settings/Space Designer/03 Small Spaces/06 Indoor Spaces/0.2s Reflecting Chamber.pst
Logic	pst	0.2s Small Space	/Library/Application Support/Logic/Plug-In Settings/Space Designer/03 Small Spaces/06 Indoor Spaces/0.2s Small Space.pst
Logic	pst	0.2s Storage Chamber	/Library/Application Support/Logic/Plug-In Settings/Space Designer/03 Small Spaces/06 Indoor Spaces/0.2s Storage Chamber.pst
Logic	pst	0.2s Wide Small Booth	/Library/Application Support/Logic/Plug-In Settings/Space Designer/03 Small Spaces/06 Indoor Spaces/0.2s Wide Small Booth.pst
Logic	pst	0.3s Empty Living Room	/Library/Application Support/Logic/Plug-In Settings/Space Designer/03 Small Spaces/06 Indoor Spaces/0.3s Empty Living Room.pst
Logic	pst	0.3s Vocal Stage	/Library/Application Support/Logic/Plug-In Settings/Space Designer/03 Small Spaces/06 Indoor Spaces/0.3s Vocal Stage.pst
Logic	pst	0.3s Warehouse Room	/Library/Application Support/Logic/Plug-In Settings/Space Designer/03 Small Spaces/06 Indoor Spaces/0.3s Warehouse Room.pst
Logic	pst	0.4s Building Site	/Library/Application Support/Logic/Plug-In Settings/Space Designer/03 Small Spaces/06 Indoor Spaces/0.4s Building Site.pst
Logic	pst	0.4s Car Interior	/Library/Application Support/Logic/Plug-In Settings/Space Designer/03 Small Spaces/06 Indoor Spaces/0.4s Car Interior.pst
Logic	pst	0.4s Inside Empty Van	/Library/Application Support/Logic/Plug-In Settings/Space Designer/03 Small Spaces/06 Indoor Spaces/0.4s Inside Empty Van.pst
Logic	pst	0.4s Modern Apartment	/Library/Application Support/Logic/Plug-In Settings/Space Designer/03 Small Spaces/06 Indoor Spaces/0.4s Modern Apartment.pst
Logic	pst	0.4s Music Club	/Library/Application Support/Logic/Plug-In Settings/Space Designer/03 Small Spaces/06 Indoor Spaces/0.4s Music Club.pst
Logic	pst	0.5s Office Floor	/Library/Application Support/Logic/Plug-In Settings/Space Designer/03 Small Spaces/06 Indoor Spaces/0.5s Office Floor.pst
Logic	pst	0.5s Office	/Library/Application Support/Logic/Plug-In Settings/Space Designer/03 Small Spaces/06 Indoor Spaces/0.5s Office.pst
Logic	pst	0.5s On Stage	/Library/Application Support/Logic/Plug-In Settings/Space Designer/03 Small Spaces/06 Indoor Spaces/0.5s On Stage.pst
Logic	pst	0.5s Restaurant	/Library/Application Support/Logic/Plug-In Settings/Space Designer/03 Small Spaces/06 Indoor Spaces/0.5s Restaurant.pst
Logic	pst	0.5s Room Reflections	/Library/Application Support/Logic/Plug-In Settings/Space Designer/03 Small Spaces/06 Indoor Spaces/0.5s Room Reflections.pst
Logic	pst	0.6s Palace Room	/Library/Application Support/Logic/Plug-In Settings/Space Designer/03 Small Spaces/06 Indoor Spaces/0.6s Palace Room.pst
Logic	pst	0.7s Empty Basement	/Library/Application Support/Logic/Plug-In Settings/Space Designer/03 Small Spaces/06 Indoor Spaces/0.7s Empty Basement.pst
Logic	pst	0.8s Eastern Club	/Library/Application Support/Logic/Plug-In Settings/Space Designer/03 Small Spaces/06 Indoor Spaces/0.8s Eastern Club.pst
Logic	pst	0.8s Empty Dining Room	/Library/Application Support/Logic/Plug-In Settings/Space Designer/03 Small Spaces/06 Indoor Spaces/0.8s Empty Dining Room.pst
Logic	pst	0.8s Refuse Room	/Library/Application Support/Logic/Plug-In Settings/Space Designer/03 Small Spaces/06 Indoor Spaces/0.8s Refuse Room.pst
Logic	pst	0.8s Refuse	/Library/Application Support/Logic/Plug-In Settings/Space Designer/03 Small Spaces/06 Indoor Spaces/0.8s Refuse.pst
Logic	pst	0.8s Theater Wardrobe	/Library/Application Support/Logic/Plug-In Settings/Space Designer/03 Small Spaces/06 Indoor Spaces/0.8s Theater Wardrobe.pst
Logic	pst	0.8s Warm Wood Room	/Library/Application Support/Logic/Plug-In Settings/Space Designer/03 Small Spaces/06 Indoor Spaces/0.8s Warm Wood Room.pst
Logic	pst	0.9s Bigger Bathroom	/Library/Application Support/Logic/Plug-In Settings/Space Designer/03 Small Spaces/06 Indoor Spaces/0.9s Bigger Bathroom.pst
Logic	pst	0.9s Locker Room	/Library/Application Support/Logic/Plug-In Settings/Space Designer/03 Small Spaces/06 Indoor Spaces/0.9s Locker Room.pst
Logic	pst	0.9s Movie Theater	/Library/Application Support/Logic/Plug-In Settings/Space Designer/03 Small Spaces/06 Indoor Spaces/0.9s Movie Theater.pst
Logic	pst	0.9s Small Reverb Stage	/Library/Application Support/Logic/Plug-In Settings/Space Designer/03 Small Spaces/06 Indoor Spaces/0.9s Small Reverb Stage.pst
Logic	pst	0.9s Small Stage	/Library/Application Support/Logic/Plug-In Settings/Space Designer/03 Small Spaces/06 Indoor Spaces/0.9s Small Stage.pst
Logic	pst	0.9s Warm Club	/Library/Application Support/Logic/Plug-In Settings/Space Designer/03 Small Spaces/06 Indoor Spaces/0.9s Warm Club.pst
Logic	pst	1.0s Short Stage Reverb	/Library/Application Support/Logic/Plug-In Settings/Space Designer/03 Small Spaces/06 Indoor Spaces/1.0s Short Stage Reverb.pst
Logic	pst	1.0s Tall and Small	/Library/Application Support/Logic/Plug-In Settings/Space Designer/03 Small Spaces/06 Indoor Spaces/1.0s Tall and Small.pst
Logic	pst	1.0s Warehouse	/Library/Application Support/Logic/Plug-In Settings/Space Designer/03 Small Spaces/06 Indoor Spaces/1.0s Warehouse.pst
Logic	pst	1.1s Auditorium	/Library/Application Support/Logic/Plug-In Settings/Space Designer/03 Small Spaces/06 Indoor Spaces/1.1s Auditorium.pst
Logic	pst	1.5s Small Space	/Library/Application Support/Logic/Plug-In Settings/Space Designer/03 Small Spaces/06 Indoor Spaces/1.5s Small Space.pst
Logic	pst	1.6s Big Cave Entrance	/Library/Application Support/Logic/Plug-In Settings/Space Designer/03 Small Spaces/06 Indoor Spaces/1.6s Big Cave Entrance.pst
Logic	pst	0.6s Brick Wall	/Library/Application Support/Logic/Plug-In Settings/Space Designer/03 Small Spaces/07 Outdoor Spaces/0.6s Brick Wall.pst
Logic	pst	0.7s Chinese Wall	/Library/Application Support/Logic/Plug-In Settings/Space Designer/03 Small Spaces/07 Outdoor Spaces/0.7s Chinese Wall.pst
Logic	pst	0.7s In The Street	/Library/Application Support/Logic/Plug-In Settings/Space Designer/03 Small Spaces/07 Outdoor Spaces/0.7s In The Street.pst
Logic	pst	0.8s Venue	/Library/Application Support/Logic/Plug-In Settings/Space Designer/03 Small Spaces/07 Outdoor Spaces/0.8s Venue.pst
Logic	pst	0.3s Rotor Cabinet	/Library/Application Support/Logic/Plug-In Settings/Space Designer/03 Small Spaces/08 Warped Spaces/0.3s Rotor Cabinet.pst
Logic	pst	0.4s Warm Organ Cabinet	/Library/Application Support/Logic/Plug-In Settings/Space Designer/03 Small Spaces/08 Warped Spaces/0.4s Warm Organ Cabinet.pst
Logic	pst	0.8s Backwards	/Library/Application Support/Logic/Plug-In Settings/Space Designer/03 Small Spaces/08 Warped Spaces/0.8s Backwards.pst
Logic	pst	0.8s Room Next Door	/Library/Application Support/Logic/Plug-In Settings/Space Designer/03 Small Spaces/08 Warped Spaces/0.8s Room Next Door.pst
Logic	pst	0.9s Back in Time	/Library/Application Support/Logic/Plug-In Settings/Space Designer/03 Small Spaces/08 Warped Spaces/0.9s Back in Time.pst
Logic	pst	1.0s Backward Reverb	/Library/Application Support/Logic/Plug-In Settings/Space Designer/03 Small Spaces/08 Warped Spaces/1.0s Backward Reverb.pst
Logic	pst	1.0s Dark Window Room	/Library/Application Support/Logic/Plug-In Settings/Space Designer/03 Small Spaces/08 Warped Spaces/1.0s Dark Window Room.pst
Logic	pst	1.1s Bright Reverb	/Library/Application Support/Logic/Plug-In Settings/Space Designer/03 Small Spaces/08 Warped Spaces/1.1s Bright Reverb.pst
Logic	pst	1.1s Slap Reverb	/Library/Application Support/Logic/Plug-In Settings/Space Designer/03 Small Spaces/08 Warped Spaces/1.1s Slap Reverb.pst
Logic	pst	1.2s Diffusion	/Library/Application Support/Logic/Plug-In Settings/Space Designer/03 Small Spaces/08 Warped Spaces/1.2s Diffusion.pst
Logic	pst	1.3s Loose Reflections	/Library/Application Support/Logic/Plug-In Settings/Space Designer/03 Small Spaces/08 Warped Spaces/1.3s Loose Reflections.pst
Logic	pst	1.5s Gold Vocals	/Library/Application Support/Logic/Plug-In Settings/Space Designer/03 Small Spaces/08 Warped Spaces/1.5s Gold Vocals.pst
Logic	pst	1.8s Medium Choir	/Library/Application Support/Logic/Plug-In Settings/Space Designer/03 Small Spaces/08 Warped Spaces/1.8s Medium Choir.pst
Logic	pst	2.1s Mystic Vocals	/Library/Application Support/Logic/Plug-In Settings/Space Designer/03 Small Spaces/08 Warped Spaces/2.1s Mystic Vocals.pst
Logic	pst	Air Deviser	/Library/Application Support/Logic/Plug-In Settings/Space Designer/04 Warped Effects/01 Drone Tones/Air Deviser.pst
Logic	pst	Arcane	/Library/Application Support/Logic/Plug-In Settings/Space Designer/04 Warped Effects/01 Drone Tones/Arcane.pst
Logic	pst	Atonal Machine	/Library/Application Support/Logic/Plug-In Settings/Space Designer/04 Warped Effects/01 Drone Tones/Atonal Machine.pst
Logic	pst	Caravan	/Library/Application Support/Logic/Plug-In Settings/Space Designer/04 Warped Effects/01 Drone Tones/Caravan.pst
Logic	pst	Crispy	/Library/Application Support/Logic/Plug-In Settings/Space Designer/04 Warped Effects/01 Drone Tones/Crispy.pst
Logic	pst	Dark Aura	/Library/Application Support/Logic/Plug-In Settings/Space Designer/04 Warped Effects/01 Drone Tones/Dark Aura.pst
Logic	pst	Daybreak	/Library/Application Support/Logic/Plug-In Settings/Space Designer/04 Warped Effects/01 Drone Tones/Daybreak.pst
Logic	pst	Deep Atmosphere	/Library/Application Support/Logic/Plug-In Settings/Space Designer/04 Warped Effects/01 Drone Tones/Deep Atmosphere.pst
Logic	pst	Deserted Path	/Library/Application Support/Logic/Plug-In Settings/Space Designer/04 Warped Effects/01 Drone Tones/Deserted Path.pst
Logic	pst	Diaphanous	/Library/Application Support/Logic/Plug-In Settings/Space Designer/04 Warped Effects/01 Drone Tones/Diaphanous.pst
Logic	pst	Dreamy Voices	/Library/Application Support/Logic/Plug-In Settings/Space Designer/04 Warped Effects/01 Drone Tones/Dreamy Voices.pst
Logic	pst	Endless Vision	/Library/Application Support/Logic/Plug-In Settings/Space Designer/04 Warped Effects/01 Drone Tones/Endless Vision.pst
Logic	pst	Euphoria	/Library/Application Support/Logic/Plug-In Settings/Space Designer/04 Warped Effects/01 Drone Tones/Euphoria.pst
Logic	pst	Existence	/Library/Application Support/Logic/Plug-In Settings/Space Designer/04 Warped Effects/01 Drone Tones/Existence.pst
Logic	pst	Expectant	/Library/Application Support/Logic/Plug-In Settings/Space Designer/04 Warped Effects/01 Drone Tones/Expectant.pst
Logic	pst	Gathering	/Library/Application Support/Logic/Plug-In Settings/Space Designer/04 Warped Effects/01 Drone Tones/Gathering.pst
Logic	pst	Glittering	/Library/Application Support/Logic/Plug-In Settings/Space Designer/04 Warped Effects/01 Drone Tones/Glittering.pst
Logic	pst	Granular Surface	/Library/Application Support/Logic/Plug-In Settings/Space Designer/04 Warped Effects/01 Drone Tones/Granular Surface.pst
Logic	pst	Hallowed Bells	/Library/Application Support/Logic/Plug-In Settings/Space Designer/04 Warped Effects/01 Drone Tones/Hallowed Bells.pst
Logic	pst	Heavy Air	/Library/Application Support/Logic/Plug-In Settings/Space Designer/04 Warped Effects/01 Drone Tones/Heavy Air.pst
Logic	pst	Intricate Mood	/Library/Application Support/Logic/Plug-In Settings/Space Designer/04 Warped Effects/01 Drone Tones/Intricate Mood.pst
Logic	pst	Luminous Surface	/Library/Application Support/Logic/Plug-In Settings/Space Designer/04 Warped Effects/01 Drone Tones/Luminous Surface.pst
Logic	pst	Morphing Vox	/Library/Application Support/Logic/Plug-In Settings/Space Designer/04 Warped Effects/01 Drone Tones/Morphing Vox.pst
Logic	pst	Nomadic	/Library/Application Support/Logic/Plug-In Settings/Space Designer/04 Warped Effects/01 Drone Tones/Nomadic.pst
Logic	pst	Ominous	/Library/Application Support/Logic/Plug-In Settings/Space Designer/04 Warped Effects/01 Drone Tones/Ominous.pst
Logic	pst	Outlying Shelter	/Library/Application Support/Logic/Plug-In Settings/Space Designer/04 Warped Effects/01 Drone Tones/Outlying Shelter.pst
Logic	pst	Pearl	/Library/Application Support/Logic/Plug-In Settings/Space Designer/04 Warped Effects/01 Drone Tones/Pearl.pst
Logic	pst	Perilous Buzz	/Library/Application Support/Logic/Plug-In Settings/Space Designer/04 Warped Effects/01 Drone Tones/Perilous Buzz.pst
Logic	pst	Pliant Tone	/Library/Application Support/Logic/Plug-In Settings/Space Designer/04 Warped Effects/01 Drone Tones/Pliant Tone.pst
Logic	pst	Prime Oscillation	/Library/Application Support/Logic/Plug-In Settings/Space Designer/04 Warped Effects/01 Drone Tones/Prime Oscillation.pst
Logic	pst	Radiant Moment	/Library/Application Support/Logic/Plug-In Settings/Space Designer/04 Warped Effects/01 Drone Tones/Radiant Moment.pst
Logic	pst	Reawakening	/Library/Application Support/Logic/Plug-In Settings/Space Designer/04 Warped Effects/01 Drone Tones/Reawakening.pst
Logic	pst	Remote Hum	/Library/Application Support/Logic/Plug-In Settings/Space Designer/04 Warped Effects/01 Drone Tones/Remote Hum.pst
Logic	pst	Ringing Dissonance	/Library/Application Support/Logic/Plug-In Settings/Space Designer/04 Warped Effects/01 Drone Tones/Ringing Dissonance.pst
Logic	pst	Seclusion	/Library/Application Support/Logic/Plug-In Settings/Space Designer/04 Warped Effects/01 Drone Tones/Seclusion.pst
Logic	pst	Silken	/Library/Application Support/Logic/Plug-In Settings/Space Designer/04 Warped Effects/01 Drone Tones/Silken.pst
Logic	pst	Soft Assembly	/Library/Application Support/Logic/Plug-In Settings/Space Designer/04 Warped Effects/01 Drone Tones/Soft Assembly.pst
Logic	pst	Sphere	/Library/Application Support/Logic/Plug-In Settings/Space Designer/04 Warped Effects/01 Drone Tones/Sphere.pst
Logic	pst	Surging Bells	/Library/Application Support/Logic/Plug-In Settings/Space Designer/04 Warped Effects/01 Drone Tones/Surging Bells.pst
Logic	pst	Swirling Fields	/Library/Application Support/Logic/Plug-In Settings/Space Designer/04 Warped Effects/01 Drone Tones/Swirling Fields.pst
Logic	pst	Teardrop	/Library/Application Support/Logic/Plug-In Settings/Space Designer/04 Warped Effects/01 Drone Tones/Teardrop.pst
Logic	pst	Tempered Form	/Library/Application Support/Logic/Plug-In Settings/Space Designer/04 Warped Effects/01 Drone Tones/Tempered Form.pst
Logic	pst	Terrestrial	/Library/Application Support/Logic/Plug-In Settings/Space Designer/04 Warped Effects/01 Drone Tones/Terrestrial.pst
Logic	pst	Tranquil Space	/Library/Application Support/Logic/Plug-In Settings/Space Designer/04 Warped Effects/01 Drone Tones/Tranquil Space.pst
Logic	pst	Underground Passage	/Library/Application Support/Logic/Plug-In Settings/Space Designer/04 Warped Effects/01 Drone Tones/Underground Passage.pst
Logic	pst	Wandering	/Library/Application Support/Logic/Plug-In Settings/Space Designer/04 Warped Effects/01 Drone Tones/Wandering.pst
Logic	pst	Whirling Device	/Library/Application Support/Logic/Plug-In Settings/Space Designer/04 Warped Effects/01 Drone Tones/Whirling Device.pst
Logic	pst	Air Current	/Library/Application Support/Logic/Plug-In Settings/Space Designer/04 Warped Effects/02 Moving Spaces/Air Current.pst
Logic	pst	Alternate Swells	/Library/Application Support/Logic/Plug-In Settings/Space Designer/04 Warped Effects/02 Moving Spaces/Alternate Swells.pst
Logic	pst	Ambient Current	/Library/Application Support/Logic/Plug-In Settings/Space Designer/04 Warped Effects/02 Moving Spaces/Ambient Current.pst
Logic	pst	Circular Shift	/Library/Application Support/Logic/Plug-In Settings/Space Designer/04 Warped Effects/02 Moving Spaces/Circular Shift.pst
Logic	pst	Countering Space	/Library/Application Support/Logic/Plug-In Settings/Space Designer/04 Warped Effects/02 Moving Spaces/Countering Space.pst
Logic	pst	Crosswinds	/Library/Application Support/Logic/Plug-In Settings/Space Designer/04 Warped Effects/02 Moving Spaces/Crosswinds.pst
Logic	pst	Descent	/Library/Application Support/Logic/Plug-In Settings/Space Designer/04 Warped Effects/02 Moving Spaces/Descent.pst
Logic	pst	Doppelganger	/Library/Application Support/Logic/Plug-In Settings/Space Designer/04 Warped Effects/02 Moving Spaces/Doppelganger.pst
Logic	pst	Evaporate	/Library/Application Support/Logic/Plug-In Settings/Space Designer/04 Warped Effects/02 Moving Spaces/Evaporate.pst
Logic	pst	Evolving Circles	/Library/Application Support/Logic/Plug-In Settings/Space Designer/04 Warped Effects/02 Moving Spaces/Evolving Circles.pst
Logic	pst	Expanding Atmosphere	/Library/Application Support/Logic/Plug-In Settings/Space Designer/04 Warped Effects/02 Moving Spaces/Expanding Atmosphere.pst
Logic	pst	Fading From View	/Library/Application Support/Logic/Plug-In Settings/Space Designer/04 Warped Effects/02 Moving Spaces/Fading From View.pst
Logic	pst	Flame Out	/Library/Application Support/Logic/Plug-In Settings/Space Designer/04 Warped Effects/02 Moving Spaces/Flame Out.pst
Logic	pst	Flickering Apparition	/Library/Application Support/Logic/Plug-In Settings/Space Designer/04 Warped Effects/02 Moving Spaces/Flickering Apparition.pst
Logic	pst	Floating By	/Library/Application Support/Logic/Plug-In Settings/Space Designer/04 Warped Effects/02 Moving Spaces/Floating By.pst
Logic	pst	Flowing Back	/Library/Application Support/Logic/Plug-In Settings/Space Designer/04 Warped Effects/02 Moving Spaces/Flowing Back.pst
Logic	pst	Flowing Winds	/Library/Application Support/Logic/Plug-In Settings/Space Designer/04 Warped Effects/02 Moving Spaces/Flowing Winds.pst
Logic	pst	Fragmented Shift	/Library/Application Support/Logic/Plug-In Settings/Space Designer/04 Warped Effects/02 Moving Spaces/Fragmented Shift.pst
Logic	pst	Glacier	/Library/Application Support/Logic/Plug-In Settings/Space Designer/04 Warped Effects/02 Moving Spaces/Glacier.pst
Logic	pst	In Motion	/Library/Application Support/Logic/Plug-In Settings/Space Designer/04 Warped Effects/02 Moving Spaces/In Motion.pst
Logic	pst	Maneuver	/Library/Application Support/Logic/Plug-In Settings/Space Designer/04 Warped Effects/02 Moving Spaces/Maneuver.pst
Logic	pst	Materialize	/Library/Application Support/Logic/Plug-In Settings/Space Designer/04 Warped Effects/02 Moving Spaces/Materialize.pst
Logic	pst	Methodical Movement	/Library/Application Support/Logic/Plug-In Settings/Space Designer/04 Warped Effects/02 Moving Spaces/Methodical Movement.pst
Logic	pst	Momentary Thought	/Library/Application Support/Logic/Plug-In Settings/Space Designer/04 Warped Effects/02 Moving Spaces/Momentary Thought.pst
Logic	pst	Moving Strobe	/Library/Application Support/Logic/Plug-In Settings/Space Designer/04 Warped Effects/02 Moving Spaces/Moving Strobe.pst
Logic	pst	Quick Return	/Library/Application Support/Logic/Plug-In Settings/Space Designer/04 Warped Effects/02 Moving Spaces/Quick Return.pst
Logic	pst	Ramping Up	/Library/Application Support/Logic/Plug-In Settings/Space Designer/04 Warped Effects/02 Moving Spaces/Ramping Up.pst
Logic	pst	Rapid Expanse	/Library/Application Support/Logic/Plug-In Settings/Space Designer/04 Warped Effects/02 Moving Spaces/Rapid Expanse.pst
Logic	pst	Resonant Flow	/Library/Application Support/Logic/Plug-In Settings/Space Designer/04 Warped Effects/02 Moving Spaces/Resonant Flow.pst
Logic	pst	Reverse Image	/Library/Application Support/Logic/Plug-In Settings/Space Designer/04 Warped Effects/02 Moving Spaces/Reverse Image.pst
Logic	pst	Revolve	/Library/Application Support/Logic/Plug-In Settings/Space Designer/04 Warped Effects/02 Moving Spaces/Revolve.pst
Logic	pst	Rocket Boosters	/Library/Application Support/Logic/Plug-In Settings/Space Designer/04 Warped Effects/02 Moving Spaces/Rocket Boosters.pst
Logic	pst	Seashore	/Library/Application Support/Logic/Plug-In Settings/Space Designer/04 Warped Effects/02 Moving Spaces/Seashore.pst
Logic	pst	Siren Song	/Library/Application Support/Logic/Plug-In Settings/Space Designer/04 Warped Effects/02 Moving Spaces/Siren Song.pst
Logic	pst	Slow Expand	/Library/Application Support/Logic/Plug-In Settings/Space Designer/04 Warped Effects/02 Moving Spaces/Slow Expand.pst
Logic	pst	Slow Shake	/Library/Application Support/Logic/Plug-In Settings/Space Designer/04 Warped Effects/02 Moving Spaces/Slow Shake.pst
Logic	pst	Snowball	/Library/Application Support/Logic/Plug-In Settings/Space Designer/04 Warped Effects/02 Moving Spaces/Snowball.pst
Logic	pst	Soft Ripple	/Library/Application Support/Logic/Plug-In Settings/Space Designer/04 Warped Effects/02 Moving Spaces/Soft Ripple.pst
Logic	pst	Space Roving	/Library/Application Support/Logic/Plug-In Settings/Space Designer/04 Warped Effects/02 Moving Spaces/Space Roving.pst
Logic	pst	Spacial Dissolve	/Library/Application Support/Logic/Plug-In Settings/Space Designer/04 Warped Effects/02 Moving Spaces/Spacial Dissolve.pst
Logic	pst	Subtle Percolation	/Library/Application Support/Logic/Plug-In Settings/Space Designer/04 Warped Effects/02 Moving Spaces/Subtle Percolation.pst
Logic	pst	Sweeping Tails	/Library/Application Support/Logic/Plug-In Settings/Space Designer/04 Warped Effects/02 Moving Spaces/Sweeping Tails.pst
Logic	pst	Swirling Tails	/Library/Application Support/Logic/Plug-In Settings/Space Designer/04 Warped Effects/02 Moving Spaces/Swirling Tails.pst
Logic	pst	Tension Stream	/Library/Application Support/Logic/Plug-In Settings/Space Designer/04 Warped Effects/02 Moving Spaces/Tension Stream.pst
Logic	pst	Tonal Pan	/Library/Application Support/Logic/Plug-In Settings/Space Designer/04 Warped Effects/02 Moving Spaces/Tonal Pan.pst
Logic	pst	Traveling Planets	/Library/Application Support/Logic/Plug-In Settings/Space Designer/04 Warped Effects/02 Moving Spaces/Traveling Planets.pst
Logic	pst	Twin Peaks	/Library/Application Support/Logic/Plug-In Settings/Space Designer/04 Warped Effects/02 Moving Spaces/Twin Peaks.pst
Logic	pst	Uncertain Stirring	/Library/Application Support/Logic/Plug-In Settings/Space Designer/04 Warped Effects/02 Moving Spaces/Uncertain Stirring.pst
Logic	pst	Vanishing Ticks	/Library/Application Support/Logic/Plug-In Settings/Space Designer/04 Warped Effects/02 Moving Spaces/Vanishing Ticks.pst
Logic	pst	Wind Tunnel	/Library/Application Support/Logic/Plug-In Settings/Space Designer/04 Warped Effects/02 Moving Spaces/Wind Tunnel.pst
Logic	pst	Abstract Colors	/Library/Application Support/Logic/Plug-In Settings/Space Designer/04 Warped Effects/03 Textures/Abstract Colors.pst
Logic	pst	Angelic Ring	/Library/Application Support/Logic/Plug-In Settings/Space Designer/04 Warped Effects/03 Textures/Angelic Ring.pst
Logic	pst	Bridging Sighs	/Library/Application Support/Logic/Plug-In Settings/Space Designer/04 Warped Effects/03 Textures/Bridging Sighs.pst
Logic	pst	Bright Break Up	/Library/Application Support/Logic/Plug-In Settings/Space Designer/04 Warped Effects/03 Textures/Bright Break Up.pst
Logic	pst	Celestial Accessory	/Library/Application Support/Logic/Plug-In Settings/Space Designer/04 Warped Effects/03 Textures/Celestial Accessory.pst
Logic	pst	Disjointed Voice	/Library/Application Support/Logic/Plug-In Settings/Space Designer/04 Warped Effects/03 Textures/Disjointed Voice.pst
Logic	pst	Dissonant Cry	/Library/Application Support/Logic/Plug-In Settings/Space Designer/04 Warped Effects/03 Textures/Dissonant Cry.pst
Logic	pst	Distant Apparition	/Library/Application Support/Logic/Plug-In Settings/Space Designer/04 Warped Effects/03 Textures/Distant Apparition.pst
Logic	pst	Drifting	/Library/Application Support/Logic/Plug-In Settings/Space Designer/04 Warped Effects/03 Textures/Drifting.pst
Logic	pst	Expressive Ramp	/Library/Application Support/Logic/Plug-In Settings/Space Designer/04 Warped Effects/03 Textures/Expressive Ramp.pst
Logic	pst	Fairy Dust	/Library/Application Support/Logic/Plug-In Settings/Space Designer/04 Warped Effects/03 Textures/Fairy Dust.pst
Logic	pst	Falling Grains	/Library/Application Support/Logic/Plug-In Settings/Space Designer/04 Warped Effects/03 Textures/Falling Grains.pst
Logic	pst	Falling Taps	/Library/Application Support/Logic/Plug-In Settings/Space Designer/04 Warped Effects/03 Textures/Falling Taps.pst
Logic	pst	Fast Particles	/Library/Application Support/Logic/Plug-In Settings/Space Designer/04 Warped Effects/03 Textures/Fast Particles.pst
Logic	pst	Flexible Grains	/Library/Application Support/Logic/Plug-In Settings/Space Designer/04 Warped Effects/03 Textures/Flexible Grains.pst
Logic	pst	Gleaming Charge	/Library/Application Support/Logic/Plug-In Settings/Space Designer/04 Warped Effects/03 Textures/Gleaming Charge.pst
Logic	pst	Glint	/Library/Application Support/Logic/Plug-In Settings/Space Designer/04 Warped Effects/03 Textures/Glint.pst
Logic	pst	Granular Glow	/Library/Application Support/Logic/Plug-In Settings/Space Designer/04 Warped Effects/03 Textures/Granular Glow.pst
Logic	pst	Gritty Tails	/Library/Application Support/Logic/Plug-In Settings/Space Designer/04 Warped Effects/03 Textures/Gritty Tails.pst
Logic	pst	Inner Spring	/Library/Application Support/Logic/Plug-In Settings/Space Designer/04 Warped Effects/03 Textures/Inner Spring.pst
Logic	pst	Light Chimes	/Library/Application Support/Logic/Plug-In Settings/Space Designer/04 Warped Effects/03 Textures/Light Chimes.pst
Logic	pst	Liquid Tin	/Library/Application Support/Logic/Plug-In Settings/Space Designer/04 Warped Effects/03 Textures/Liquid Tin.pst
Logic	pst	Luster	/Library/Application Support/Logic/Plug-In Settings/Space Designer/04 Warped Effects/03 Textures/Luster.pst
Logic	pst	Momentary Spark	/Library/Application Support/Logic/Plug-In Settings/Space Designer/04 Warped Effects/03 Textures/Momentary Spark.pst
Logic	pst	Muted Steps	/Library/Application Support/Logic/Plug-In Settings/Space Designer/04 Warped Effects/03 Textures/Muted Steps.pst
Logic	pst	Mystery Taps	/Library/Application Support/Logic/Plug-In Settings/Space Designer/04 Warped Effects/03 Textures/Mystery Taps.pst
Logic	pst	Pixelating	/Library/Application Support/Logic/Plug-In Settings/Space Designer/04 Warped Effects/03 Textures/Pixelating.pst
Logic	pst	Quick Wheeze	/Library/Application Support/Logic/Plug-In Settings/Space Designer/04 Warped Effects/03 Textures/Quick Wheeze.pst
Logic	pst	Racing Particles	/Library/Application Support/Logic/Plug-In Settings/Space Designer/04 Warped Effects/03 Textures/Racing Particles.pst
Logic	pst	Radiant Motion	/Library/Application Support/Logic/Plug-In Settings/Space Designer/04 Warped Effects/03 Textures/Radiant Motion.pst
Logic	pst	Ramping Radiance	/Library/Application Support/Logic/Plug-In Settings/Space Designer/04 Warped Effects/03 Textures/Ramping Radiance.pst
Logic	pst	Random Machine	/Library/Application Support/Logic/Plug-In Settings/Space Designer/04 Warped Effects/03 Textures/Random Machine.pst
Logic	pst	Rapid Plastic	/Library/Application Support/Logic/Plug-In Settings/Space Designer/04 Warped Effects/03 Textures/Rapid Plastic.pst
Logic	pst	Ray Gun	/Library/Application Support/Logic/Plug-In Settings/Space Designer/04 Warped Effects/03 Textures/Ray Gun.pst
Logic	pst	Reappear	/Library/Application Support/Logic/Plug-In Settings/Space Designer/04 Warped Effects/03 Textures/Reappear.pst
Logic	pst	Resonant Whine	/Library/Application Support/Logic/Plug-In Settings/Space Designer/04 Warped Effects/03 Textures/Resonant Whine.pst
Logic	pst	Returning Surge	/Library/Application Support/Logic/Plug-In Settings/Space Designer/04 Warped Effects/03 Textures/Returning Surge.pst
Logic	pst	Rolling Mutation	/Library/Application Support/Logic/Plug-In Settings/Space Designer/04 Warped Effects/03 Textures/Rolling Mutation.pst
Logic	pst	Shapeless Fragments	/Library/Application Support/Logic/Plug-In Settings/Space Designer/04 Warped Effects/03 Textures/Shapeless Fragments.pst
Logic	pst	Sharp Shear	/Library/Application Support/Logic/Plug-In Settings/Space Designer/04 Warped Effects/03 Textures/Sharp Shear.pst
Logic	pst	Shattered Pieces	/Library/Application Support/Logic/Plug-In Settings/Space Designer/04 Warped Effects/03 Textures/Shattered Pieces.pst
Logic	pst	Shifting Coils	/Library/Application Support/Logic/Plug-In Settings/Space Designer/04 Warped Effects/03 Textures/Shifting Coils.pst
Logic	pst	Shooting Stars	/Library/Application Support/Logic/Plug-In Settings/Space Designer/04 Warped Effects/03 Textures/Shooting Stars.pst
Logic	pst	Slap Back Grains	/Library/Application Support/Logic/Plug-In Settings/Space Designer/04 Warped Effects/03 Textures/Slap Back Grains.pst
Logic	pst	Soft Glow	/Library/Application Support/Logic/Plug-In Settings/Space Designer/04 Warped Effects/03 Textures/Soft Glow.pst
Logic	pst	Space Rattle	/Library/Application Support/Logic/Plug-In Settings/Space Designer/04 Warped Effects/03 Textures/Space Rattle.pst
Logic	pst	Spacial Resolution	/Library/Application Support/Logic/Plug-In Settings/Space Designer/04 Warped Effects/03 Textures/Spacial Resolution.pst
Logic	pst	Sparkling Stream	/Library/Application Support/Logic/Plug-In Settings/Space Designer/04 Warped Effects/03 Textures/Sparkling Stream.pst
Logic	pst	Squishy Disconnect	/Library/Application Support/Logic/Plug-In Settings/Space Designer/04 Warped Effects/03 Textures/Squishy Disconnect.pst
Logic	pst	Starry Sky	/Library/Application Support/Logic/Plug-In Settings/Space Designer/04 Warped Effects/03 Textures/Starry Sky.pst
Logic	pst	Stray Events	/Library/Application Support/Logic/Plug-In Settings/Space Designer/04 Warped Effects/03 Textures/Stray Events.pst
Logic	pst	Subtle Conversion	/Library/Application Support/Logic/Plug-In Settings/Space Designer/04 Warped Effects/03 Textures/Subtle Conversion.pst
Logic	pst	Swirling Flares	/Library/Application Support/Logic/Plug-In Settings/Space Designer/04 Warped Effects/03 Textures/Swirling Flares.pst
Logic	pst	Textural Layer	/Library/Application Support/Logic/Plug-In Settings/Space Designer/04 Warped Effects/03 Textures/Textural Layer.pst
Logic	pst	Tin Whistle Tone	/Library/Application Support/Logic/Plug-In Settings/Space Designer/04 Warped Effects/03 Textures/Tin Whistle Tone.pst
Logic	pst	Tiny Sparks	/Library/Application Support/Logic/Plug-In Settings/Space Designer/04 Warped Effects/03 Textures/Tiny Sparks.pst
Logic	pst	Tone Wobbler	/Library/Application Support/Logic/Plug-In Settings/Space Designer/04 Warped Effects/03 Textures/Tone Wobbler.pst
Logic	pst	Trickling Away	/Library/Application Support/Logic/Plug-In Settings/Space Designer/04 Warped Effects/03 Textures/Trickling Away.pst
Logic	pst	Trinkets	/Library/Application Support/Logic/Plug-In Settings/Space Designer/04 Warped Effects/03 Textures/Trinkets.pst
Logic	pst	Wet Splinters	/Library/Application Support/Logic/Plug-In Settings/Space Designer/04 Warped Effects/03 Textures/Wet Splinters.pst
Logic	pst	Additive Static	/Library/Application Support/Logic/Plug-In Settings/Space Designer/04 Warped Effects/04 Drum Transformers/Additive Static.pst
Logic	pst	Animate	/Library/Application Support/Logic/Plug-In Settings/Space Designer/04 Warped Effects/04 Drum Transformers/Animate.pst
Logic	pst	Aqueous	/Library/Application Support/Logic/Plug-In Settings/Space Designer/04 Warped Effects/04 Drum Transformers/Aqueous.pst
Logic	pst	Barrel Bottom	/Library/Application Support/Logic/Plug-In Settings/Space Designer/04 Warped Effects/04 Drum Transformers/Barrel Bottom.pst
Logic	pst	Cascade	/Library/Application Support/Logic/Plug-In Settings/Space Designer/04 Warped Effects/04 Drum Transformers/Cascade.pst
Logic	pst	Colorful Hit	/Library/Application Support/Logic/Plug-In Settings/Space Designer/04 Warped Effects/04 Drum Transformers/Colorful Hit.pst
Logic	pst	Compact	/Library/Application Support/Logic/Plug-In Settings/Space Designer/04 Warped Effects/04 Drum Transformers/Compact.pst
Logic	pst	Dark Bounce	/Library/Application Support/Logic/Plug-In Settings/Space Designer/04 Warped Effects/04 Drum Transformers/Dark Bounce.pst
Logic	pst	Deep Reshaper	/Library/Application Support/Logic/Plug-In Settings/Space Designer/04 Warped Effects/04 Drum Transformers/Deep Reshaper.pst
Logic	pst	Disjointed	/Library/Application Support/Logic/Plug-In Settings/Space Designer/04 Warped Effects/04 Drum Transformers/Disjointed.pst
Logic	pst	Distant Air	/Library/Application Support/Logic/Plug-In Settings/Space Designer/04 Warped Effects/04 Drum Transformers/Distant Air.pst
Logic	pst	Draw Down	/Library/Application Support/Logic/Plug-In Settings/Space Designer/04 Warped Effects/04 Drum Transformers/Draw Down.pst
Logic	pst	Expressive Cipher	/Library/Application Support/Logic/Plug-In Settings/Space Designer/04 Warped Effects/04 Drum Transformers/Expressive Cipher.pst
Logic	pst	Faded Vibration	/Library/Application Support/Logic/Plug-In Settings/Space Designer/04 Warped Effects/04 Drum Transformers/Faded Vibration.pst
Logic	pst	Faint Mutation	/Library/Application Support/Logic/Plug-In Settings/Space Designer/04 Warped Effects/04 Drum Transformers/Faint Mutation.pst
Logic	pst	Forceful Rumble	/Library/Application Support/Logic/Plug-In Settings/Space Designer/04 Warped Effects/04 Drum Transformers/Forceful Rumble.pst
Logic	pst	Fragmented Clip	/Library/Application Support/Logic/Plug-In Settings/Space Designer/04 Warped Effects/04 Drum Transformers/Fragmented Clip.pst
Logic	pst	Frozen Stomp	/Library/Application Support/Logic/Plug-In Settings/Space Designer/04 Warped Effects/04 Drum Transformers/Frozen Stomp.pst
Logic	pst	Glimmering Alteration	/Library/Application Support/Logic/Plug-In Settings/Space Designer/04 Warped Effects/04 Drum Transformers/Glimmering Alteration.pst
Logic	pst	Glowing Strike	/Library/Application Support/Logic/Plug-In Settings/Space Designer/04 Warped Effects/04 Drum Transformers/Glowing Strike.pst
Logic	pst	Hammer Fall	/Library/Application Support/Logic/Plug-In Settings/Space Designer/04 Warped Effects/04 Drum Transformers/Hammer Fall.pst
Logic	pst	Mechanical Pressure	/Library/Application Support/Logic/Plug-In Settings/Space Designer/04 Warped Effects/04 Drum Transformers/Mechanical Pressure.pst
Logic	pst	Metallic Stake	/Library/Application Support/Logic/Plug-In Settings/Space Designer/04 Warped Effects/04 Drum Transformers/Metallic Stake.pst
Logic	pst	Metamorphosis	/Library/Application Support/Logic/Plug-In Settings/Space Designer/04 Warped Effects/04 Drum Transformers/Metamorphosis.pst
Logic	pst	Muffled Device	/Library/Application Support/Logic/Plug-In Settings/Space Designer/04 Warped Effects/04 Drum Transformers/Muffled Device.pst
Logic	pst	Muted Bells	/Library/Application Support/Logic/Plug-In Settings/Space Designer/04 Warped Effects/04 Drum Transformers/Muted Bells.pst
Logic	pst	Polarizer	/Library/Application Support/Logic/Plug-In Settings/Space Designer/04 Warped Effects/04 Drum Transformers/Polarizer.pst
Logic	pst	Resonant Pinch	/Library/Application Support/Logic/Plug-In Settings/Space Designer/04 Warped Effects/04 Drum Transformers/Resonant Pinch.pst
Logic	pst	Resonant Taps	/Library/Application Support/Logic/Plug-In Settings/Space Designer/04 Warped Effects/04 Drum Transformers/Resonant Taps.pst
Logic	pst	Rigid Gadget	/Library/Application Support/Logic/Plug-In Settings/Space Designer/04 Warped Effects/04 Drum Transformers/Rigid Gadget.pst
Logic	pst	Shadowy Bounce	/Library/Application Support/Logic/Plug-In Settings/Space Designer/04 Warped Effects/04 Drum Transformers/Shadowy Bounce.pst
Logic	pst	Shimmering Clouds	/Library/Application Support/Logic/Plug-In Settings/Space Designer/04 Warped Effects/04 Drum Transformers/Shimmering Clouds.pst
Logic	pst	Soaked Punch	/Library/Application Support/Logic/Plug-In Settings/Space Designer/04 Warped Effects/04 Drum Transformers/Soaked Punch.pst
Logic	pst	Soft Carom	/Library/Application Support/Logic/Plug-In Settings/Space Designer/04 Warped Effects/04 Drum Transformers/Soft Carom.pst
Logic	pst	Spongy Oscillation	/Library/Application Support/Logic/Plug-In Settings/Space Designer/04 Warped Effects/04 Drum Transformers/Spongy Oscillation.pst
Logic	pst	Springy Luster	/Library/Application Support/Logic/Plug-In Settings/Space Designer/04 Warped Effects/04 Drum Transformers/Springy Luster.pst
Logic	pst	Stiff Ring	/Library/Application Support/Logic/Plug-In Settings/Space Designer/04 Warped Effects/04 Drum Transformers/Stiff Ring.pst
Logic	pst	Stinging	/Library/Application Support/Logic/Plug-In Settings/Space Designer/04 Warped Effects/04 Drum Transformers/Stinging.pst
Logic	pst	Stout Thump	/Library/Application Support/Logic/Plug-In Settings/Space Designer/04 Warped Effects/04 Drum Transformers/Stout Thump.pst
Logic	pst	Subdued Fuzz	/Library/Application Support/Logic/Plug-In Settings/Space Designer/04 Warped Effects/04 Drum Transformers/Subdued Fuzz.pst
Logic	pst	Tight Wrench	/Library/Application Support/Logic/Plug-In Settings/Space Designer/04 Warped Effects/04 Drum Transformers/Tight Wrench.pst
Logic	pst	Tiny Device	/Library/Application Support/Logic/Plug-In Settings/Space Designer/04 Warped Effects/04 Drum Transformers/Tiny Device.pst
Logic	pst	Transient Flare	/Library/Application Support/Logic/Plug-In Settings/Space Designer/04 Warped Effects/04 Drum Transformers/Transient Flare.pst
Logic	pst	Transmutate	/Library/Application Support/Logic/Plug-In Settings/Space Designer/04 Warped Effects/04 Drum Transformers/Transmutate.pst
Logic	pst	Vacant Space	/Library/Application Support/Logic/Plug-In Settings/Space Designer/04 Warped Effects/04 Drum Transformers/Vacant Space.pst
Logic	pst	Vibrant Element	/Library/Application Support/Logic/Plug-In Settings/Space Designer/04 Warped Effects/04 Drum Transformers/Vibrant Element.pst
Logic	pst	Vivid Crush	/Library/Application Support/Logic/Plug-In Settings/Space Designer/04 Warped Effects/04 Drum Transformers/Vivid Crush.pst
Logic	pst	080 BPM Antique Engine	/Library/Application Support/Logic/Plug-In Settings/Space Designer/04 Warped Effects/05 Ghost Rhythms/080 BPM Antique Engine.pst
Logic	pst	080 BPM Beat Maker	/Library/Application Support/Logic/Plug-In Settings/Space Designer/04 Warped Effects/05 Ghost Rhythms/080 BPM Beat Maker.pst
Logic	pst	080 BPM Bright Taps	/Library/Application Support/Logic/Plug-In Settings/Space Designer/04 Warped Effects/05 Ghost Rhythms/080 BPM Bright Taps.pst
Logic	pst	080 BPM Complex Theme	/Library/Application Support/Logic/Plug-In Settings/Space Designer/04 Warped Effects/05 Ghost Rhythms/080 BPM Complex Theme.pst
Logic	pst	080 BPM Complicated Drive	/Library/Application Support/Logic/Plug-In Settings/Space Designer/04 Warped Effects/05 Ghost Rhythms/080 BPM Complicated Drive.pst
Logic	pst	080 BPM Cut Delays	/Library/Application Support/Logic/Plug-In Settings/Space Designer/04 Warped Effects/05 Ghost Rhythms/080 BPM Cut Delays.pst
Logic	pst	080 BPM Distress Signal	/Library/Application Support/Logic/Plug-In Settings/Space Designer/04 Warped Effects/05 Ghost Rhythms/080 BPM Distress Signal.pst
Logic	pst	080 BPM Endless Trickling	/Library/Application Support/Logic/Plug-In Settings/Space Designer/04 Warped Effects/05 Ghost Rhythms/080 BPM Endless Trickling.pst
Logic	pst	080 BPM Evolving Pulse	/Library/Application Support/Logic/Plug-In Settings/Space Designer/04 Warped Effects/05 Ghost Rhythms/080 BPM Evolving Pulse.pst
Logic	pst	080 BPM Fast Beating	/Library/Application Support/Logic/Plug-In Settings/Space Designer/04 Warped Effects/05 Ghost Rhythms/080 BPM Fast Beating.pst
Logic	pst	080 BPM Flexible Pulse	/Library/Application Support/Logic/Plug-In Settings/Space Designer/04 Warped Effects/05 Ghost Rhythms/080 BPM Flexible Pulse.pst
Logic	pst	080 BPM Frantic Rattle	/Library/Application Support/Logic/Plug-In Settings/Space Designer/04 Warped Effects/05 Ghost Rhythms/080 BPM Frantic Rattle.pst
Logic	pst	080 BPM Glaring Pulse	/Library/Application Support/Logic/Plug-In Settings/Space Designer/04 Warped Effects/05 Ghost Rhythms/080 BPM Glaring Pulse.pst
Logic	pst	080 BPM Hidden Reflections	/Library/Application Support/Logic/Plug-In Settings/Space Designer/04 Warped Effects/05 Ghost Rhythms/080 BPM Hidden Reflections.pst
Logic	pst	080 BPM High Grind	/Library/Application Support/Logic/Plug-In Settings/Space Designer/04 Warped Effects/05 Ghost Rhythms/080 BPM High Grind.pst
Logic	pst	080 BPM Hollow Bubbles	/Library/Application Support/Logic/Plug-In Settings/Space Designer/04 Warped Effects/05 Ghost Rhythms/080 BPM Hollow Bubbles.pst
Logic	pst	080 BPM Noise Enforcer	/Library/Application Support/Logic/Plug-In Settings/Space Designer/04 Warped Effects/05 Ghost Rhythms/080 BPM Noise Enforcer.pst
Logic	pst	080 BPM Ocean Ping	/Library/Application Support/Logic/Plug-In Settings/Space Designer/04 Warped Effects/05 Ghost Rhythms/080 BPM Ocean Ping.pst
Logic	pst	080 BPM Percolating Growl	/Library/Application Support/Logic/Plug-In Settings/Space Designer/04 Warped Effects/05 Ghost Rhythms/080 BPM Percolating Growl.pst
Logic	pst	080 BPM Random Machine	/Library/Application Support/Logic/Plug-In Settings/Space Designer/04 Warped Effects/05 Ghost Rhythms/080 BPM Random Machine.pst
Logic	pst	080 BPM Resonate Melody	/Library/Application Support/Logic/Plug-In Settings/Space Designer/04 Warped Effects/05 Ghost Rhythms/080 BPM Resonate Melody.pst
Logic	pst	080 BPM Reverse Alarm	/Library/Application Support/Logic/Plug-In Settings/Space Designer/04 Warped Effects/05 Ghost Rhythms/080 BPM Reverse Alarm.pst
Logic	pst	080 BPM Scraping Tools	/Library/Application Support/Logic/Plug-In Settings/Space Designer/04 Warped Effects/05 Ghost Rhythms/080 BPM Scraping Tools.pst
Logic	pst	080 BPM Shimmering Ticks	/Library/Application Support/Logic/Plug-In Settings/Space Designer/04 Warped Effects/05 Ghost Rhythms/080 BPM Shimmering Ticks.pst
Logic	pst	080 BPM Speed Edits	/Library/Application Support/Logic/Plug-In Settings/Space Designer/04 Warped Effects/05 Ghost Rhythms/080 BPM Speed Edits.pst
Logic	pst	080 BPM Train Engine	/Library/Application Support/Logic/Plug-In Settings/Space Designer/04 Warped Effects/05 Ghost Rhythms/080 BPM Train Engine.pst
Logic	pst	080 BPM Tuned Bottles	/Library/Application Support/Logic/Plug-In Settings/Space Designer/04 Warped Effects/05 Ghost Rhythms/080 BPM Tuned Bottles.pst
Logic	pst	080 BPM Twisting Gears	/Library/Application Support/Logic/Plug-In Settings/Space Designer/04 Warped Effects/05 Ghost Rhythms/080 BPM Twisting Gears.pst
Logic	pst	080 BPM Underwater Beat	/Library/Application Support/Logic/Plug-In Settings/Space Designer/04 Warped Effects/05 Ghost Rhythms/080 BPM Underwater Beat.pst
Logic	pst	080 BPM Vibrating Strings	/Library/Application Support/Logic/Plug-In Settings/Space Designer/04 Warped Effects/05 Ghost Rhythms/080 BPM Vibrating Strings.pst
Logic	pst	100 BPM Air Drums	/Library/Application Support/Logic/Plug-In Settings/Space Designer/04 Warped Effects/05 Ghost Rhythms/100 BPM Air Drums.pst
Logic	pst	100 BPM Beating Voice Box	/Library/Application Support/Logic/Plug-In Settings/Space Designer/04 Warped Effects/05 Ghost Rhythms/100 BPM Beating Voice Box.pst
Logic	pst	100 BPM Bright Cuts	/Library/Application Support/Logic/Plug-In Settings/Space Designer/04 Warped Effects/05 Ghost Rhythms/100 BPM Bright Cuts.pst
Logic	pst	100 BPM Buzzing Beat	/Library/Application Support/Logic/Plug-In Settings/Space Designer/04 Warped Effects/05 Ghost Rhythms/100 BPM Buzzing Beat.pst
Logic	pst	100 BPM Creaking Hinge	/Library/Application Support/Logic/Plug-In Settings/Space Designer/04 Warped Effects/05 Ghost Rhythms/100 BPM Creaking Hinge.pst
Logic	pst	100 BPM Crushing Cans	/Library/Application Support/Logic/Plug-In Settings/Space Designer/04 Warped Effects/05 Ghost Rhythms/100 BPM Crushing Cans.pst
Logic	pst	100 BPM Cutting Tin	/Library/Application Support/Logic/Plug-In Settings/Space Designer/04 Warped Effects/05 Ghost Rhythms/100 BPM Cutting Tin.pst
Logic	pst	100 BPM Fast Breathing	/Library/Application Support/Logic/Plug-In Settings/Space Designer/04 Warped Effects/05 Ghost Rhythms/100 BPM Fast Breathing.pst
Logic	pst	100 BPM Ghost Funk	/Library/Application Support/Logic/Plug-In Settings/Space Designer/04 Warped Effects/05 Ghost Rhythms/100 BPM Ghost Funk.pst
Logic	pst	100 BPM Hard Air	/Library/Application Support/Logic/Plug-In Settings/Space Designer/04 Warped Effects/05 Ghost Rhythms/100 BPM Hard Air.pst
Logic	pst	100 BPM Hollow Pulse	/Library/Application Support/Logic/Plug-In Settings/Space Designer/04 Warped Effects/05 Ghost Rhythms/100 BPM Hollow Pulse.pst
Logic	pst	100 BPM Howling Wind	/Library/Application Support/Logic/Plug-In Settings/Space Designer/04 Warped Effects/05 Ghost Rhythms/100 BPM Howling Wind.pst
Logic	pst	100 BPM Humming Engine	/Library/Application Support/Logic/Plug-In Settings/Space Designer/04 Warped Effects/05 Ghost Rhythms/100 BPM Humming Engine.pst
Logic	pst	100 BPM Industrial Press	/Library/Application Support/Logic/Plug-In Settings/Space Designer/04 Warped Effects/05 Ghost Rhythms/100 BPM Industrial Press.pst
Logic	pst	100 BPM Jet Machinery	/Library/Application Support/Logic/Plug-In Settings/Space Designer/04 Warped Effects/05 Ghost Rhythms/100 BPM Jet Machinery.pst
Logic	pst	100 BPM Muffled Thump	/Library/Application Support/Logic/Plug-In Settings/Space Designer/04 Warped Effects/05 Ghost Rhythms/100 BPM Muffled Thump.pst
Logic	pst	100 BPM Phasing Mechanism	/Library/Application Support/Logic/Plug-In Settings/Space Designer/04 Warped Effects/05 Ghost Rhythms/100 BPM Phasing Mechanism.pst
Logic	pst	100 BPM Resonant Tub	/Library/Application Support/Logic/Plug-In Settings/Space Designer/04 Warped Effects/05 Ghost Rhythms/100 BPM Resonant Tub.pst
Logic	pst	100 BPM Shaking Whip	/Library/Application Support/Logic/Plug-In Settings/Space Designer/04 Warped Effects/05 Ghost Rhythms/100 BPM Shaking Whip.pst
Logic	pst	100 BPM Shimmering Gears	/Library/Application Support/Logic/Plug-In Settings/Space Designer/04 Warped Effects/05 Ghost Rhythms/100 BPM Shimmering Gears.pst
Logic	pst	100 BPM Shuffling Feet	/Library/Application Support/Logic/Plug-In Settings/Space Designer/04 Warped Effects/05 Ghost Rhythms/100 BPM Shuffling Feet.pst
Logic	pst	100 BPM Snare Taps	/Library/Application Support/Logic/Plug-In Settings/Space Designer/04 Warped Effects/05 Ghost Rhythms/100 BPM Snare Taps.pst
Logic	pst	100 BPM Speedy Hat Melody	/Library/Application Support/Logic/Plug-In Settings/Space Designer/04 Warped Effects/05 Ghost Rhythms/100 BPM Speedy Hat Melody.pst
Logic	pst	100 BPM Spirit March	/Library/Application Support/Logic/Plug-In Settings/Space Designer/04 Warped Effects/05 Ghost Rhythms/100 BPM Spirit March.pst
Logic	pst	100 BPM Springy Pulse	/Library/Application Support/Logic/Plug-In Settings/Space Designer/04 Warped Effects/05 Ghost Rhythms/100 BPM Springy Pulse.pst
Logic	pst	100 BPM Squeaky Device	/Library/Application Support/Logic/Plug-In Settings/Space Designer/04 Warped Effects/05 Ghost Rhythms/100 BPM Squeaky Device.pst
Logic	pst	100 BPM Starting Engine	/Library/Application Support/Logic/Plug-In Settings/Space Designer/04 Warped Effects/05 Ghost Rhythms/100 BPM Starting Engine.pst
Logic	pst	100 BPM Underwater Pluck	/Library/Application Support/Logic/Plug-In Settings/Space Designer/04 Warped Effects/05 Ghost Rhythms/100 BPM Underwater Pluck.pst
Logic	pst	100 BPM Wandering Pulse	/Library/Application Support/Logic/Plug-In Settings/Space Designer/04 Warped Effects/05 Ghost Rhythms/100 BPM Wandering Pulse.pst
Logic	pst	100 BPM Wood Blocks	/Library/Application Support/Logic/Plug-In Settings/Space Designer/04 Warped Effects/05 Ghost Rhythms/100 BPM Wood Blocks.pst
Logic	pst	100 BPM Zap Rhythm	/Library/Application Support/Logic/Plug-In Settings/Space Designer/04 Warped Effects/05 Ghost Rhythms/100 BPM Zap Rhythm.pst
Logic	pst	120 BPM Air Press	/Library/Application Support/Logic/Plug-In Settings/Space Designer/04 Warped Effects/05 Ghost Rhythms/120 BPM Air Press.pst
Logic	pst	120 BPM Alien Growl	/Library/Application Support/Logic/Plug-In Settings/Space Designer/04 Warped Effects/05 Ghost Rhythms/120 BPM Alien Growl.pst
Logic	pst	120 BPM Arc Welder	/Library/Application Support/Logic/Plug-In Settings/Space Designer/04 Warped Effects/05 Ghost Rhythms/120 BPM Arc Welder.pst
Logic	pst	120 BPM Ascending Clave	/Library/Application Support/Logic/Plug-In Settings/Space Designer/04 Warped Effects/05 Ghost Rhythms/120 BPM Ascending Clave.pst
Logic	pst	120 BPM Automated Machine	/Library/Application Support/Logic/Plug-In Settings/Space Designer/04 Warped Effects/05 Ghost Rhythms/120 BPM Automated Machine.pst
Logic	pst	120 BPM Deep Beat	/Library/Application Support/Logic/Plug-In Settings/Space Designer/04 Warped Effects/05 Ghost Rhythms/120 BPM Deep Beat.pst
Logic	pst	120 BPM Descending Beat	/Library/Application Support/Logic/Plug-In Settings/Space Designer/04 Warped Effects/05 Ghost Rhythms/120 BPM Descending Beat.pst
Logic	pst	120 BPM Dream Splash	/Library/Application Support/Logic/Plug-In Settings/Space Designer/04 Warped Effects/05 Ghost Rhythms/120 BPM Dream Splash.pst
Logic	pst	120 BPM Electric Screech	/Library/Application Support/Logic/Plug-In Settings/Space Designer/04 Warped Effects/05 Ghost Rhythms/120 BPM Electric Screech.pst
Logic	pst	120 BPM Electrical Buzz	/Library/Application Support/Logic/Plug-In Settings/Space Designer/04 Warped Effects/05 Ghost Rhythms/120 BPM Electrical Buzz.pst
Logic	pst	120 BPM Fast Dash	/Library/Application Support/Logic/Plug-In Settings/Space Designer/04 Warped Effects/05 Ghost Rhythms/120 BPM Fast Dash.pst
Logic	pst	120 BPM Frozen Clock	/Library/Application Support/Logic/Plug-In Settings/Space Designer/04 Warped Effects/05 Ghost Rhythms/120 BPM Frozen Clock.pst
Logic	pst	120 BPM Hard Wind	/Library/Application Support/Logic/Plug-In Settings/Space Designer/04 Warped Effects/05 Ghost Rhythms/120 BPM Hard Wind.pst
Logic	pst	120 BPM Junk Science	/Library/Application Support/Logic/Plug-In Settings/Space Designer/04 Warped Effects/05 Ghost Rhythms/120 BPM Junk Science.pst
Logic	pst	120 BPM Little Trash	/Library/Application Support/Logic/Plug-In Settings/Space Designer/04 Warped Effects/05 Ghost Rhythms/120 BPM Little Trash.pst
Logic	pst	120 BPM Metallic Charge	/Library/Application Support/Logic/Plug-In Settings/Space Designer/04 Warped Effects/05 Ghost Rhythms/120 BPM Metallic Charge.pst
Logic	pst	120 BPM Percolate	/Library/Application Support/Logic/Plug-In Settings/Space Designer/04 Warped Effects/05 Ghost Rhythms/120 BPM Percolate.pst
Logic	pst	120 BPM Percussive Screech	/Library/Application Support/Logic/Plug-In Settings/Space Designer/04 Warped Effects/05 Ghost Rhythms/120 BPM Percussive Screech.pst
Logic	pst	120 BPM Power Dive	/Library/Application Support/Logic/Plug-In Settings/Space Designer/04 Warped Effects/05 Ghost Rhythms/120 BPM Power Dive.pst
Logic	pst	120 BPM Rhythmic Spraying	/Library/Application Support/Logic/Plug-In Settings/Space Designer/04 Warped Effects/05 Ghost Rhythms/120 BPM Rhythmic Spraying.pst
Logic	pst	120 BPM Robot Talk	/Library/Application Support/Logic/Plug-In Settings/Space Designer/04 Warped Effects/05 Ghost Rhythms/120 BPM Robot Talk.pst
Logic	pst	120 BPM Sharpening Scissors	/Library/Application Support/Logic/Plug-In Settings/Space Designer/04 Warped Effects/05 Ghost Rhythms/120 BPM Sharpening Scissors.pst
Logic	pst	120 BPM Shimmering Rush	/Library/Application Support/Logic/Plug-In Settings/Space Designer/04 Warped Effects/05 Ghost Rhythms/120 BPM Shimmering Rush.pst
Logic	pst	120 BPM Speed Fill	/Library/Application Support/Logic/Plug-In Settings/Space Designer/04 Warped Effects/05 Ghost Rhythms/120 BPM Speed Fill.pst
Logic	pst	120 BPM Spinning Gears	/Library/Application Support/Logic/Plug-In Settings/Space Designer/04 Warped Effects/05 Ghost Rhythms/120 BPM Spinning Gears.pst
Logic	pst	120 BPM Spraying Sparks	/Library/Application Support/Logic/Plug-In Settings/Space Designer/04 Warped Effects/05 Ghost Rhythms/120 BPM Spraying Sparks.pst
Logic	pst	120 BPM Tabla Beat	/Library/Application Support/Logic/Plug-In Settings/Space Designer/04 Warped Effects/05 Ghost Rhythms/120 BPM Tabla Beat.pst
Logic	pst	120 BPM Talking Percussion	/Library/Application Support/Logic/Plug-In Settings/Space Designer/04 Warped Effects/05 Ghost Rhythms/120 BPM Talking Percussion.pst
Logic	pst	120 BPM Underground Pulse	/Library/Application Support/Logic/Plug-In Settings/Space Designer/04 Warped Effects/05 Ghost Rhythms/120 BPM Underground Pulse.pst
Logic	pst	120 BPM Underwater Smash	/Library/Application Support/Logic/Plug-In Settings/Space Designer/04 Warped Effects/05 Ghost Rhythms/120 BPM Underwater Smash.pst
Logic	pst	120 BPM Urgent Beat	/Library/Application Support/Logic/Plug-In Settings/Space Designer/04 Warped Effects/05 Ghost Rhythms/120 BPM Urgent Beat.pst
Logic	pst	120 BPM Wet Slap	/Library/Application Support/Logic/Plug-In Settings/Space Designer/04 Warped Effects/05 Ghost Rhythms/120 BPM Wet Slap.pst
Logic	pst	120 BPM Whispering March	/Library/Application Support/Logic/Plug-In Settings/Space Designer/04 Warped Effects/05 Ghost Rhythms/120 BPM Whispering March.pst
Logic	pst	125 BPM Accidental Break	/Library/Application Support/Logic/Plug-In Settings/Space Designer/04 Warped Effects/05 Ghost Rhythms/125 BPM Accidental Break.pst
Logic	pst	125 BPM Air Clap	/Library/Application Support/Logic/Plug-In Settings/Space Designer/04 Warped Effects/05 Ghost Rhythms/125 BPM Air Clap.pst
Logic	pst	125 BPM Bottle Machine	/Library/Application Support/Logic/Plug-In Settings/Space Designer/04 Warped Effects/05 Ghost Rhythms/125 BPM Bottle Machine.pst
Logic	pst	125 BPM Bubbling Up	/Library/Application Support/Logic/Plug-In Settings/Space Designer/04 Warped Effects/05 Ghost Rhythms/125 BPM Bubbling Up.pst
Logic	pst	125 BPM Canned Beat	/Library/Application Support/Logic/Plug-In Settings/Space Designer/04 Warped Effects/05 Ghost Rhythms/125 BPM Canned Beat.pst
Logic	pst	125 BPM Cutting Cables	/Library/Application Support/Logic/Plug-In Settings/Space Designer/04 Warped Effects/05 Ghost Rhythms/125 BPM Cutting Cables.pst
Logic	pst	125 BPM Electric Shards	/Library/Application Support/Logic/Plug-In Settings/Space Designer/04 Warped Effects/05 Ghost Rhythms/125 BPM Electric Shards.pst
Logic	pst	125 BPM Enigma Taps	/Library/Application Support/Logic/Plug-In Settings/Space Designer/04 Warped Effects/05 Ghost Rhythms/125 BPM Enigma Taps.pst
Logic	pst	125 BPM Fading Shaker	/Library/Application Support/Logic/Plug-In Settings/Space Designer/04 Warped Effects/05 Ghost Rhythms/125 BPM Fading Shaker.pst
Logic	pst	125 BPM Flange Band	/Library/Application Support/Logic/Plug-In Settings/Space Designer/04 Warped Effects/05 Ghost Rhythms/125 BPM Flange Band.pst
Logic	pst	125 BPM Glittering Shaker	/Library/Application Support/Logic/Plug-In Settings/Space Designer/04 Warped Effects/05 Ghost Rhythms/125 BPM Glittering Shaker.pst
Logic	pst	125 BPM Hard Buzz	/Library/Application Support/Logic/Plug-In Settings/Space Designer/04 Warped Effects/05 Ghost Rhythms/125 BPM Hard Buzz.pst
Logic	pst	125 BPM Magic Percussion	/Library/Application Support/Logic/Plug-In Settings/Space Designer/04 Warped Effects/05 Ghost Rhythms/125 BPM Magic Percussion.pst
Logic	pst	125 BPM Murky Beat	/Library/Application Support/Logic/Plug-In Settings/Space Designer/04 Warped Effects/05 Ghost Rhythms/125 BPM Murky Beat.pst
Logic	pst	125 BPM Panning Ticks	/Library/Application Support/Logic/Plug-In Settings/Space Designer/04 Warped Effects/05 Ghost Rhythms/125 BPM Panning Ticks.pst
Logic	pst	125 BPM Percussive Zap	/Library/Application Support/Logic/Plug-In Settings/Space Designer/04 Warped Effects/05 Ghost Rhythms/125 BPM Percussive Zap.pst
Logic	pst	125 BPM Random Taps	/Library/Application Support/Logic/Plug-In Settings/Space Designer/04 Warped Effects/05 Ghost Rhythms/125 BPM Random Taps.pst
Logic	pst	125 BPM Resonant Stomp	/Library/Application Support/Logic/Plug-In Settings/Space Designer/04 Warped Effects/05 Ghost Rhythms/125 BPM Resonant Stomp.pst
Logic	pst	125 BPM Rising Taps	/Library/Application Support/Logic/Plug-In Settings/Space Designer/04 Warped Effects/05 Ghost Rhythms/125 BPM Rising Taps.pst
Logic	pst	125 BPM Robot Taps	/Library/Application Support/Logic/Plug-In Settings/Space Designer/04 Warped Effects/05 Ghost Rhythms/125 BPM Robot Taps.pst
Logic	pst	125 BPM Scattered Particles	/Library/Application Support/Logic/Plug-In Settings/Space Designer/04 Warped Effects/05 Ghost Rhythms/125 BPM Scattered Particles.pst
Logic	pst	125 BPM Science Cuts	/Library/Application Support/Logic/Plug-In Settings/Space Designer/04 Warped Effects/05 Ghost Rhythms/125 BPM Science Cuts.pst
Logic	pst	125 BPM Screeching Accents	/Library/Application Support/Logic/Plug-In Settings/Space Designer/04 Warped Effects/05 Ghost Rhythms/125 BPM Screeching Accents.pst
Logic	pst	125 BPM Shuffling Commute	/Library/Application Support/Logic/Plug-In Settings/Space Designer/04 Warped Effects/05 Ghost Rhythms/125 BPM Shuffling Commute.pst
Logic	pst	125 BPM Smashing Cans	/Library/Application Support/Logic/Plug-In Settings/Space Designer/04 Warped Effects/05 Ghost Rhythms/125 BPM Smashing Cans.pst
Logic	pst	125 BPM Speeding Train	/Library/Application Support/Logic/Plug-In Settings/Space Designer/04 Warped Effects/05 Ghost Rhythms/125 BPM Speeding Train.pst
Logic	pst	125 BPM Steady Machine	/Library/Application Support/Logic/Plug-In Settings/Space Designer/04 Warped Effects/05 Ghost Rhythms/125 BPM Steady Machine.pst
Logic	pst	125 BPM Subway Train	/Library/Application Support/Logic/Plug-In Settings/Space Designer/04 Warped Effects/05 Ghost Rhythms/125 BPM Subway Train.pst
Logic	pst	125 BPM Techno Signal	/Library/Application Support/Logic/Plug-In Settings/Space Designer/04 Warped Effects/05 Ghost Rhythms/125 BPM Techno Signal.pst
Logic	pst	125 BPM Tiny Puddles	/Library/Application Support/Logic/Plug-In Settings/Space Designer/04 Warped Effects/05 Ghost Rhythms/125 BPM Tiny Puddles.pst
Logic	pst	125 BPM Vintage Machine	/Library/Application Support/Logic/Plug-In Settings/Space Designer/04 Warped Effects/05 Ghost Rhythms/125 BPM Vintage Machine.pst
Logic	pst	130 BPM Banded Beat	/Library/Application Support/Logic/Plug-In Settings/Space Designer/04 Warped Effects/05 Ghost Rhythms/130 BPM Banded Beat.pst
Logic	pst	130 BPM Beat Accelerator	/Library/Application Support/Logic/Plug-In Settings/Space Designer/04 Warped Effects/05 Ghost Rhythms/130 BPM Beat Accelerator.pst
Logic	pst	130 BPM Breathy Sticks	/Library/Application Support/Logic/Plug-In Settings/Space Designer/04 Warped Effects/05 Ghost Rhythms/130 BPM Breathy Sticks.pst
Logic	pst	130 BPM Compressed Air	/Library/Application Support/Logic/Plug-In Settings/Space Designer/04 Warped Effects/05 Ghost Rhythms/130 BPM Compressed Air.pst
Logic	pst	130 BPM Dissonant Rush	/Library/Application Support/Logic/Plug-In Settings/Space Designer/04 Warped Effects/05 Ghost Rhythms/130 BPM Dissonant Rush.pst
Logic	pst	130 BPM Distant March	/Library/Application Support/Logic/Plug-In Settings/Space Designer/04 Warped Effects/05 Ghost Rhythms/130 BPM Distant March.pst
Logic	pst	130 BPM Doppler Tone	/Library/Application Support/Logic/Plug-In Settings/Space Designer/04 Warped Effects/05 Ghost Rhythms/130 BPM Doppler Tone.pst
Logic	pst	130 BPM Electronic Toy	/Library/Application Support/Logic/Plug-In Settings/Space Designer/04 Warped Effects/05 Ghost Rhythms/130 BPM Electronic Toy.pst
Logic	pst	130 BPM Falling In	/Library/Application Support/Logic/Plug-In Settings/Space Designer/04 Warped Effects/05 Ghost Rhythms/130 BPM Falling In.pst
Logic	pst	130 BPM Frantic Storm	/Library/Application Support/Logic/Plug-In Settings/Space Designer/04 Warped Effects/05 Ghost Rhythms/130 BPM Frantic Storm.pst
Logic	pst	130 BPM Frozen Hits	/Library/Application Support/Logic/Plug-In Settings/Space Designer/04 Warped Effects/05 Ghost Rhythms/130 BPM Frozen Hits.pst
Logic	pst	130 BPM Glistening Rise	/Library/Application Support/Logic/Plug-In Settings/Space Designer/04 Warped Effects/05 Ghost Rhythms/130 BPM Glistening Rise.pst
Logic	pst	130 BPM Haunted Hits	/Library/Application Support/Logic/Plug-In Settings/Space Designer/04 Warped Effects/05 Ghost Rhythms/130 BPM Haunted Hits.pst
Logic	pst	130 BPM Hollow Beat	/Library/Application Support/Logic/Plug-In Settings/Space Designer/04 Warped Effects/05 Ghost Rhythms/130 BPM Hollow Beat.pst
Logic	pst	130 BPM Liquid Metal	/Library/Application Support/Logic/Plug-In Settings/Space Designer/04 Warped Effects/05 Ghost Rhythms/130 BPM Liquid Metal.pst
Logic	pst	130 BPM Metallic Slaps	/Library/Application Support/Logic/Plug-In Settings/Space Designer/04 Warped Effects/05 Ghost Rhythms/130 BPM Metallic Slaps.pst
Logic	pst	130 BPM Off Beat Noise	/Library/Application Support/Logic/Plug-In Settings/Space Designer/04 Warped Effects/05 Ghost Rhythms/130 BPM Off Beat Noise.pst
Logic	pst	130 BPM Quirky Strum	/Library/Application Support/Logic/Plug-In Settings/Space Designer/04 Warped Effects/05 Ghost Rhythms/130 BPM Quirky Strum.pst
Logic	pst	130 BPM Rapid Taps	/Library/Application Support/Logic/Plug-In Settings/Space Designer/04 Warped Effects/05 Ghost Rhythms/130 BPM Rapid Taps.pst
Logic	pst	130 BPM Remote Bash	/Library/Application Support/Logic/Plug-In Settings/Space Designer/04 Warped Effects/05 Ghost Rhythms/130 BPM Remote Bash.pst
Logic	pst	130 BPM Shimmering March	/Library/Application Support/Logic/Plug-In Settings/Space Designer/04 Warped Effects/05 Ghost Rhythms/130 BPM Shimmering March.pst
Logic	pst	130 BPM Smooth Spikes	/Library/Application Support/Logic/Plug-In Settings/Space Designer/04 Warped Effects/05 Ghost Rhythms/130 BPM Smooth Spikes.pst
Logic	pst	130 BPM Spacial Drops	/Library/Application Support/Logic/Plug-In Settings/Space Designer/04 Warped Effects/05 Ghost Rhythms/130 BPM Spacial Drops.pst
Logic	pst	130 BPM Squeaky Noise	/Library/Application Support/Logic/Plug-In Settings/Space Designer/04 Warped Effects/05 Ghost Rhythms/130 BPM Squeaky Noise.pst
Logic	pst	130 BPM Steam Engine	/Library/Application Support/Logic/Plug-In Settings/Space Designer/04 Warped Effects/05 Ghost Rhythms/130 BPM Steam Engine.pst
Logic	pst	130 BPM Steam Pipe	/Library/Application Support/Logic/Plug-In Settings/Space Designer/04 Warped Effects/05 Ghost Rhythms/130 BPM Steam Pipe.pst
Logic	pst	130 BPM Syncopated Slaps	/Library/Application Support/Logic/Plug-In Settings/Space Designer/04 Warped Effects/05 Ghost Rhythms/130 BPM Syncopated Slaps.pst
Logic	pst	130 BPM Vintage Percussion	/Library/Application Support/Logic/Plug-In Settings/Space Designer/04 Warped Effects/05 Ghost Rhythms/130 BPM Vintage Percussion.pst
Logic	pst	130 BPM Washing Machine	/Library/Application Support/Logic/Plug-In Settings/Space Designer/04 Warped Effects/05 Ghost Rhythms/130 BPM Washing Machine.pst
Logic	pst	130 BPM Water Barrel	/Library/Application Support/Logic/Plug-In Settings/Space Designer/04 Warped Effects/05 Ghost Rhythms/130 BPM Water Barrel.pst
Logic	pst	140 BPM Aggressive Ticks	/Library/Application Support/Logic/Plug-In Settings/Space Designer/04 Warped Effects/05 Ghost Rhythms/140 BPM Aggressive Ticks.pst
Logic	pst	140 BPM Alien Beat	/Library/Application Support/Logic/Plug-In Settings/Space Designer/04 Warped Effects/05 Ghost Rhythms/140 BPM Alien Beat.pst
Logic	pst	140 BPM Broken Toy	/Library/Application Support/Logic/Plug-In Settings/Space Designer/04 Warped Effects/05 Ghost Rhythms/140 BPM Broken Toy.pst
Logic	pst	140 BPM Distant Tracks	/Library/Application Support/Logic/Plug-In Settings/Space Designer/04 Warped Effects/05 Ghost Rhythms/140 BPM Distant Tracks.pst
Logic	pst	140 BPM Escaping Air	/Library/Application Support/Logic/Plug-In Settings/Space Designer/04 Warped Effects/05 Ghost Rhythms/140 BPM Escaping Air.pst
Logic	pst	140 BPM Falling Noise	/Library/Application Support/Logic/Plug-In Settings/Space Designer/04 Warped Effects/05 Ghost Rhythms/140 BPM Falling Noise.pst
Logic	pst	140 BPM Frantic Breathing	/Library/Application Support/Logic/Plug-In Settings/Space Designer/04 Warped Effects/05 Ghost Rhythms/140 BPM Frantic Breathing.pst
Logic	pst	140 BPM Jingling Metal	/Library/Application Support/Logic/Plug-In Settings/Space Designer/04 Warped Effects/05 Ghost Rhythms/140 BPM Jingling Metal.pst
Logic	pst	140 BPM Low Squeaking	/Library/Application Support/Logic/Plug-In Settings/Space Designer/04 Warped Effects/05 Ghost Rhythms/140 BPM Low Squeaking.pst
Logic	pst	140 BPM Moving Bash	/Library/Application Support/Logic/Plug-In Settings/Space Designer/04 Warped Effects/05 Ghost Rhythms/140 BPM Moving Bash.pst
Logic	pst	140 BPM Muted Rhythm	/Library/Application Support/Logic/Plug-In Settings/Space Designer/04 Warped Effects/05 Ghost Rhythms/140 BPM Muted Rhythm.pst
Logic	pst	140 BPM Noise Ping Pong	/Library/Application Support/Logic/Plug-In Settings/Space Designer/04 Warped Effects/05 Ghost Rhythms/140 BPM Noise Ping Pong.pst
Logic	pst	140 BPM Passing Engine	/Library/Application Support/Logic/Plug-In Settings/Space Designer/04 Warped Effects/05 Ghost Rhythms/140 BPM Passing Engine.pst
Logic	pst	140 BPM Running Downhill	/Library/Application Support/Logic/Plug-In Settings/Space Designer/04 Warped Effects/05 Ghost Rhythms/140 BPM Running Downhill.pst
Logic	pst	140 BPM Soft Ringing	/Library/Application Support/Logic/Plug-In Settings/Space Designer/04 Warped Effects/05 Ghost Rhythms/140 BPM Soft Ringing.pst
Logic	pst	140 BPM Soft Sparks	/Library/Application Support/Logic/Plug-In Settings/Space Designer/04 Warped Effects/05 Ghost Rhythms/140 BPM Soft Sparks.pst
Logic	pst	140 BPM Speed Engine	/Library/Application Support/Logic/Plug-In Settings/Space Designer/04 Warped Effects/05 Ghost Rhythms/140 BPM Speed Engine.pst
Logic	pst	140 BPM Swirling Tone	/Library/Application Support/Logic/Plug-In Settings/Space Designer/04 Warped Effects/05 Ghost Rhythms/140 BPM Swirling Tone.pst
Logic	pst	140 BPM Talking Toy	/Library/Application Support/Logic/Plug-In Settings/Space Designer/04 Warped Effects/05 Ghost Rhythms/140 BPM Talking Toy.pst
Logic	pst	140 BPM Tinny Hat	/Library/Application Support/Logic/Plug-In Settings/Space Designer/04 Warped Effects/05 Ghost Rhythms/140 BPM Tinny Hat.pst
Logic	pst	140 BPM Toy Locomotive	/Library/Application Support/Logic/Plug-In Settings/Space Designer/04 Warped Effects/05 Ghost Rhythms/140 BPM Toy Locomotive.pst
Logic	pst	140 BPM Tunnel Percussion	/Library/Application Support/Logic/Plug-In Settings/Space Designer/04 Warped Effects/05 Ghost Rhythms/140 BPM Tunnel Percussion.pst
Logic	pst	140 BPM Twisted Wind	/Library/Application Support/Logic/Plug-In Settings/Space Designer/04 Warped Effects/05 Ghost Rhythms/140 BPM Twisted Wind.pst
Logic	pst	140 BPM Underwater Hits	/Library/Application Support/Logic/Plug-In Settings/Space Designer/04 Warped Effects/05 Ghost Rhythms/140 BPM Underwater Hits.pst
Logic	pst	140 BPM Urgent Pace	/Library/Application Support/Logic/Plug-In Settings/Space Designer/04 Warped Effects/05 Ghost Rhythms/140 BPM Urgent Pace.pst
Logic	pst	140 BPM Watery Syncopation	/Library/Application Support/Logic/Plug-In Settings/Space Designer/04 Warped Effects/05 Ghost Rhythms/140 BPM Watery Syncopation.pst
Logic	pst	140 BPM Wood And Steam	/Library/Application Support/Logic/Plug-In Settings/Space Designer/04 Warped Effects/05 Ghost Rhythms/140 BPM Wood And Steam.pst
Logic	pst	Amp Cabinet 01	/Library/Application Support/Logic/Plug-In Settings/Space Designer/04 Warped Effects/06 Speakers/Amp Cabinet 01.pst
Logic	pst	Amp Cabinet 02	/Library/Application Support/Logic/Plug-In Settings/Space Designer/04 Warped Effects/06 Speakers/Amp Cabinet 02.pst
Logic	pst	Amp Cabinet 03	/Library/Application Support/Logic/Plug-In Settings/Space Designer/04 Warped Effects/06 Speakers/Amp Cabinet 03.pst
Logic	pst	Amp Cabinet 04	/Library/Application Support/Logic/Plug-In Settings/Space Designer/04 Warped Effects/06 Speakers/Amp Cabinet 04.pst
Logic	pst	Amp Cabinet 05	/Library/Application Support/Logic/Plug-In Settings/Space Designer/04 Warped Effects/06 Speakers/Amp Cabinet 05.pst
Logic	pst	Amp Cabinet 06	/Library/Application Support/Logic/Plug-In Settings/Space Designer/04 Warped Effects/06 Speakers/Amp Cabinet 06.pst
Logic	pst	Amp Cabinet 07	/Library/Application Support/Logic/Plug-In Settings/Space Designer/04 Warped Effects/06 Speakers/Amp Cabinet 07.pst
Logic	pst	Amp Cabinet 08	/Library/Application Support/Logic/Plug-In Settings/Space Designer/04 Warped Effects/06 Speakers/Amp Cabinet 08.pst
Logic	pst	Amp Cabinet 09	/Library/Application Support/Logic/Plug-In Settings/Space Designer/04 Warped Effects/06 Speakers/Amp Cabinet 09.pst
Logic	pst	Amp Cabinet 10	/Library/Application Support/Logic/Plug-In Settings/Space Designer/04 Warped Effects/06 Speakers/Amp Cabinet 10.pst
Logic	pst	Amp Cabinet 11	/Library/Application Support/Logic/Plug-In Settings/Space Designer/04 Warped Effects/06 Speakers/Amp Cabinet 11.pst
Logic	pst	Amp Cabinet 12	/Library/Application Support/Logic/Plug-In Settings/Space Designer/04 Warped Effects/06 Speakers/Amp Cabinet 12.pst
Logic	pst	Amp Cabinet 13	/Library/Application Support/Logic/Plug-In Settings/Space Designer/04 Warped Effects/06 Speakers/Amp Cabinet 13.pst
Logic	pst	Amp Cabinet 14	/Library/Application Support/Logic/Plug-In Settings/Space Designer/04 Warped Effects/06 Speakers/Amp Cabinet 14.pst
Logic	pst	Amp Cabinet 15	/Library/Application Support/Logic/Plug-In Settings/Space Designer/04 Warped Effects/06 Speakers/Amp Cabinet 15.pst
Logic	pst	Amp Cabinet 16	/Library/Application Support/Logic/Plug-In Settings/Space Designer/04 Warped Effects/06 Speakers/Amp Cabinet 16.pst
Logic	pst	Amp Cabinet 17	/Library/Application Support/Logic/Plug-In Settings/Space Designer/04 Warped Effects/06 Speakers/Amp Cabinet 17.pst
Logic	pst	Amp Cabinet 18	/Library/Application Support/Logic/Plug-In Settings/Space Designer/04 Warped Effects/06 Speakers/Amp Cabinet 18.pst
Logic	pst	Amp Cabinet 19	/Library/Application Support/Logic/Plug-In Settings/Space Designer/04 Warped Effects/06 Speakers/Amp Cabinet 19.pst
Logic	pst	Amp Cabinet 20	/Library/Application Support/Logic/Plug-In Settings/Space Designer/04 Warped Effects/06 Speakers/Amp Cabinet 20.pst
Logic	pst	Amp Cabinet 21	/Library/Application Support/Logic/Plug-In Settings/Space Designer/04 Warped Effects/06 Speakers/Amp Cabinet 21.pst
Logic	pst	Amp Pedal	/Library/Application Support/Logic/Plug-In Settings/Space Designer/04 Warped Effects/06 Speakers/Amp Pedal.pst
Logic	pst	Bent Synth	/Library/Application Support/Logic/Plug-In Settings/Space Designer/04 Warped Effects/06 Speakers/Bent Synth.pst
Logic	pst	Circuit Bent Mega Phone	/Library/Application Support/Logic/Plug-In Settings/Space Designer/04 Warped Effects/06 Speakers/Circuit Bent Mega Phone.pst
Logic	pst	Circuit Bent	/Library/Application Support/Logic/Plug-In Settings/Space Designer/04 Warped Effects/06 Speakers/Circuit Bent.pst
Logic	pst	Game Console	/Library/Application Support/Logic/Plug-In Settings/Space Designer/04 Warped Effects/06 Speakers/Game Console.pst
Logic	pst	Headphone Bleed	/Library/Application Support/Logic/Plug-In Settings/Space Designer/04 Warped Effects/06 Speakers/Headphone Bleed.pst
Logic	pst	Micro Amp 1	/Library/Application Support/Logic/Plug-In Settings/Space Designer/04 Warped Effects/06 Speakers/Micro Amp 1.pst
Logic	pst	Micro Amp 2	/Library/Application Support/Logic/Plug-In Settings/Space Designer/04 Warped Effects/06 Speakers/Micro Amp 2.pst
Logic	pst	Micro Cardboard Box	/Library/Application Support/Logic/Plug-In Settings/Space Designer/04 Warped Effects/06 Speakers/Micro Cardboard Box.pst
Logic	pst	Micro Synth	/Library/Application Support/Logic/Plug-In Settings/Space Designer/04 Warped Effects/06 Speakers/Micro Synth.pst
Logic	pst	Mini Cassette	/Library/Application Support/Logic/Plug-In Settings/Space Designer/04 Warped Effects/06 Speakers/Mini Cassette.pst
Logic	pst	Mini Home Cabinet	/Library/Application Support/Logic/Plug-In Settings/Space Designer/04 Warped Effects/06 Speakers/Mini Home Cabinet.pst
Logic	pst	Mini Synth	/Library/Application Support/Logic/Plug-In Settings/Space Designer/04 Warped Effects/06 Speakers/Mini Synth.pst
Logic	pst	Modular Synth	/Library/Application Support/Logic/Plug-In Settings/Space Designer/04 Warped Effects/06 Speakers/Modular Synth.pst
Logic	pst	Semi Modular Synth	/Library/Application Support/Logic/Plug-In Settings/Space Designer/04 Warped Effects/06 Speakers/Semi Modular Synth.pst
Logic	pst	Small Home Cabinet	/Library/Application Support/Logic/Plug-In Settings/Space Designer/04 Warped Effects/06 Speakers/Small Home Cabinet.pst
Logic	pst	Small Mega Phone	/Library/Application Support/Logic/Plug-In Settings/Space Designer/04 Warped Effects/06 Speakers/Small Mega Phone.pst
Logic	pst	Small Toy	/Library/Application Support/Logic/Plug-In Settings/Space Designer/04 Warped Effects/06 Speakers/Small Toy.pst
Logic	pst	Small White Earbuds	/Library/Application Support/Logic/Plug-In Settings/Space Designer/04 Warped Effects/06 Speakers/Small White Earbuds.pst
Logic	pst	Tiny Phone	/Library/Application Support/Logic/Plug-In Settings/Space Designer/04 Warped Effects/06 Speakers/Tiny Phone.pst
Logic	pst	Transistor Radio 01	/Library/Application Support/Logic/Plug-In Settings/Space Designer/04 Warped Effects/06 Speakers/Transistor Radio 01.pst
Logic	pst	Transistor Radio 02	/Library/Application Support/Logic/Plug-In Settings/Space Designer/04 Warped Effects/06 Speakers/Transistor Radio 02.pst
Logic	pst	Transistor Radio 03	/Library/Application Support/Logic/Plug-In Settings/Space Designer/04 Warped Effects/06 Speakers/Transistor Radio 03.pst
Logic	pst	Transistor Radio 04	/Library/Application Support/Logic/Plug-In Settings/Space Designer/04 Warped Effects/06 Speakers/Transistor Radio 04.pst
Logic	pst	Transistor Radio 05	/Library/Application Support/Logic/Plug-In Settings/Space Designer/04 Warped Effects/06 Speakers/Transistor Radio 05.pst
Logic	pst	Transistor Radio 06	/Library/Application Support/Logic/Plug-In Settings/Space Designer/04 Warped Effects/06 Speakers/Transistor Radio 06.pst
Logic	pst	Transistor Radio 07	/Library/Application Support/Logic/Plug-In Settings/Space Designer/04 Warped Effects/06 Speakers/Transistor Radio 07.pst
Logic	pst	Transistor Radio 08	/Library/Application Support/Logic/Plug-In Settings/Space Designer/04 Warped Effects/06 Speakers/Transistor Radio 08.pst
Logic	pst	Transistor Radio 09	/Library/Application Support/Logic/Plug-In Settings/Space Designer/04 Warped Effects/06 Speakers/Transistor Radio 09.pst
Logic	pst	Transistor Radio 10	/Library/Application Support/Logic/Plug-In Settings/Space Designer/04 Warped Effects/06 Speakers/Transistor Radio 10.pst
Logic	pst	Transistor Radio 11	/Library/Application Support/Logic/Plug-In Settings/Space Designer/04 Warped Effects/06 Speakers/Transistor Radio 11.pst
Logic	pst	Transistor Radio 12	/Library/Application Support/Logic/Plug-In Settings/Space Designer/04 Warped Effects/06 Speakers/Transistor Radio 12.pst
Logic	pst	Transistor Radio 13	/Library/Application Support/Logic/Plug-In Settings/Space Designer/04 Warped Effects/06 Speakers/Transistor Radio 13.pst
Logic	pst	Analog Buffer	/Library/Application Support/Logic/Plug-In Settings/Space Designer/04 Warped Effects/07 Analog Circuits/Analog Buffer.pst
Logic	pst	Analog Format Shifter	/Library/Application Support/Logic/Plug-In Settings/Space Designer/04 Warped Effects/07 Analog Circuits/Analog Format Shifter.pst
Logic	pst	Analog Pedal 1	/Library/Application Support/Logic/Plug-In Settings/Space Designer/04 Warped Effects/07 Analog Circuits/Analog Pedal 1.pst
Logic	pst	Analog Pedal 2	/Library/Application Support/Logic/Plug-In Settings/Space Designer/04 Warped Effects/07 Analog Circuits/Analog Pedal 2.pst
Logic	pst	Analog Waveshaper 1	/Library/Application Support/Logic/Plug-In Settings/Space Designer/04 Warped Effects/07 Analog Circuits/Analog Waveshaper 1.pst
Logic	pst	Analog Waveshaper 2	/Library/Application Support/Logic/Plug-In Settings/Space Designer/04 Warped Effects/07 Analog Circuits/Analog Waveshaper 2.pst
Logic	pst	Classic Band Pass Filter	/Library/Application Support/Logic/Plug-In Settings/Space Designer/04 Warped Effects/07 Analog Circuits/Classic Band Pass Filter.pst
Logic	pst	Classic Ring Modulator	/Library/Application Support/Logic/Plug-In Settings/Space Designer/04 Warped Effects/07 Analog Circuits/Classic Ring Modulator.pst
Logic	pst	Clean Console	/Library/Application Support/Logic/Plug-In Settings/Space Designer/04 Warped Effects/07 Analog Circuits/Clean Console.pst
Logic	pst	Clean Limit Amp	/Library/Application Support/Logic/Plug-In Settings/Space Designer/04 Warped Effects/07 Analog Circuits/Clean Limit Amp.pst
Logic	pst	Fixed Analog Chorus	/Library/Application Support/Logic/Plug-In Settings/Space Designer/04 Warped Effects/07 Analog Circuits/Fixed Analog Chorus.pst
Logic	pst	Fixed Analog Flanger	/Library/Application Support/Logic/Plug-In Settings/Space Designer/04 Warped Effects/07 Analog Circuits/Fixed Analog Flanger.pst
Logic	pst	Fixed Analog Phaser 1	/Library/Application Support/Logic/Plug-In Settings/Space Designer/04 Warped Effects/07 Analog Circuits/Fixed Analog Phaser 1.pst
Logic	pst	Fixed Analog Phaser 2	/Library/Application Support/Logic/Plug-In Settings/Space Designer/04 Warped Effects/07 Analog Circuits/Fixed Analog Phaser 2.pst
Logic	pst	Fixed Classic Flanger	/Library/Application Support/Logic/Plug-In Settings/Space Designer/04 Warped Effects/07 Analog Circuits/Fixed Classic Flanger.pst
Logic	pst	Fixed Vintage Phaser 1	/Library/Application Support/Logic/Plug-In Settings/Space Designer/04 Warped Effects/07 Analog Circuits/Fixed Vintage Phaser 1.pst
Logic	pst	Fixed Vintage Phaser 2	/Library/Application Support/Logic/Plug-In Settings/Space Designer/04 Warped Effects/07 Analog Circuits/Fixed Vintage Phaser 2.pst
Logic	pst	Fixed Vintage Phaser 3	/Library/Application Support/Logic/Plug-In Settings/Space Designer/04 Warped Effects/07 Analog Circuits/Fixed Vintage Phaser 3.pst
Logic	pst	LFO Band Pass Filter	/Library/Application Support/Logic/Plug-In Settings/Space Designer/04 Warped Effects/07 Analog Circuits/LFO Band Pass Filter.pst
Logic	pst	Micro Synth Band Pass	/Library/Application Support/Logic/Plug-In Settings/Space Designer/04 Warped Effects/07 Analog Circuits/Micro Synth Band Pass.pst
Logic	pst	Micro Synth Filter	/Library/Application Support/Logic/Plug-In Settings/Space Designer/04 Warped Effects/07 Analog Circuits/Micro Synth Filter.pst
Logic	pst	Mono Synth Band Filter	/Library/Application Support/Logic/Plug-In Settings/Space Designer/04 Warped Effects/07 Analog Circuits/Mono Synth Band Filter.pst
Logic	pst	Mono Synth Filter	/Library/Application Support/Logic/Plug-In Settings/Space Designer/04 Warped Effects/07 Analog Circuits/Mono Synth Filter.pst
Logic	pst	Morph Filter	/Library/Application Support/Logic/Plug-In Settings/Space Designer/04 Warped Effects/07 Analog Circuits/Morph Filter.pst
Logic	pst	Tape Saturator	/Library/Application Support/Logic/Plug-In Settings/Space Designer/04 Warped Effects/07 Analog Circuits/Tape Saturator.pst
Logic	pst	Vintage Distortion Pedal	/Library/Application Support/Logic/Plug-In Settings/Space Designer/04 Warped Effects/07 Analog Circuits/Vintage Distortion Pedal.pst
Logic	pst	Vintage Fuzz Pedal 1	/Library/Application Support/Logic/Plug-In Settings/Space Designer/04 Warped Effects/07 Analog Circuits/Vintage Fuzz Pedal 1.pst
Logic	pst	Vintage Fuzz Pedal 2	/Library/Application Support/Logic/Plug-In Settings/Space Designer/04 Warped Effects/07 Analog Circuits/Vintage Fuzz Pedal 2.pst
Logic	pst	Vintage Harmonizer	/Library/Application Support/Logic/Plug-In Settings/Space Designer/04 Warped Effects/07 Analog Circuits/Vintage Harmonizer.pst
Logic	pst	Vintage Limit Amp	/Library/Application Support/Logic/Plug-In Settings/Space Designer/04 Warped Effects/07 Analog Circuits/Vintage Limit Amp.pst
Logic	pst	Vintage Semi Modular	/Library/Application Support/Logic/Plug-In Settings/Space Designer/04 Warped Effects/07 Analog Circuits/Vintage Semi Modular.pst
Logic	pst	Vintage Solid State	/Library/Application Support/Logic/Plug-In Settings/Space Designer/04 Warped Effects/07 Analog Circuits/Vintage Solid State.pst
Logic	pst	00.4s Drum Booth Three	/Library/Application Support/Logic/Plug-In Settings/Space Designer/05 Surround Spaces/01 Surround Rooms/00.4s Drum Booth Three.pst
Logic	pst	00.5s Drum Booth Two	/Library/Application Support/Logic/Plug-In Settings/Space Designer/05 Surround Spaces/01 Surround Rooms/00.5s Drum Booth Two.pst
Logic	pst	00.7s Drum Booth Four	/Library/Application Support/Logic/Plug-In Settings/Space Designer/05 Surround Spaces/01 Surround Rooms/00.7s Drum Booth Four.pst
Logic	pst	00.9s Hard Studio	/Library/Application Support/Logic/Plug-In Settings/Space Designer/05 Surround Spaces/01 Surround Rooms/00.9s Hard Studio.pst
Logic	pst	01.0s Drum Booth One	/Library/Application Support/Logic/Plug-In Settings/Space Designer/05 Surround Spaces/01 Surround Rooms/01.0s Drum Booth One.pst
Logic	pst	01.0s Recording Room +	/Library/Application Support/Logic/Plug-In Settings/Space Designer/05 Surround Spaces/01 Surround Rooms/01.0s Recording Room +.pst
Logic	pst	01.0s Villa Office	/Library/Application Support/Logic/Plug-In Settings/Space Designer/05 Surround Spaces/01 Surround Rooms/01.0s Villa Office.pst
Logic	pst	01.1s Live Stage	/Library/Application Support/Logic/Plug-In Settings/Space Designer/05 Surround Spaces/01 Surround Rooms/01.1s Live Stage.pst
Logic	pst	01.1s Villa Living Room	/Library/Application Support/Logic/Plug-In Settings/Space Designer/05 Surround Spaces/01 Surround Rooms/01.1s Villa Living Room.pst
Logic	pst	01.2s Recording Room	/Library/Application Support/Logic/Plug-In Settings/Space Designer/05 Surround Spaces/01 Surround Rooms/01.2s Recording Room.pst
Logic	pst	01.2s Villa Bathroom	/Library/Application Support/Logic/Plug-In Settings/Space Designer/05 Surround Spaces/01 Surround Rooms/01.2s Villa Bathroom.pst
Logic	pst	01.3s Villa Parlor	/Library/Application Support/Logic/Plug-In Settings/Space Designer/05 Surround Spaces/01 Surround Rooms/01.3s Villa Parlor.pst
Logic	pst	01.6s Villa Stairway	/Library/Application Support/Logic/Plug-In Settings/Space Designer/05 Surround Spaces/01 Surround Rooms/01.6s Villa Stairway.pst
Logic	pst	01.7s Villa Kitchen	/Library/Application Support/Logic/Plug-In Settings/Space Designer/05 Surround Spaces/01 Surround Rooms/01.7s Villa Kitchen.pst
Logic	pst	01.9s Prince Hall Two	/Library/Application Support/Logic/Plug-In Settings/Space Designer/05 Surround Spaces/01 Surround Rooms/01.9s Prince Hall Two.pst
Logic	pst	02.0s Villa Lobby	/Library/Application Support/Logic/Plug-In Settings/Space Designer/05 Surround Spaces/01 Surround Rooms/02.0s Villa Lobby.pst
Logic	pst	02.4s Prince Hall One	/Library/Application Support/Logic/Plug-In Settings/Space Designer/05 Surround Spaces/01 Surround Rooms/02.4s Prince Hall One.pst
Logic	pst	02.4s Villa Wine Cellar	/Library/Application Support/Logic/Plug-In Settings/Space Designer/05 Surround Spaces/01 Surround Rooms/02.4s Villa Wine Cellar.pst
Logic	pst	02.6s Archaic Courtroom	/Library/Application Support/Logic/Plug-In Settings/Space Designer/05 Surround Spaces/01 Surround Rooms/02.6s Archaic Courtroom.pst
Logic	pst	02.7s Hansa Studio	/Library/Application Support/Logic/Plug-In Settings/Space Designer/05 Surround Spaces/01 Surround Rooms/02.7s Hansa Studio.pst
Logic	pst	02.8s Michaelis Abbey	/Library/Application Support/Logic/Plug-In Settings/Space Designer/05 Surround Spaces/01 Surround Rooms/02.8s Michaelis Abbey.pst
Logic	pst	02.9s Hansa Studio +	/Library/Application Support/Logic/Plug-In Settings/Space Designer/05 Surround Spaces/01 Surround Rooms/02.9s Hansa Studio +.pst
Logic	pst	03.1s Aranno Sacristy	/Library/Application Support/Logic/Plug-In Settings/Space Designer/05 Surround Spaces/01 Surround Rooms/03.1s Aranno Sacristy.pst
Logic	pst	03.2s Michaelis Chapel	/Library/Application Support/Logic/Plug-In Settings/Space Designer/05 Surround Spaces/01 Surround Rooms/03.2s Michaelis Chapel.pst
Logic	pst	03.3s Chamber Four	/Library/Application Support/Logic/Plug-In Settings/Space Designer/05 Surround Spaces/01 Surround Rooms/03.3s Chamber Four.pst
Logic	pst	03.4s Chamber Three	/Library/Application Support/Logic/Plug-In Settings/Space Designer/05 Surround Spaces/01 Surround Rooms/03.4s Chamber Three.pst
Logic	pst	03.5s Chamber Two	/Library/Application Support/Logic/Plug-In Settings/Space Designer/05 Surround Spaces/01 Surround Rooms/03.5s Chamber Two.pst
Logic	pst	03.6s Grand Hall Three	/Library/Application Support/Logic/Plug-In Settings/Space Designer/05 Surround Spaces/01 Surround Rooms/03.6s Grand Hall Three.pst
Logic	pst	03.8s Grand Hall One	/Library/Application Support/Logic/Plug-In Settings/Space Designer/05 Surround Spaces/01 Surround Rooms/03.8s Grand Hall One.pst
Logic	pst	04.1s Grand Hall Two	/Library/Application Support/Logic/Plug-In Settings/Space Designer/05 Surround Spaces/01 Surround Rooms/04.1s Grand Hall Two.pst
Logic	pst	05.7s Chamber One	/Library/Application Support/Logic/Plug-In Settings/Space Designer/05 Surround Spaces/01 Surround Rooms/05.7s Chamber One.pst
Logic	pst	02.8s TV Studio	/Library/Application Support/Logic/Plug-In Settings/Space Designer/05 Surround Spaces/02 Surround Halls/02.8s TV Studio.pst
Logic	pst	03.2s Prison Small Hall	/Library/Application Support/Logic/Plug-In Settings/Space Designer/05 Surround Spaces/02 Surround Halls/03.2s Prison Small Hall.pst
Logic	pst	03.9s Prince Hall Three	/Library/Application Support/Logic/Plug-In Settings/Space Designer/05 Surround Spaces/02 Surround Halls/03.9s Prince Hall Three.pst
Logic	pst	04.0s Prison Med Hall	/Library/Application Support/Logic/Plug-In Settings/Space Designer/05 Surround Spaces/02 Surround Halls/04.0s Prison Med Hall.pst
Logic	pst	04.4s Ulm Chapel	/Library/Application Support/Logic/Plug-In Settings/Space Designer/05 Surround Spaces/02 Surround Halls/04.4s Ulm Chapel.pst
Logic	pst	05.0s Church Tower	/Library/Application Support/Logic/Plug-In Settings/Space Designer/05 Surround Spaces/02 Surround Halls/05.0s Church Tower.pst
Logic	pst	05.3s Aranno Chapel	/Library/Application Support/Logic/Plug-In Settings/Space Designer/05 Surround Spaces/02 Surround Halls/05.3s Aranno Chapel.pst
Logic	pst	05.3s Prison Main Floor	/Library/Application Support/Logic/Plug-In Settings/Space Designer/05 Surround Spaces/02 Surround Halls/05.3s Prison Main Floor.pst
Logic	pst	05.3s Sound Stage 12 +	/Library/Application Support/Logic/Plug-In Settings/Space Designer/05 Surround Spaces/02 Surround Halls/05.3s Sound Stage 12 +.pst
Logic	pst	05.4s Sound Stage 12	/Library/Application Support/Logic/Plug-In Settings/Space Designer/05 Surround Spaces/02 Surround Halls/05.4s Sound Stage 12.pst
Logic	pst	06.4s Ancient Church +	/Library/Application Support/Logic/Plug-In Settings/Space Designer/05 Surround Spaces/02 Surround Halls/06.4s Ancient Church +.pst
Logic	pst	06.8s Ancient Church	/Library/Application Support/Logic/Plug-In Settings/Space Designer/05 Surround Spaces/02 Surround Halls/06.8s Ancient Church.pst
Logic	pst	06.9s Opulent Ballroom	/Library/Application Support/Logic/Plug-In Settings/Space Designer/05 Surround Spaces/02 Surround Halls/06.9s Opulent Ballroom.pst
Logic	pst	06.9s Ulm Lobby	/Library/Application Support/Logic/Plug-In Settings/Space Designer/05 Surround Spaces/02 Surround Halls/06.9s Ulm Lobby.pst
Logic	pst	07.2s Michaelis Nave	/Library/Application Support/Logic/Plug-In Settings/Space Designer/05 Surround Spaces/02 Surround Halls/07.2s Michaelis Nave.pst
Logic	pst	07.3s Barracks Two	/Library/Application Support/Logic/Plug-In Settings/Space Designer/05 Surround Spaces/02 Surround Halls/07.3s Barracks Two.pst
Logic	pst	07.4s Botta Church	/Library/Application Support/Logic/Plug-In Settings/Space Designer/05 Surround Spaces/02 Surround Halls/07.4s Botta Church.pst
Logic	pst	07.9s Marble Church	/Library/Application Support/Logic/Plug-In Settings/Space Designer/05 Surround Spaces/02 Surround Halls/07.9s Marble Church.pst
Logic	pst	08.9s Bottom of Stairs	/Library/Application Support/Logic/Plug-In Settings/Space Designer/05 Surround Spaces/02 Surround Halls/08.9s Bottom of Stairs.pst
Logic	pst	10.3s Church Balcony	/Library/Application Support/Logic/Plug-In Settings/Space Designer/05 Surround Spaces/02 Surround Halls/10.3s Church Balcony.pst
Logic	pst	10.4s Abbey	/Library/Application Support/Logic/Plug-In Settings/Space Designer/05 Surround Spaces/02 Surround Halls/10.4s Abbey.pst
Logic	pst	10.4s Barracks One	/Library/Application Support/Logic/Plug-In Settings/Space Designer/05 Surround Spaces/02 Surround Halls/10.4s Barracks One.pst
Logic	pst	11.2s Conservatory	/Library/Application Support/Logic/Plug-In Settings/Space Designer/05 Surround Spaces/02 Surround Halls/11.2s Conservatory.pst
Logic	pst	11.9s Ulm Nave	/Library/Application Support/Logic/Plug-In Settings/Space Designer/05 Surround Spaces/02 Surround Halls/11.9s Ulm Nave.pst
Logic	pst	12.0s Conservatory +	/Library/Application Support/Logic/Plug-In Settings/Space Designer/05 Surround Spaces/02 Surround Halls/12.0s Conservatory +.pst
Logic	pst	13.9s Stairs Top Floor	/Library/Application Support/Logic/Plug-In Settings/Space Designer/05 Surround Spaces/02 Surround Halls/13.9s Stairs Top Floor.pst
Logic	pst	14.3s Stairs Mid Level	/Library/Application Support/Logic/Plug-In Settings/Space Designer/05 Surround Spaces/02 Surround Halls/14.3s Stairs Mid Level.pst
Logic	pst	01.7s Big Cave Entrance	/Library/Application Support/Logic/Plug-In Settings/Space Designer/05 Surround Spaces/03 Surround Indoor/01.7s Big Cave Entrance.pst
Logic	pst	02.5s Big Cave One	/Library/Application Support/Logic/Plug-In Settings/Space Designer/05 Surround Spaces/03 Surround Indoor/02.5s Big Cave One.pst
Logic	pst	02.6s Tiled Room	/Library/Application Support/Logic/Plug-In Settings/Space Designer/05 Surround Spaces/03 Surround Indoor/02.6s Tiled Room.pst
Logic	pst	02.9s Tiled Room +	/Library/Application Support/Logic/Plug-In Settings/Space Designer/05 Surround Spaces/03 Surround Indoor/02.9s Tiled Room +.pst
Logic	pst	03.5s Big Cave Two	/Library/Application Support/Logic/Plug-In Settings/Space Designer/05 Surround Spaces/03 Surround Indoor/03.5s Big Cave Two.pst
Logic	pst	03.9s Salt Mine Two	/Library/Application Support/Logic/Plug-In Settings/Space Designer/05 Surround Spaces/03 Surround Indoor/03.9s Salt Mine Two.pst
Logic	pst	04.2s Salt Mine One	/Library/Application Support/Logic/Plug-In Settings/Space Designer/05 Surround Spaces/03 Surround Indoor/04.2s Salt Mine One.pst
Logic	pst	10.4s Hangar One	/Library/Application Support/Logic/Plug-In Settings/Space Designer/05 Surround Spaces/03 Surround Indoor/10.4s Hangar One.pst
Logic	pst	18.7s Castle Lobby	/Library/Application Support/Logic/Plug-In Settings/Space Designer/05 Surround Spaces/03 Surround Indoor/18.7s Castle Lobby.pst
Logic	pst	02.5s Amphitheater	/Library/Application Support/Logic/Plug-In Settings/Space Designer/05 Surround Spaces/04 Surround Outdoor/02.5s Amphitheater.pst
Logic	pst	09.0s Soccer Field	/Library/Application Support/Logic/Plug-In Settings/Space Designer/05 Surround Spaces/04 Surround Outdoor/09.0s Soccer Field.pst
Logic	pst	09.4s Upper Echelons	/Library/Application Support/Logic/Plug-In Settings/Space Designer/05 Surround Spaces/04 Surround Outdoor/09.4s Upper Echelons.pst
Logic	pst	14.5s Dam Level One	/Library/Application Support/Logic/Plug-In Settings/Space Designer/05 Surround Spaces/04 Surround Outdoor/14.5s Dam Level One.pst
Logic	pst	20.2s Dam Level Two	/Library/Application Support/Logic/Plug-In Settings/Space Designer/05 Surround Spaces/04 Surround Outdoor/20.2s Dam Level Two.pst
Logic	pst	00.3s Drum Booth Three	/Library/Application Support/Logic/Plug-In Settings/Space Designer/06 HD Surround Spaces/01 HD Surround Rooms/00.3s Drum Booth Three.pst
Logic	pst	00.6s Drum Booth Four	/Library/Application Support/Logic/Plug-In Settings/Space Designer/06 HD Surround Spaces/01 HD Surround Rooms/00.6s Drum Booth Four.pst
Logic	pst	00.7s Drum Booth Two	/Library/Application Support/Logic/Plug-In Settings/Space Designer/06 HD Surround Spaces/01 HD Surround Rooms/00.7s Drum Booth Two.pst
Logic	pst	00.8s Drum Booth One	/Library/Application Support/Logic/Plug-In Settings/Space Designer/06 HD Surround Spaces/01 HD Surround Rooms/00.8s Drum Booth One.pst
Logic	pst	00.8s Hard Studio	/Library/Application Support/Logic/Plug-In Settings/Space Designer/06 HD Surround Spaces/01 HD Surround Rooms/00.8s Hard Studio.pst
Logic	pst	01.0s Live Stage	/Library/Application Support/Logic/Plug-In Settings/Space Designer/06 HD Surround Spaces/01 HD Surround Rooms/01.0s Live Stage.pst
Logic	pst	01.0s Villa Office	/Library/Application Support/Logic/Plug-In Settings/Space Designer/06 HD Surround Spaces/01 HD Surround Rooms/01.0s Villa Office.pst
Logic	pst	01.1s Recording Room	/Library/Application Support/Logic/Plug-In Settings/Space Designer/06 HD Surround Spaces/01 HD Surround Rooms/01.1s Recording Room.pst
Logic	pst	01.1s Villa Bathroom	/Library/Application Support/Logic/Plug-In Settings/Space Designer/06 HD Surround Spaces/01 HD Surround Rooms/01.1s Villa Bathroom.pst
Logic	pst	01.3s Villa Parlor	/Library/Application Support/Logic/Plug-In Settings/Space Designer/06 HD Surround Spaces/01 HD Surround Rooms/01.3s Villa Parlor.pst
Logic	pst	01.4s Villa Living Room	/Library/Application Support/Logic/Plug-In Settings/Space Designer/06 HD Surround Spaces/01 HD Surround Rooms/01.4s Villa Living Room.pst
Logic	pst	01.6s Villa Kitchen	/Library/Application Support/Logic/Plug-In Settings/Space Designer/06 HD Surround Spaces/01 HD Surround Rooms/01.6s Villa Kitchen.pst
Logic	pst	01.7s Prince Hall Two	/Library/Application Support/Logic/Plug-In Settings/Space Designer/06 HD Surround Spaces/01 HD Surround Rooms/01.7s Prince Hall Two.pst
Logic	pst	01.7s Villa Stairway	/Library/Application Support/Logic/Plug-In Settings/Space Designer/06 HD Surround Spaces/01 HD Surround Rooms/01.7s Villa Stairway.pst
Logic	pst	02.0s Villa Lobby	/Library/Application Support/Logic/Plug-In Settings/Space Designer/06 HD Surround Spaces/01 HD Surround Rooms/02.0s Villa Lobby.pst
Logic	pst	02.1s Prince Hall One	/Library/Application Support/Logic/Plug-In Settings/Space Designer/06 HD Surround Spaces/01 HD Surround Rooms/02.1s Prince Hall One.pst
Logic	pst	02.2s Michaelis Abbey	/Library/Application Support/Logic/Plug-In Settings/Space Designer/06 HD Surround Spaces/01 HD Surround Rooms/02.2s Michaelis Abbey.pst
Logic	pst	02.3s Archaic Courtroom	/Library/Application Support/Logic/Plug-In Settings/Space Designer/06 HD Surround Spaces/01 HD Surround Rooms/02.3s Archaic Courtroom.pst
Logic	pst	02.3s Villa Wine Cellar	/Library/Application Support/Logic/Plug-In Settings/Space Designer/06 HD Surround Spaces/01 HD Surround Rooms/02.3s Villa Wine Cellar.pst
Logic	pst	02.8s Aranno Sacristy	/Library/Application Support/Logic/Plug-In Settings/Space Designer/06 HD Surround Spaces/01 HD Surround Rooms/02.8s Aranno Sacristy.pst
Logic	pst	02.8s Hansa Studio	/Library/Application Support/Logic/Plug-In Settings/Space Designer/06 HD Surround Spaces/01 HD Surround Rooms/02.8s Hansa Studio.pst
Logic	pst	03.0s Chamber Three	/Library/Application Support/Logic/Plug-In Settings/Space Designer/06 HD Surround Spaces/01 HD Surround Rooms/03.0s Chamber Three.pst
Logic	pst	03.1s Chamber Four	/Library/Application Support/Logic/Plug-In Settings/Space Designer/06 HD Surround Spaces/01 HD Surround Rooms/03.1s Chamber Four.pst
Logic	pst	03.1s Michaelis Chapel	/Library/Application Support/Logic/Plug-In Settings/Space Designer/06 HD Surround Spaces/01 HD Surround Rooms/03.1s Michaelis Chapel.pst
Logic	pst	03.6s Chamber Two	/Library/Application Support/Logic/Plug-In Settings/Space Designer/06 HD Surround Spaces/01 HD Surround Rooms/03.6s Chamber Two.pst
Logic	pst	03.6s Grand Hall Three	/Library/Application Support/Logic/Plug-In Settings/Space Designer/06 HD Surround Spaces/01 HD Surround Rooms/03.6s Grand Hall Three.pst
Logic	pst	03.8s Grand Hall One	/Library/Application Support/Logic/Plug-In Settings/Space Designer/06 HD Surround Spaces/01 HD Surround Rooms/03.8s Grand Hall One.pst
Logic	pst	04.2s Grand Hall Two	/Library/Application Support/Logic/Plug-In Settings/Space Designer/06 HD Surround Spaces/01 HD Surround Rooms/04.2s Grand Hall Two.pst
Logic	pst	05.5s Chamber One	/Library/Application Support/Logic/Plug-In Settings/Space Designer/06 HD Surround Spaces/01 HD Surround Rooms/05.5s Chamber One.pst
Logic	pst	02.6s TV Studio	/Library/Application Support/Logic/Plug-In Settings/Space Designer/06 HD Surround Spaces/02 HD Surround Halls/02.6s TV Studio.pst
Logic	pst	03.2s Prison Small Hall	/Library/Application Support/Logic/Plug-In Settings/Space Designer/06 HD Surround Spaces/02 HD Surround Halls/03.2s Prison Small Hall.pst
Logic	pst	03.9s Prince Hall Three	/Library/Application Support/Logic/Plug-In Settings/Space Designer/06 HD Surround Spaces/02 HD Surround Halls/03.9s Prince Hall Three.pst
Logic	pst	04.0s Prison Med Hall	/Library/Application Support/Logic/Plug-In Settings/Space Designer/06 HD Surround Spaces/02 HD Surround Halls/04.0s Prison Med Hall.pst
Logic	pst	04.0s Ulm Chapel	/Library/Application Support/Logic/Plug-In Settings/Space Designer/06 HD Surround Spaces/02 HD Surround Halls/04.0s Ulm Chapel.pst
Logic	pst	05.0s Aranno Chapel	/Library/Application Support/Logic/Plug-In Settings/Space Designer/06 HD Surround Spaces/02 HD Surround Halls/05.0s Aranno Chapel.pst
Logic	pst	05.0s Church Tower	/Library/Application Support/Logic/Plug-In Settings/Space Designer/06 HD Surround Spaces/02 HD Surround Halls/05.0s Church Tower.pst
Logic	pst	05.3s Prison Main Floor	/Library/Application Support/Logic/Plug-In Settings/Space Designer/06 HD Surround Spaces/02 HD Surround Halls/05.3s Prison Main Floor.pst
Logic	pst	05.9s Sound Stage 12	/Library/Application Support/Logic/Plug-In Settings/Space Designer/06 HD Surround Spaces/02 HD Surround Halls/05.9s Sound Stage 12.pst
Logic	pst	06.4s Barracks Two	/Library/Application Support/Logic/Plug-In Settings/Space Designer/06 HD Surround Spaces/02 HD Surround Halls/06.4s Barracks Two.pst
Logic	pst	06.5s Ancient Church	/Library/Application Support/Logic/Plug-In Settings/Space Designer/06 HD Surround Spaces/02 HD Surround Halls/06.5s Ancient Church.pst
Logic	pst	06.8s Opulent Ballroom	/Library/Application Support/Logic/Plug-In Settings/Space Designer/06 HD Surround Spaces/02 HD Surround Halls/06.8s Opulent Ballroom.pst
Logic	pst	06.9s Ulm Lobby	/Library/Application Support/Logic/Plug-In Settings/Space Designer/06 HD Surround Spaces/02 HD Surround Halls/06.9s Ulm Lobby.pst
Logic	pst	07.0s Michaelis Nave	/Library/Application Support/Logic/Plug-In Settings/Space Designer/06 HD Surround Spaces/02 HD Surround Halls/07.0s Michaelis Nave.pst
Logic	pst	07.2s Botta Church	/Library/Application Support/Logic/Plug-In Settings/Space Designer/06 HD Surround Spaces/02 HD Surround Halls/07.2s Botta Church.pst
Logic	pst	07.4s Marble Church	/Library/Application Support/Logic/Plug-In Settings/Space Designer/06 HD Surround Spaces/02 HD Surround Halls/07.4s Marble Church.pst
Logic	pst	09.0s Bottom of Stairs	/Library/Application Support/Logic/Plug-In Settings/Space Designer/06 HD Surround Spaces/02 HD Surround Halls/09.0s Bottom of Stairs.pst
Logic	pst	09.6s Abbey	/Library/Application Support/Logic/Plug-In Settings/Space Designer/06 HD Surround Spaces/02 HD Surround Halls/09.6s Abbey.pst
Logic	pst	10.1s Barracks One	/Library/Application Support/Logic/Plug-In Settings/Space Designer/06 HD Surround Spaces/02 HD Surround Halls/10.1s Barracks One.pst
Logic	pst	10.3s Church Balcony	/Library/Application Support/Logic/Plug-In Settings/Space Designer/06 HD Surround Spaces/02 HD Surround Halls/10.3s Church Balcony.pst
Logic	pst	10.8s Conservatory	/Library/Application Support/Logic/Plug-In Settings/Space Designer/06 HD Surround Spaces/02 HD Surround Halls/10.8s Conservatory.pst
Logic	pst	11.2s Ulm Nave	/Library/Application Support/Logic/Plug-In Settings/Space Designer/06 HD Surround Spaces/02 HD Surround Halls/11.2s Ulm Nave.pst
Logic	pst	13.0s Stairs Top Floor	/Library/Application Support/Logic/Plug-In Settings/Space Designer/06 HD Surround Spaces/02 HD Surround Halls/13.0s Stairs Top Floor.pst
Logic	pst	14.8s Stairs Mid Level	/Library/Application Support/Logic/Plug-In Settings/Space Designer/06 HD Surround Spaces/02 HD Surround Halls/14.8s Stairs Mid Level.pst
Logic	pst	01.6s Big Cave Entrance	/Library/Application Support/Logic/Plug-In Settings/Space Designer/06 HD Surround Spaces/03 HD Surround Indoor/01.6s Big Cave Entrance.pst
Logic	pst	02.3s Tiled Room	/Library/Application Support/Logic/Plug-In Settings/Space Designer/06 HD Surround Spaces/03 HD Surround Indoor/02.3s Tiled Room.pst
Logic	pst	02.8s Big Cave One	/Library/Application Support/Logic/Plug-In Settings/Space Designer/06 HD Surround Spaces/03 HD Surround Indoor/02.8s Big Cave One.pst
Logic	pst	03.3s Big Cave Two	/Library/Application Support/Logic/Plug-In Settings/Space Designer/06 HD Surround Spaces/03 HD Surround Indoor/03.3s Big Cave Two.pst
Logic	pst	03.9s Salt Mine One	/Library/Application Support/Logic/Plug-In Settings/Space Designer/06 HD Surround Spaces/03 HD Surround Indoor/03.9s Salt Mine One.pst
Logic	pst	03.9s Salt Mine Two	/Library/Application Support/Logic/Plug-In Settings/Space Designer/06 HD Surround Spaces/03 HD Surround Indoor/03.9s Salt Mine Two.pst
Logic	pst	10.1s Hangar One	/Library/Application Support/Logic/Plug-In Settings/Space Designer/06 HD Surround Spaces/03 HD Surround Indoor/10.1s Hangar One.pst
Logic	pst	18.7s Castle Lobby	/Library/Application Support/Logic/Plug-In Settings/Space Designer/06 HD Surround Spaces/03 HD Surround Indoor/18.7s Castle Lobby.pst
Logic	pst	02.0s Amphitheater	/Library/Application Support/Logic/Plug-In Settings/Space Designer/06 HD Surround Spaces/04 HD Surround Outdoor/02.0s Amphitheater.pst
Logic	pst	08.2s Soccer Field	/Library/Application Support/Logic/Plug-In Settings/Space Designer/06 HD Surround Spaces/04 HD Surround Outdoor/08.2s Soccer Field.pst
Logic	pst	09.4s Upper Echelons	/Library/Application Support/Logic/Plug-In Settings/Space Designer/06 HD Surround Spaces/04 HD Surround Outdoor/09.4s Upper Echelons.pst
Logic	pst	14.3s Dam Level One	/Library/Application Support/Logic/Plug-In Settings/Space Designer/06 HD Surround Spaces/04 HD Surround Outdoor/14.3s Dam Level One.pst
Logic	pst	19.2s Dam Level Two	/Library/Application Support/Logic/Plug-In Settings/Space Designer/06 HD Surround Spaces/04 HD Surround Outdoor/19.2s Dam Level Two.pst
Logic	pst	#default	/Library/Application Support/Logic/Plug-In Settings/Spectral Gate/#default.pst
Logic	pst	Arctic Radio Broadcast	/Library/Application Support/Logic/Plug-In Settings/Spectral Gate/Arctic Radio Broadcast.pst
Logic	pst	Crunchy Bandpass	/Library/Application Support/Logic/Plug-In Settings/Spectral Gate/Crunchy Bandpass.pst
Logic	pst	Dark Super Energy	/Library/Application Support/Logic/Plug-In Settings/Spectral Gate/Dark Super Energy.pst
Logic	pst	Pure Super Energy	/Library/Application Support/Logic/Plug-In Settings/Spectral Gate/Pure Super Energy.pst
Logic	pst	Spectral Artifacts	/Library/Application Support/Logic/Plug-In Settings/Spectral Gate/Spectral Artifacts.pst
Logic	pst	Spectral Shadow	/Library/Application Support/Logic/Plug-In Settings/Spectral Gate/Spectral Shadow.pst
Logic	pst	Spectrality	/Library/Application Support/Logic/Plug-In Settings/Spectral Gate/Spectrality.pst
Logic	pst	Sub Bulbs	/Library/Application Support/Logic/Plug-In Settings/Spectral Gate/Sub Bulbs.pst
Logic	pst	Super Modulation	/Library/Application Support/Logic/Plug-In Settings/Spectral Gate/Super Modulation.pst
Logic	pst	#default	/Library/Application Support/Logic/Plug-In Settings/Spreader/#default.pst
Logic	pst	Dimensional Enhancer	/Library/Application Support/Logic/Plug-In Settings/Spreader/Dimensional Enhancer.pst
Logic	pst	Doubling Like Vocals	/Library/Application Support/Logic/Plug-In Settings/Spreader/Doubling Like Vocals.pst
Logic	pst	Drum Room Enhancer	/Library/Application Support/Logic/Plug-In Settings/Spreader/Drum Room Enhancer.pst
Logic	pst	Far & Wide Stereo Drum Room	/Library/Application Support/Logic/Plug-In Settings/Spreader/Far & Wide Stereo Drum Room.pst
Logic	pst	Stereo Phasing 01	/Library/Application Support/Logic/Plug-In Settings/Spreader/Stereo Phasing 01.pst
Logic	pst	Stereo Phasing 02	/Library/Application Support/Logic/Plug-In Settings/Spreader/Stereo Phasing 02.pst
Logic	pst	Stereo Spread	/Library/Application Support/Logic/Plug-In Settings/Spreader/Stereo Spread.pst
Logic	pst	Wide Up Stereo	/Library/Application Support/Logic/Plug-In Settings/Spreader/Wide Up Stereo.pst
Logic	pst	#default	/Library/Application Support/Logic/Plug-In Settings/Stereo Delay/#default.pst
Logic	pst	Dual Resonating	/Library/Application Support/Logic/Plug-In Settings/Stereo Delay/Dual Resonating.pst
Logic	pst	#default	/Library/Application Support/Logic/Plug-In Settings/Stereo Spread/#default.pst
Logic	pst	Light HF Spread	/Library/Application Support/Logic/Plug-In Settings/Stereo Spread/Light HF Spread.pst
Logic	pst	Light LF & HF Spread	/Library/Application Support/Logic/Plug-In Settings/Stereo Spread/Light LF & HF Spread.pst
Logic	pst	Medium HF Spread	/Library/Application Support/Logic/Plug-In Settings/Stereo Spread/Medium HF Spread.pst
Logic	pst	Medium LF & HF Spread	/Library/Application Support/Logic/Plug-In Settings/Stereo Spread/Medium LF & HF Spread.pst
Logic	pst	Medium Mid & HF Spread	/Library/Application Support/Logic/Plug-In Settings/Stereo Spread/Medium Mid & HF Spread.pst
Logic	pst	#default	/Library/Application Support/Logic/Plug-In Settings/Studio Bass/#default.pst
Logic	pst	Classic Full Slap	/Library/Application Support/Logic/Plug-In Settings/Studio Bass/Classic Full Slap.pst
Logic	pst	Classic Mellow	/Library/Application Support/Logic/Plug-In Settings/Studio Bass/Classic Mellow.pst
Logic	pst	Classic Muted	/Library/Application Support/Logic/Plug-In Settings/Studio Bass/Classic Muted.pst
Logic	pst	Modern Thin	/Library/Application Support/Logic/Plug-In Settings/Studio Bass/Modern Thin.pst
Logic	pst	Rock Bright	/Library/Application Support/Logic/Plug-In Settings/Studio Bass/Rock Bright.pst
Logic	pst	Rock Full Body	/Library/Application Support/Logic/Plug-In Settings/Studio Bass/Rock Full Body.pst
Logic	pst	Rock Stereo	/Library/Application Support/Logic/Plug-In Settings/Studio Bass/Rock Stereo.pst
Logic	pst	Session Dark & Muted	/Library/Application Support/Logic/Plug-In Settings/Studio Bass/Session Dark & Muted.pst
Logic	pst	Session Dark	/Library/Application Support/Logic/Plug-In Settings/Studio Bass/Session Dark.pst
Logic	pst	Sixties Half Muted	/Library/Application Support/Logic/Plug-In Settings/Studio Bass/Sixties Half Muted.pst
Logic	pst	Sixties Thin	/Library/Application Support/Logic/Plug-In Settings/Studio Bass/Sixties Thin.pst
Logic	pst	Upright Clean	/Library/Application Support/Logic/Plug-In Settings/Studio Bass/Upright Clean.pst
Logic	pst	80s Brass Stab	/Library/Application Support/Logic/Plug-In Settings/Studio Horns/Experimental/80s Brass Stab.pst
Logic	pst	Brass Pad	/Library/Application Support/Logic/Plug-In Settings/Studio Horns/Experimental/Brass Pad.pst
Logic	pst	Breath Controlled Alto Sax	/Library/Application Support/Logic/Plug-In Settings/Studio Horns/Experimental/Breath Controlled Alto Sax.pst
Logic	pst	Expressive Trumpet	/Library/Application Support/Logic/Plug-In Settings/Studio Horns/Experimental/Expressive Trumpet.pst
Logic	pst	Simple Tenor Sax	/Library/Application Support/Logic/Plug-In Settings/Studio Horns/Experimental/Simple Tenor Sax.pst
Logic	pst	Trombone Pad	/Library/Application Support/Logic/Plug-In Settings/Studio Horns/Experimental/Trombone Pad.pst
Logic	pst	Studio Alto Sax 1	/Library/Application Support/Logic/Plug-In Settings/Studio Horns/Lead Instruments/Studio Alto Sax 1.pst
Logic	pst	Studio Tenor Sax 1	/Library/Application Support/Logic/Plug-In Settings/Studio Horns/Lead Instruments/Studio Tenor Sax 1.pst
Logic	pst	Studio Trombone 1	/Library/Application Support/Logic/Plug-In Settings/Studio Horns/Lead Instruments/Studio Trombone 1.pst
Logic	pst	Studio Trumpet 1	/Library/Application Support/Logic/Plug-In Settings/Studio Horns/Lead Instruments/Studio Trumpet 1.pst
Logic	pst	Studio Alto Sax 2	/Library/Application Support/Logic/Plug-In Settings/Studio Horns/Secondary Instruments/Studio Alto Sax 2.pst
Logic	pst	Studio Baritone Sax	/Library/Application Support/Logic/Plug-In Settings/Studio Horns/Secondary Instruments/Studio Baritone Sax.pst
Logic	pst	Studio Bass Trombone	/Library/Application Support/Logic/Plug-In Settings/Studio Horns/Secondary Instruments/Studio Bass Trombone.pst
Logic	pst	Studio Tenor Sax 2	/Library/Application Support/Logic/Plug-In Settings/Studio Horns/Secondary Instruments/Studio Tenor Sax 2.pst
Logic	pst	Studio Trombone 2	/Library/Application Support/Logic/Plug-In Settings/Studio Horns/Secondary Instruments/Studio Trombone 2.pst
Logic	pst	Studio Trombone 3	/Library/Application Support/Logic/Plug-In Settings/Studio Horns/Secondary Instruments/Studio Trombone 3.pst
Logic	pst	Studio Trumpet 2	/Library/Application Support/Logic/Plug-In Settings/Studio Horns/Secondary Instruments/Studio Trumpet 2.pst
Logic	pst	Studio Trumpet 3	/Library/Application Support/Logic/Plug-In Settings/Studio Horns/Secondary Instruments/Studio Trumpet 3.pst
Logic	pst	Studio Trumpet 4	/Library/Application Support/Logic/Plug-In Settings/Studio Horns/Secondary Instruments/Studio Trumpet 4.pst
Logic	pst	Jazz Section	/Library/Application Support/Logic/Plug-In Settings/Studio Horns/Sections/Jazz Section.pst
Logic	pst	R&B Section	/Library/Application Support/Logic/Plug-In Settings/Studio Horns/Sections/R&B Section.pst
Logic	pst	Soul Section	/Library/Application Support/Logic/Plug-In Settings/Studio Horns/Sections/Soul Section.pst
Logic	pst	#default	/Library/Application Support/Logic/Plug-In Settings/Studio Piano/#default.pst
Logic	pst	Concert Grand - Default	/Library/Application Support/Logic/Plug-In Settings/Studio Piano/Concert Grand - Default.pst
Logic	pst	Concert Grand - Less Noise	/Library/Application Support/Logic/Plug-In Settings/Studio Piano/Concert Grand - Less Noise.pst
Logic	pst	Concert Grand - No Noise	/Library/Application Support/Logic/Plug-In Settings/Studio Piano/Concert Grand - No Noise.pst
Logic	pst	Studio Grand - 3-Mic-Mix	/Library/Application Support/Logic/Plug-In Settings/Studio Piano/Studio Grand - 3-Mic-Mix.pst
Logic	pst	Studio Grand - Default	/Library/Application Support/Logic/Plug-In Settings/Studio Piano/Studio Grand - Default.pst
Logic	pst	Studio Grand - Less Noise	/Library/Application Support/Logic/Plug-In Settings/Studio Piano/Studio Grand - Less Noise.pst
Logic	pst	Studio Grand - Noisy Mono	/Library/Application Support/Logic/Plug-In Settings/Studio Piano/Studio Grand - Noisy Mono.pst
Logic	pst	Studio Grand - Simply Mono	/Library/Application Support/Logic/Plug-In Settings/Studio Piano/Studio Grand - Simply Mono.pst
Logic	pst	Studio Grand - Wood	/Library/Application Support/Logic/Plug-In Settings/Studio Piano/Studio Grand - Wood.pst
Logic	pst	Vintage Upright - Country Club	/Library/Application Support/Logic/Plug-In Settings/Studio Piano/Vintage Upright - Country Club.pst
Logic	pst	Vintage Upright - Default	/Library/Application Support/Logic/Plug-In Settings/Studio Piano/Vintage Upright - Default.pst
Logic	pst	Vintage Upright - Living Room	/Library/Application Support/Logic/Plug-In Settings/Studio Piano/Vintage Upright - Living Room.pst
Logic	pst	Vintage Upright - Noisy Mono	/Library/Application Support/Logic/Plug-In Settings/Studio Piano/Vintage Upright - Noisy Mono.pst
Logic	pst	Vintage Upright - Recording Room	/Library/Application Support/Logic/Plug-In Settings/Studio Piano/Vintage Upright - Recording Room.pst
Logic	pst	Vintage Upright - Simply Mono	/Library/Application Support/Logic/Plug-In Settings/Studio Piano/Vintage Upright - Simply Mono.pst
Logic	pst	Vintage Upright - Wood	/Library/Application Support/Logic/Plug-In Settings/Studio Piano/Vintage Upright - Wood.pst
Logic	pst	Expression Controlled Violin	/Library/Application Support/Logic/Plug-In Settings/Studio Strings/Experimental/Expression Controlled Violin.pst
Logic	pst	Full Strings for Layers	/Library/Application Support/Logic/Plug-In Settings/Studio Strings/Experimental/Full Strings for Layers.pst
Logic	pst	Reverse Strings	/Library/Application Support/Logic/Plug-In Settings/Studio Strings/Experimental/Reverse Strings.pst
Logic	pst	Soft String Pad	/Library/Application Support/Logic/Plug-In Settings/Studio Strings/Experimental/Soft String Pad.pst
Logic	pst	String Machine	/Library/Application Support/Logic/Plug-In Settings/Studio Strings/Experimental/String Machine.pst
Logic	pst	Disco Strings	/Library/Application Support/Logic/Plug-In Settings/Studio Strings/Sections/Disco Strings.pst
Logic	pst	Singer Songwriter	/Library/Application Support/Logic/Plug-In Settings/Studio Strings/Sections/Singer Songwriter.pst
Logic	pst	Small Section	/Library/Application Support/Logic/Plug-In Settings/Studio Strings/Sections/Small Section.pst
Logic	pst	String Ensemble	/Library/Application Support/Logic/Plug-In Settings/Studio Strings/Sections/String Ensemble.pst
Logic	pst	Studio Cellos	/Library/Application Support/Logic/Plug-In Settings/Studio Strings/Single Instruments/Studio Cellos.pst
Logic	pst	Studio Double Basses	/Library/Application Support/Logic/Plug-In Settings/Studio Strings/Single Instruments/Studio Double Basses.pst
Logic	pst	Studio Violas	/Library/Application Support/Logic/Plug-In Settings/Studio Strings/Single Instruments/Studio Violas.pst
Logic	pst	Studio Violins 1	/Library/Application Support/Logic/Plug-In Settings/Studio Strings/Single Instruments/Studio Violins 1.pst
Logic	pst	Studio Violins 2	/Library/Application Support/Logic/Plug-In Settings/Studio Strings/Single Instruments/Studio Violins 2.pst
Logic	pst	#default	/Library/Application Support/Logic/Plug-In Settings/SubBass/#default.pst
Logic	pst	Bass Booster	/Library/Application Support/Logic/Plug-In Settings/SubBass/Bass Booster.pst
Logic	pst	Below The Kick	/Library/Application Support/Logic/Plug-In Settings/SubBass/Below The Kick.pst
Logic	pst	Deep Club Kick	/Library/Application Support/Logic/Plug-In Settings/SubBass/Deep Club Kick.pst
Logic	pst	Kick Warmer	/Library/Application Support/Logic/Plug-In Settings/SubBass/Kick Warmer.pst
Logic	pst	Sub Enhancer	/Library/Application Support/Logic/Plug-In Settings/SubBass/Sub Enhancer.pst
Logic	pst	Sub Pressure	/Library/Application Support/Logic/Plug-In Settings/SubBass/Sub Pressure.pst
Logic	pst	#default	/Library/Application Support/Logic/Plug-In Settings/Tape Delay/#default.pst
Logic	pst	Ultra Dub	/Library/Application Support/Logic/Plug-In Settings/Tape Delay/Ultra Dub.pst
Logic	pst	#default	/Library/Application Support/Logic/Plug-In Settings/Tremolo/#default.pst
Logic	pst	Deep Tremolo	/Library/Application Support/Logic/Plug-In Settings/Tremolo/Deep Tremolo.pst
Logic	pst	Fast Tremolo	/Library/Application Support/Logic/Plug-In Settings/Tremolo/Fast Tremolo.pst
Logic	pst	Hard Panning	/Library/Application Support/Logic/Plug-In Settings/Tremolo/Hard Panning.pst
Logic	pst	Mono Tremolo	/Library/Application Support/Logic/Plug-In Settings/Tremolo/Mono Tremolo.pst
Logic	pst	Reverse Ramp	/Library/Application Support/Logic/Plug-In Settings/Tremolo/Reverse Ramp.pst
Logic	pst	Slow Panning	/Library/Application Support/Logic/Plug-In Settings/Tremolo/Slow Panning.pst
Logic	pst	Soft Tremolo	/Library/Application Support/Logic/Plug-In Settings/Tremolo/Soft Tremolo.pst
Logic	pst	#default	/Library/Application Support/Logic/Plug-In Settings/Ultrabeat/#default.pst
Logic	pst	Adept Machine	/Library/Application Support/Logic/Plug-In Settings/Ultrabeat/01 Drum Kits/Adept Machine.pst
Logic	pst	African Kit	/Library/Application Support/Logic/Plug-In Settings/Ultrabeat/01 Drum Kits/African Kit.pst
Logic	pst	Analog Techno Kit	/Library/Application Support/Logic/Plug-In Settings/Ultrabeat/01 Drum Kits/Analog Techno Kit.pst
Logic	pst	Asian Kit	/Library/Application Support/Logic/Plug-In Settings/Ultrabeat/01 Drum Kits/Asian Kit.pst
Logic	pst	Big Beat Remix Kit	/Library/Application Support/Logic/Plug-In Settings/Ultrabeat/01 Drum Kits/Big Beat Remix Kit.pst
Logic	pst	Boutique 78	/Library/Application Support/Logic/Plug-In Settings/Ultrabeat/01 Drum Kits/Boutique 78.pst
Logic	pst	Boutique 808	/Library/Application Support/Logic/Plug-In Settings/Ultrabeat/01 Drum Kits/Boutique 808.pst
Logic	pst	Boutique 909	/Library/Application Support/Logic/Plug-In Settings/Ultrabeat/01 Drum Kits/Boutique 909.pst
Logic	pst	Boutique SP12	/Library/Application Support/Logic/Plug-In Settings/Ultrabeat/01 Drum Kits/Boutique SP12.pst
Logic	pst	Breaks Remix Kit	/Library/Application Support/Logic/Plug-In Settings/Ultrabeat/01 Drum Kits/Breaks Remix Kit.pst
Logic	pst	Broken Beat Kit 01	/Library/Application Support/Logic/Plug-In Settings/Ultrabeat/01 Drum Kits/Broken Beat Kit 01.pst
Logic	pst	Broken Beat Kit 02	/Library/Application Support/Logic/Plug-In Settings/Ultrabeat/01 Drum Kits/Broken Beat Kit 02.pst
Logic	pst	Classic Dub Kit 01	/Library/Application Support/Logic/Plug-In Settings/Ultrabeat/01 Drum Kits/Classic Dub Kit 01.pst
Logic	pst	Classic Dub Kit 02	/Library/Application Support/Logic/Plug-In Settings/Ultrabeat/01 Drum Kits/Classic Dub Kit 02.pst
Logic	pst	Classic Electro Kit	/Library/Application Support/Logic/Plug-In Settings/Ultrabeat/01 Drum Kits/Classic Electro Kit.pst
Logic	pst	Classic Hip Hop Remix Kit	/Library/Application Support/Logic/Plug-In Settings/Ultrabeat/01 Drum Kits/Classic Hip Hop Remix Kit.pst
Logic	pst	Classic Techno Kit	/Library/Application Support/Logic/Plug-In Settings/Ultrabeat/01 Drum Kits/Classic Techno Kit.pst
Logic	pst	Classic UK Hip Hop	/Library/Application Support/Logic/Plug-In Settings/Ultrabeat/01 Drum Kits/Classic UK Hip Hop.pst
Logic	pst	Deep House Kit	/Library/Application Support/Logic/Plug-In Settings/Ultrabeat/01 Drum Kits/Deep House Kit.pst
Logic	pst	Downtempo Kit 01	/Library/Application Support/Logic/Plug-In Settings/Ultrabeat/01 Drum Kits/Downtempo Kit 01.pst
Logic	pst	Downtempo Kit 02	/Library/Application Support/Logic/Plug-In Settings/Ultrabeat/01 Drum Kits/Downtempo Kit 02.pst
Logic	pst	Drag & Drop Samples	/Library/Application Support/Logic/Plug-In Settings/Ultrabeat/01 Drum Kits/Drag & Drop Samples.pst
Logic	pst	Drum & Bass Kit 01	/Library/Application Support/Logic/Plug-In Settings/Ultrabeat/01 Drum Kits/Drum & Bass Kit 01.pst
Logic	pst	Drum & Bass Kit 02	/Library/Application Support/Logic/Plug-In Settings/Ultrabeat/01 Drum Kits/Drum & Bass Kit 02.pst
Logic	pst	Dub Smash	/Library/Application Support/Logic/Plug-In Settings/Ultrabeat/01 Drum Kits/Dub Smash.pst
Logic	pst	Electro Bump	/Library/Application Support/Logic/Plug-In Settings/Ultrabeat/01 Drum Kits/Electro Bump.pst
Logic	pst	Electro House Kit	/Library/Application Support/Logic/Plug-In Settings/Ultrabeat/01 Drum Kits/Electro House Kit.pst
Logic	pst	Electronic Dub Kit	/Library/Application Support/Logic/Plug-In Settings/Ultrabeat/01 Drum Kits/Electronic Dub Kit.pst
Logic	pst	Epic Electro	/Library/Application Support/Logic/Plug-In Settings/Ultrabeat/01 Drum Kits/Epic Electro.pst
Logic	pst	Fizzy Beats	/Library/Application Support/Logic/Plug-In Settings/Ultrabeat/01 Drum Kits/Fizzy Beats.pst
Logic	pst	Funk Boogie Kit	/Library/Application Support/Logic/Plug-In Settings/Ultrabeat/01 Drum Kits/Funk Boogie Kit.pst
Logic	pst	Ghost Town Kit	/Library/Application Support/Logic/Plug-In Settings/Ultrabeat/01 Drum Kits/Ghost Town Kit.pst
Logic	pst	Grimy 909	/Library/Application Support/Logic/Plug-In Settings/Ultrabeat/01 Drum Kits/Grimy 909.pst
Logic	pst	Gritty Funk	/Library/Application Support/Logic/Plug-In Settings/Ultrabeat/01 Drum Kits/Gritty Funk.pst
Logic	pst	Hip Hop 90s Kit	/Library/Application Support/Logic/Plug-In Settings/Ultrabeat/01 Drum Kits/Hip Hop 90s Kit.pst
Logic	pst	Hip Hop Heavy Kit	/Library/Application Support/Logic/Plug-In Settings/Ultrabeat/01 Drum Kits/Hip Hop Heavy Kit.pst
Logic	pst	Hip Hop Kit	/Library/Application Support/Logic/Plug-In Settings/Ultrabeat/01 Drum Kits/Hip Hop Kit.pst
Logic	pst	Hip Hop Sly Kit	/Library/Application Support/Logic/Plug-In Settings/Ultrabeat/01 Drum Kits/Hip Hop Sly Kit.pst
Logic	pst	Hip Hop Tech Kit	/Library/Application Support/Logic/Plug-In Settings/Ultrabeat/01 Drum Kits/Hip Hop Tech Kit.pst
Logic	pst	Hit Machine	/Library/Application Support/Logic/Plug-In Settings/Ultrabeat/01 Drum Kits/Hit Machine.pst
Logic	pst	Human Beat Box	/Library/Application Support/Logic/Plug-In Settings/Ultrabeat/01 Drum Kits/Human Beat Box.pst
Logic	pst	IDM Elements 01	/Library/Application Support/Logic/Plug-In Settings/Ultrabeat/01 Drum Kits/IDM Elements 01.pst
Logic	pst	IDM Elements 02	/Library/Application Support/Logic/Plug-In Settings/Ultrabeat/01 Drum Kits/IDM Elements 02.pst
Logic	pst	IDM Kit 01	/Library/Application Support/Logic/Plug-In Settings/Ultrabeat/01 Drum Kits/IDM Kit 01.pst
Logic	pst	IDM Kit 02	/Library/Application Support/Logic/Plug-In Settings/Ultrabeat/01 Drum Kits/IDM Kit 02.pst
Logic	pst	Indian & Middle Eastern Kit	/Library/Application Support/Logic/Plug-In Settings/Ultrabeat/01 Drum Kits/Indian & Middle Eastern Kit.pst
Logic	pst	Indie Disco	/Library/Application Support/Logic/Plug-In Settings/Ultrabeat/01 Drum Kits/Indie Disco.pst
Logic	pst	Indie Live Kit	/Library/Application Support/Logic/Plug-In Settings/Ultrabeat/01 Drum Kits/Indie Live Kit.pst
Logic	pst	Italo Disco	/Library/Application Support/Logic/Plug-In Settings/Ultrabeat/01 Drum Kits/Italo Disco.pst
Logic	pst	Latin Kit	/Library/Application Support/Logic/Plug-In Settings/Ultrabeat/01 Drum Kits/Latin Kit.pst
Logic	pst	LoFi Glitch	/Library/Application Support/Logic/Plug-In Settings/Ultrabeat/01 Drum Kits/LoFi Glitch.pst
Logic	pst	Low Down Dub	/Library/Application Support/Logic/Plug-In Settings/Ultrabeat/01 Drum Kits/Low Down Dub.pst
Logic	pst	Major Crush	/Library/Application Support/Logic/Plug-In Settings/Ultrabeat/01 Drum Kits/Major Crush.pst
Logic	pst	Massive Beat	/Library/Application Support/Logic/Plug-In Settings/Ultrabeat/01 Drum Kits/Massive Beat.pst
Logic	pst	Minimal Electro Kit	/Library/Application Support/Logic/Plug-In Settings/Ultrabeat/01 Drum Kits/Minimal Electro Kit.pst
Logic	pst	Minimal Glitch	/Library/Application Support/Logic/Plug-In Settings/Ultrabeat/01 Drum Kits/Minimal Glitch.pst
Logic	pst	Minimal Hip Hop Kit	/Library/Application Support/Logic/Plug-In Settings/Ultrabeat/01 Drum Kits/Minimal Hip Hop Kit.pst
Logic	pst	Minimal Kit 01	/Library/Application Support/Logic/Plug-In Settings/Ultrabeat/01 Drum Kits/Minimal Kit 01.pst
Logic	pst	Minimal Kit 02	/Library/Application Support/Logic/Plug-In Settings/Ultrabeat/01 Drum Kits/Minimal Kit 02.pst
Logic	pst	Minimalistic	/Library/Application Support/Logic/Plug-In Settings/Ultrabeat/01 Drum Kits/Minimalistic.pst
Logic	pst	Modern Club	/Library/Application Support/Logic/Plug-In Settings/Ultrabeat/01 Drum Kits/Modern Club.pst
Logic	pst	Modern Machines	/Library/Application Support/Logic/Plug-In Settings/Ultrabeat/01 Drum Kits/Modern Machines.pst
Logic	pst	Nouveaux Disco Kit	/Library/Application Support/Logic/Plug-In Settings/Ultrabeat/01 Drum Kits/Nouveaux Disco Kit.pst
Logic	pst	Nu School Breaks Kit	/Library/Application Support/Logic/Plug-In Settings/Ultrabeat/01 Drum Kits/Nu School Breaks Kit.pst
Logic	pst	Old School Funk Remix Kit	/Library/Application Support/Logic/Plug-In Settings/Ultrabeat/01 Drum Kits/Old School Funk Remix Kit.pst
Logic	pst	Paris House Remix Kit	/Library/Application Support/Logic/Plug-In Settings/Ultrabeat/01 Drum Kits/Paris House Remix Kit.pst
Logic	pst	Pop RnB Kit	/Library/Application Support/Logic/Plug-In Settings/Ultrabeat/01 Drum Kits/Pop RnB Kit.pst
Logic	pst	Progressive House Kit	/Library/Application Support/Logic/Plug-In Settings/Ultrabeat/01 Drum Kits/Progressive House Kit.pst
Logic	pst	Pure Analog 01	/Library/Application Support/Logic/Plug-In Settings/Ultrabeat/01 Drum Kits/Pure Analog 01.pst
Logic	pst	Pure Analog 02	/Library/Application Support/Logic/Plug-In Settings/Ultrabeat/01 Drum Kits/Pure Analog 02.pst
Logic	pst	Retro Machines	/Library/Application Support/Logic/Plug-In Settings/Ultrabeat/01 Drum Kits/Retro Machines.pst
Logic	pst	RnB Lo Fi Kit	/Library/Application Support/Logic/Plug-In Settings/Ultrabeat/01 Drum Kits/RnB Lo Fi Kit.pst
Logic	pst	RnB Remix Kit	/Library/Application Support/Logic/Plug-In Settings/Ultrabeat/01 Drum Kits/RnB Remix Kit.pst
Logic	pst	Side Chain Gate	/Library/Application Support/Logic/Plug-In Settings/Ultrabeat/01 Drum Kits/Side Chain Gate.pst
Logic	pst	Side Chain Processor	/Library/Application Support/Logic/Plug-In Settings/Ultrabeat/01 Drum Kits/Side Chain Processor.pst
Logic	pst	Steely Beats	/Library/Application Support/Logic/Plug-In Settings/Ultrabeat/01 Drum Kits/Steely Beats.pst
Logic	pst	Studio Brush Kit	/Library/Application Support/Logic/Plug-In Settings/Ultrabeat/01 Drum Kits/Studio Brush Kit.pst
Logic	pst	Studio Tight Kit	/Library/Application Support/Logic/Plug-In Settings/Ultrabeat/01 Drum Kits/Studio Tight Kit.pst
Logic	pst	Synth Box	/Library/Application Support/Logic/Plug-In Settings/Ultrabeat/01 Drum Kits/Synth Box.pst
Logic	pst	Techno 808	/Library/Application Support/Logic/Plug-In Settings/Ultrabeat/01 Drum Kits/Techno 808.pst
Logic	pst	Trance Kit 01	/Library/Application Support/Logic/Plug-In Settings/Ultrabeat/01 Drum Kits/Trance Kit 01.pst
Logic	pst	Trance Kit 02	/Library/Application Support/Logic/Plug-In Settings/Ultrabeat/01 Drum Kits/Trance Kit 02.pst
Logic	pst	Trance Remix Kit	/Library/Application Support/Logic/Plug-In Settings/Ultrabeat/01 Drum Kits/Trance Remix Kit.pst
Logic	pst	Trip Hop Remix Kit	/Library/Application Support/Logic/Plug-In Settings/Ultrabeat/01 Drum Kits/Trip Hop Remix Kit.pst
Logic	pst	Unreal Acoustic	/Library/Application Support/Logic/Plug-In Settings/Ultrabeat/01 Drum Kits/Unreal Acoustic.pst
Logic	pst	Vintage 08 Kit	/Library/Application Support/Logic/Plug-In Settings/Ultrabeat/01 Drum Kits/Vintage 08 Kit.pst
Logic	pst	Vintage 09 Kit	/Library/Application Support/Logic/Plug-In Settings/Ultrabeat/01 Drum Kits/Vintage 09 Kit.pst
Logic	pst	Vintage Machines	/Library/Application Support/Logic/Plug-In Settings/Ultrabeat/01 Drum Kits/Vintage Machines.pst
Logic	pst	Vox Box	/Library/Application Support/Logic/Plug-In Settings/Ultrabeat/01 Drum Kits/Vox Box.pst
Logic	pst	Acoustic Hi-Hat Bank	/Library/Application Support/Logic/Plug-In Settings/Ultrabeat/02 Drum Banks/Acoustic Hi-Hat Bank.pst
Logic	pst	Acoustic Kick Bank	/Library/Application Support/Logic/Plug-In Settings/Ultrabeat/02 Drum Banks/Acoustic Kick Bank.pst
Logic	pst	Acoustic Snare Bank	/Library/Application Support/Logic/Plug-In Settings/Ultrabeat/02 Drum Banks/Acoustic Snare Bank.pst
Logic	pst	Analog Effects	/Library/Application Support/Logic/Plug-In Settings/Ultrabeat/02 Drum Banks/Analog Effects.pst
Logic	pst	Analog Hi-Hat Bank	/Library/Application Support/Logic/Plug-In Settings/Ultrabeat/02 Drum Banks/Analog Hi-Hat Bank.pst
Logic	pst	Analog Kick Drum Bank	/Library/Application Support/Logic/Plug-In Settings/Ultrabeat/02 Drum Banks/Analog Kick Drum Bank.pst
Logic	pst	Analog Percussion Bank	/Library/Application Support/Logic/Plug-In Settings/Ultrabeat/02 Drum Banks/Analog Percussion Bank.pst
Logic	pst	Analog Snare Bank	/Library/Application Support/Logic/Plug-In Settings/Ultrabeat/02 Drum Banks/Analog Snare Bank.pst
Logic	pst	Effects Bank	/Library/Application Support/Logic/Plug-In Settings/Ultrabeat/02 Drum Banks/Effects Bank.pst
Logic	pst	HiHat Bank	/Library/Application Support/Logic/Plug-In Settings/Ultrabeat/02 Drum Banks/HiHat Bank.pst
Logic	pst	Kick Bank	/Library/Application Support/Logic/Plug-In Settings/Ultrabeat/02 Drum Banks/Kick Bank.pst
Logic	pst	Percussion Bank	/Library/Application Support/Logic/Plug-In Settings/Ultrabeat/02 Drum Banks/Percussion Bank.pst
Logic	pst	Pure Synth Elements	/Library/Application Support/Logic/Plug-In Settings/Ultrabeat/02 Drum Banks/Pure Synth Elements.pst
Logic	pst	Snare Bank	/Library/Application Support/Logic/Plug-In Settings/Ultrabeat/02 Drum Banks/Snare Bank.pst
Logic	pst	Tutorial Kit	/Library/Application Support/Logic/Plug-In Settings/Ultrabeat/03 Tutorial Settings/Tutorial Kit.pst
Logic	pst	#default	/Library/Application Support/Logic/Plug-In Settings/Vintage Mellotron/#default.pst
Logic	pst	3 Violins	/Library/Application Support/Logic/Plug-In Settings/Vintage Mellotron/3 Violins.pst
Logic	pst	8 Choir & Flute	/Library/Application Support/Logic/Plug-In Settings/Vintage Mellotron/8 Choir & Flute.pst
Logic	pst	Boys Choir	/Library/Application Support/Logic/Plug-In Settings/Vintage Mellotron/Boys Choir.pst
Logic	pst	Brass	/Library/Application Support/Logic/Plug-In Settings/Vintage Mellotron/Brass.pst
Logic	pst	Cello	/Library/Application Support/Logic/Plug-In Settings/Vintage Mellotron/Cello.pst
Logic	pst	Flute	/Library/Application Support/Logic/Plug-In Settings/Vintage Mellotron/Flute.pst
Logic	pst	Flutes	/Library/Application Support/Logic/Plug-In Settings/Vintage Mellotron/Flutes.pst
Logic	pst	GC 3 Brass	/Library/Application Support/Logic/Plug-In Settings/Vintage Mellotron/GC 3 Brass.pst
Logic	pst	Mixed Choir	/Library/Application Support/Logic/Plug-In Settings/Vintage Mellotron/Mixed Choir.pst
Logic	pst	Strings & Flute	/Library/Application Support/Logic/Plug-In Settings/Vintage Mellotron/Strings & Flute.pst
Logic	pst	#default	/Library/Application Support/Logic/Plug-In Settings/Vocal Transformer/#default.pst
Logic	pst	Electric Sizzle	/Library/Application Support/Logic/Plug-In Settings/Vocal Transformer/Drum Loop Transform/Electric Sizzle.pst
Logic	pst	Low Format	/Library/Application Support/Logic/Plug-In Settings/Vocal Transformer/Drum Loop Transform/Low Format.pst
Logic	pst	Resonant	/Library/Application Support/Logic/Plug-In Settings/Vocal Transformer/Drum Loop Transform/Resonant.pst
Logic	pst	Spunky Loops	/Library/Application Support/Logic/Plug-In Settings/Vocal Transformer/Drum Loop Transform/Spunky Loops.pst
Logic	pst	Vocalize	/Library/Application Support/Logic/Plug-In Settings/Vocal Transformer/Drum Loop Transform/Vocalize.pst
Logic	pst	Ensemble Voice Bright	/Library/Application Support/Logic/Plug-In Settings/Vocal Transformer/Voices/Ensemble Voice Bright.pst
Logic	pst	Female Rap Double Dark	/Library/Application Support/Logic/Plug-In Settings/Vocal Transformer/Voices/Female Rap Double Dark.pst
Logic	pst	Female Rap Double High	/Library/Application Support/Logic/Plug-In Settings/Vocal Transformer/Voices/Female Rap Double High.pst
Logic	pst	Male Voice Double	/Library/Application Support/Logic/Plug-In Settings/Vocal Transformer/Voices/Male Voice Double.pst
Logic	pst	Male Voice Soft Double	/Library/Application Support/Logic/Plug-In Settings/Vocal Transformer/Voices/Male Voice Soft Double.pst
Logic	pst	Bright Transient Gate	/Library/Application Support/Logic/Plug-In Settings/Vocal Transformer/Warped Voices/Bright Transient Gate.pst
Logic	pst	Deep Transient Gate	/Library/Application Support/Logic/Plug-In Settings/Vocal Transformer/Warped Voices/Deep Transient Gate.pst
Logic	pst	Disguise Voice	/Library/Application Support/Logic/Plug-In Settings/Vocal Transformer/Warped Voices/Disguise Voice.pst
Logic	pst	Grain Synthesis Emulation	/Library/Application Support/Logic/Plug-In Settings/Vocal Transformer/Warped Voices/Grain Synthesis Emulation.pst
Logic	pst	Plasma Tunnel Alien	/Library/Application Support/Logic/Plug-In Settings/Vocal Transformer/Warped Voices/Plasma Tunnel Alien.pst
Logic	exs	Classical Piano	/Library/Application Support/Logic/Sampler Instruments/01 Acoustic Pianos/Classical Piano.exs
Logic	exs	Grand Piano+Bass	/Library/Application Support/Logic/Sampler Instruments/01 Acoustic Pianos/Grand Piano+Bass.exs
Logic	exs	Grand Piano+Pad	/Library/Application Support/Logic/Sampler Instruments/01 Acoustic Pianos/Grand Piano+Pad.exs
Logic	exs	Grand Piano+Strings 1	/Library/Application Support/Logic/Sampler Instruments/01 Acoustic Pianos/Grand Piano+Strings 1.exs
Logic	exs	Grand Piano	/Library/Application Support/Logic/Sampler Instruments/01 Acoustic Pianos/Grand Piano.exs
Logic	exs	Steinway Grand Piano 2	/Library/Application Support/Logic/Sampler Instruments/01 Acoustic Pianos/Steinway Grand Piano 2.exs
Logic	exs	Steinway Piano & Pad	/Library/Application Support/Logic/Sampler Instruments/01 Acoustic Pianos/Steinway Piano & Pad.exs
Logic	exs	Steinway Piano 2	/Library/Application Support/Logic/Sampler Instruments/01 Acoustic Pianos/Steinway Piano 2.exs
Logic	exs	Yamaha Grand Piano	/Library/Application Support/Logic/Sampler Instruments/01 Acoustic Pianos/Yamaha Grand Piano.exs
Logic	exs	Unplugged Bass	/Library/Application Support/Logic/Sampler Instruments/02 Bass/01 Acoustic Bass/Unplugged Bass.exs
Logic	exs	Upright Ballad Bass	/Library/Application Support/Logic/Sampler Instruments/02 Bass/01 Acoustic Bass/Upright Ballad Bass.exs
Logic	exs	Upright Jazz Bass	/Library/Application Support/Logic/Sampler Instruments/02 Bass/01 Acoustic Bass/Upright Jazz Bass.exs
Logic	exs	Aggressive Fretless	/Library/Application Support/Logic/Sampler Instruments/02 Bass/02 Electric Bass/Aggressive Fretless.exs
Logic	exs	Attitude Bass	/Library/Application Support/Logic/Sampler Instruments/02 Bass/02 Electric Bass/Attitude Bass.exs
Logic	exs	Ballad Electric Bass	/Library/Application Support/Logic/Sampler Instruments/02 Bass/02 Electric Bass/Ballad Electric Bass.exs
Logic	exs	Fingerstyle Electric Bass	/Library/Application Support/Logic/Sampler Instruments/02 Bass/02 Electric Bass/Fingerstyle Electric Bass.exs
Logic	exs	Fretless Electric Bass	/Library/Application Support/Logic/Sampler Instruments/02 Bass/02 Electric Bass/Fretless Electric Bass.exs
Logic	exs	Liverpool Bass	/Library/Application Support/Logic/Sampler Instruments/02 Bass/02 Electric Bass/Liverpool Bass.exs
Logic	exs	Liverpool	/Library/Application Support/Logic/Sampler Instruments/02 Bass/02 Electric Bass/Liverpool.exs
Logic	exs	Motown Bass	/Library/Application Support/Logic/Sampler Instruments/02 Bass/02 Electric Bass/Motown Bass.exs
Logic	exs	Muted Electric Bass	/Library/Application Support/Logic/Sampler Instruments/02 Bass/02 Electric Bass/Muted Electric Bass.exs
Logic	exs	Picked Electric Bass	/Library/Application Support/Logic/Sampler Instruments/02 Bass/02 Electric Bass/Picked Electric Bass.exs
Logic	exs	Picked Rock Bass	/Library/Application Support/Logic/Sampler Instruments/02 Bass/02 Electric Bass/Picked Rock Bass.exs
Logic	exs	Prog Rock Bass	/Library/Application Support/Logic/Sampler Instruments/02 Bass/02 Electric Bass/Prog Rock Bass.exs
Logic	exs	Session Bass	/Library/Application Support/Logic/Sampler Instruments/02 Bass/02 Electric Bass/Session Bass.exs
Logic	exs	Slapped Electric Bass	/Library/Application Support/Logic/Sampler Instruments/02 Bass/02 Electric Bass/Slapped Electric Bass.exs
Logic	exs	Stinger Bass	/Library/Application Support/Logic/Sampler Instruments/02 Bass/02 Electric Bass/Stinger Bass.exs
Logic	exs	Subby Bass	/Library/Application Support/Logic/Sampler Instruments/02 Bass/02 Electric Bass/Subby Bass.exs
Logic	exs	Thumbstroke Bass	/Library/Application Support/Logic/Sampler Instruments/02 Bass/02 Electric Bass/Thumbstroke Bass.exs
Logic	exs	Advanced FM	/Library/Application Support/Logic/Sampler Instruments/02 Bass/03 Synth Bass/Advanced FM.exs
Logic	exs	Bass + SQ	/Library/Application Support/Logic/Sampler Instruments/02 Bass/03 Synth Bass/Bass + SQ.exs
Logic	exs	Dark FM Bass	/Library/Application Support/Logic/Sampler Instruments/02 Bass/03 Synth Bass/Dark FM Bass.exs
Logic	exs	Dark FM Drive	/Library/Application Support/Logic/Sampler Instruments/02 Bass/03 Synth Bass/Dark FM Drive.exs
Logic	exs	Deep Bass	/Library/Application Support/Logic/Sampler Instruments/02 Bass/03 Synth Bass/Deep Bass.exs
Logic	exs	Dirty FM	/Library/Application Support/Logic/Sampler Instruments/02 Bass/03 Synth Bass/Dirty FM.exs
Logic	exs	Dyn DX Bass	/Library/Application Support/Logic/Sampler Instruments/02 Bass/03 Synth Bass/Dyn DX Bass.exs
Logic	exs	FB LAtt Bass	/Library/Application Support/Logic/Sampler Instruments/02 Bass/03 Synth Bass/FB LAtt Bass.exs
Logic	exs	FM Draht	/Library/Application Support/Logic/Sampler Instruments/02 Bass/03 Synth Bass/FM Draht.exs
Logic	exs	FM Powerbaz	/Library/Application Support/Logic/Sampler Instruments/02 Bass/03 Synth Bass/FM Powerbaz.exs
Logic	exs	FM Puls Bass	/Library/Application Support/Logic/Sampler Instruments/02 Bass/03 Synth Bass/FM Puls Bass.exs
Logic	exs	FM Punch Bass	/Library/Application Support/Logic/Sampler Instruments/02 Bass/03 Synth Bass/FM Punch Bass.exs
Logic	exs	Fat Sync Bass	/Library/Application Support/Logic/Sampler Instruments/02 Bass/03 Synth Bass/Fat Sync Bass.exs
Logic	exs	Hard Pluck Bass	/Library/Application Support/Logic/Sampler Instruments/02 Bass/03 Synth Bass/Hard Pluck Bass.exs
Logic	exs	Hard Pluck Drive	/Library/Application Support/Logic/Sampler Instruments/02 Bass/03 Synth Bass/Hard Pluck Drive.exs
Logic	exs	Human Bass	/Library/Application Support/Logic/Sampler Instruments/02 Bass/03 Synth Bass/Human Bass.exs
Logic	exs	JP8 OffBass	/Library/Application Support/Logic/Sampler Instruments/02 Bass/03 Synth Bass/JP8 OffBass.exs
Logic	exs	JP8 UniBass	/Library/Application Support/Logic/Sampler Instruments/02 Bass/03 Synth Bass/JP8 UniBass.exs
Logic	exs	JP8 UniSQ	/Library/Application Support/Logic/Sampler Instruments/02 Bass/03 Synth Bass/JP8 UniSQ.exs
Logic	exs	Klick Bass	/Library/Application Support/Logic/Sampler Instruments/02 Bass/03 Synth Bass/Klick Bass.exs
Logic	exs	Mini A Pitch	/Library/Application Support/Logic/Sampler Instruments/02 Bass/03 Synth Bass/Mini A Pitch.exs
Logic	exs	Mini A basic	/Library/Application Support/Logic/Sampler Instruments/02 Bass/03 Synth Bass/Mini A basic.exs
Logic	exs	Mini A dark Porta	/Library/Application Support/Logic/Sampler Instruments/02 Bass/03 Synth Bass/Mini A dark Porta.exs
Logic	exs	Mini A dark	/Library/Application Support/Logic/Sampler Instruments/02 Bass/03 Synth Bass/Mini A dark.exs
Logic	exs	Mini A short	/Library/Application Support/Logic/Sampler Instruments/02 Bass/03 Synth Bass/Mini A short.exs
Logic	exs	Mini D basic	/Library/Application Support/Logic/Sampler Instruments/02 Bass/03 Synth Bass/Mini D basic.exs
Logic	exs	Mini Pulse Bass	/Library/Application Support/Logic/Sampler Instruments/02 Bass/03 Synth Bass/Mini Pulse Bass.exs
Logic	exs	Mini Saw Bass	/Library/Application Support/Logic/Sampler Instruments/02 Bass/03 Synth Bass/Mini Saw Bass.exs
Logic	exs	Mini Square Attack + Stop	/Library/Application Support/Logic/Sampler Instruments/02 Bass/03 Synth Bass/Mini Square Attack + Stop.exs
Logic	exs	Mini Square fat	/Library/Application Support/Logic/Sampler Instruments/02 Bass/03 Synth Bass/Mini Square fat.exs
Logic	exs	Mini Square legato	/Library/Application Support/Logic/Sampler Instruments/02 Bass/03 Synth Bass/Mini Square legato.exs
Logic	exs	Minitune Bass	/Library/Application Support/Logic/Sampler Instruments/02 Bass/03 Synth Bass/Minitune Bass.exs
Logic	exs	Noise Bass	/Library/Application Support/Logic/Sampler Instruments/02 Bass/03 Synth Bass/Noise Bass.exs
Logic	exs	Noise Cut	/Library/Application Support/Logic/Sampler Instruments/02 Bass/03 Synth Bass/Noise Cut.exs
Logic	exs	Nordbass C	/Library/Application Support/Logic/Sampler Instruments/02 Bass/03 Synth Bass/Nordbass C.exs
Logic	exs	Octave saw TB	/Library/Application Support/Logic/Sampler Instruments/02 Bass/03 Synth Bass/Octave saw TB.exs
Logic	exs	Octave saw shortTB	/Library/Application Support/Logic/Sampler Instruments/02 Bass/03 Synth Bass/Octave saw shortTB.exs
Logic	exs	PWM  Soft Bass	/Library/Application Support/Logic/Sampler Instruments/02 Bass/03 Synth Bass/PWM  Soft Bass.exs
Logic	exs	PWM Dark Bass	/Library/Application Support/Logic/Sampler Instruments/02 Bass/03 Synth Bass/PWM Dark Bass.exs
Logic	exs	PWM Hard Bass	/Library/Application Support/Logic/Sampler Instruments/02 Bass/03 Synth Bass/PWM Hard Bass.exs
Logic	exs	PWM Medium Bass	/Library/Application Support/Logic/Sampler Instruments/02 Bass/03 Synth Bass/PWM Medium Bass.exs
Logic	exs	PWM Velo Bass	/Library/Application Support/Logic/Sampler Instruments/02 Bass/03 Synth Bass/PWM Velo Bass.exs
Logic	exs	Pluck Bass	/Library/Application Support/Logic/Sampler Instruments/02 Bass/03 Synth Bass/Pluck Bass.exs
Logic	exs	Pluck DX Bass	/Library/Application Support/Logic/Sampler Instruments/02 Bass/03 Synth Bass/Pluck DX Bass.exs
Logic	exs	Pluck DX Drive	/Library/Application Support/Logic/Sampler Instruments/02 Bass/03 Synth Bass/Pluck DX Drive.exs
Logic	exs	Pro Bass 1	/Library/Application Support/Logic/Sampler Instruments/02 Bass/03 Synth Bass/Pro Bass 1.exs
Logic	exs	Pro Bass 2	/Library/Application Support/Logic/Sampler Instruments/02 Bass/03 Synth Bass/Pro Bass 2.exs
Logic	exs	Pro Bass 3	/Library/Application Support/Logic/Sampler Instruments/02 Bass/03 Synth Bass/Pro Bass 3.exs
Logic	exs	Pro Bass 4	/Library/Application Support/Logic/Sampler Instruments/02 Bass/03 Synth Bass/Pro Bass 4.exs
Logic	exs	Pulsone Bass	/Library/Application Support/Logic/Sampler Instruments/02 Bass/03 Synth Bass/Pulsone Bass.exs
Logic	exs	Pulsone SQ	/Library/Application Support/Logic/Sampler Instruments/02 Bass/03 Synth Bass/Pulsone SQ.exs
Logic	exs	Pulstwo Punch	/Library/Application Support/Logic/Sampler Instruments/02 Bass/03 Synth Bass/Pulstwo Punch.exs
Logic	exs	Pulstwo TB	/Library/Application Support/Logic/Sampler Instruments/02 Bass/03 Synth Bass/Pulstwo TB.exs
Logic	exs	Rezz Off Bass	/Library/Application Support/Logic/Sampler Instruments/02 Bass/03 Synth Bass/Rezz Off Bass.exs
Logic	exs	Saw Legato	/Library/Application Support/Logic/Sampler Instruments/02 Bass/03 Synth Bass/Saw Legato.exs
Logic	exs	Sawline 12dB	/Library/Application Support/Logic/Sampler Instruments/02 Bass/03 Synth Bass/Sawline 12dB.exs
Logic	exs	Sawline 24dB	/Library/Application Support/Logic/Sampler Instruments/02 Bass/03 Synth Bass/Sawline 24dB.exs
Logic	exs	Sawone SQ	/Library/Application Support/Logic/Sampler Instruments/02 Bass/03 Synth Bass/Sawone SQ.exs
Logic	exs	Sawone TB	/Library/Application Support/Logic/Sampler Instruments/02 Bass/03 Synth Bass/Sawone TB.exs
Logic	exs	Sawone long	/Library/Application Support/Logic/Sampler Instruments/02 Bass/03 Synth Bass/Sawone long.exs
Logic	exs	Sawtwo Bass	/Library/Application Support/Logic/Sampler Instruments/02 Bass/03 Synth Bass/Sawtwo Bass.exs
Logic	exs	Sawtwo TB	/Library/Application Support/Logic/Sampler Instruments/02 Bass/03 Synth Bass/Sawtwo TB.exs
Logic	exs	Sawtwo short	/Library/Application Support/Logic/Sampler Instruments/02 Bass/03 Synth Bass/Sawtwo short.exs
Logic	exs	Sawvelo legato	/Library/Application Support/Logic/Sampler Instruments/02 Bass/03 Synth Bass/Sawvelo legato.exs
Logic	exs	Sawvelo	/Library/Application Support/Logic/Sampler Instruments/02 Bass/03 Synth Bass/Sawvelo.exs
Logic	exs	Short Bass	/Library/Application Support/Logic/Sampler Instruments/02 Bass/03 Synth Bass/Short Bass.exs
Logic	exs	Sine Sub Bass	/Library/Application Support/Logic/Sampler Instruments/02 Bass/03 Synth Bass/Sine Sub Bass.exs
Logic	exs	Sine Sub Decay	/Library/Application Support/Logic/Sampler Instruments/02 Bass/03 Synth Bass/Sine Sub Decay.exs
Logic	exs	Sine Sub Drive	/Library/Application Support/Logic/Sampler Instruments/02 Bass/03 Synth Bass/Sine Sub Drive.exs
Logic	exs	Square Long	/Library/Application Support/Logic/Sampler Instruments/02 Bass/03 Synth Bass/Square Long.exs
Logic	exs	Square Short	/Library/Application Support/Logic/Sampler Instruments/02 Bass/03 Synth Bass/Square Short.exs
Logic	exs	Sub Bass	/Library/Application Support/Logic/Sampler Instruments/02 Bass/03 Synth Bass/Sub Bass.exs
Logic	exs	Sync Bass	/Library/Application Support/Logic/Sampler Instruments/02 Bass/03 Synth Bass/Sync Bass.exs
Logic	exs	Synth Det Bass	/Library/Application Support/Logic/Sampler Instruments/02 Bass/03 Synth Bass/Synth Det Bass.exs
Logic	exs	Tornado Bass A Filter	/Library/Application Support/Logic/Sampler Instruments/02 Bass/03 Synth Bass/Tornado Bass A Filter.exs
Logic	exs	Tornado Bass A	/Library/Application Support/Logic/Sampler Instruments/02 Bass/03 Synth Bass/Tornado Bass A.exs
Logic	exs	Tornado Bass B Filter	/Library/Application Support/Logic/Sampler Instruments/02 Bass/03 Synth Bass/Tornado Bass B Filter.exs
Logic	exs	Tornado Bass B	/Library/Application Support/Logic/Sampler Instruments/02 Bass/03 Synth Bass/Tornado Bass B.exs
Logic	exs	Trance Bass	/Library/Application Support/Logic/Sampler Instruments/02 Bass/03 Synth Bass/Trance Bass.exs
Logic	exs	Trance dark	/Library/Application Support/Logic/Sampler Instruments/02 Bass/03 Synth Bass/Trance dark.exs
Logic	exs	Cavern Kit	/Library/Application Support/Logic/Sampler Instruments/03 Drums & Percussion/01 Acoustic Drum Kits/Cavern Kit.exs
Logic	exs	Dry Standard Kit	/Library/Application Support/Logic/Sampler Instruments/03 Drums & Percussion/01 Acoustic Drum Kits/Dry Standard Kit.exs
Logic	exs	Headbanger Kit	/Library/Application Support/Logic/Sampler Instruments/03 Drums & Percussion/01 Acoustic Drum Kits/Headbanger Kit.exs
Logic	exs	Indie Kit Live	/Library/Application Support/Logic/Sampler Instruments/03 Drums & Percussion/01 Acoustic Drum Kits/Indie Kit Live.exs
Logic	exs	Indie Kit	/Library/Application Support/Logic/Sampler Instruments/03 Drums & Percussion/01 Acoustic Drum Kits/Indie Kit.exs
Logic	exs	Jazz Kit	/Library/Application Support/Logic/Sampler Instruments/03 Drums & Percussion/01 Acoustic Drum Kits/Jazz Kit.exs
Logic	exs	Roadhouse Kit	/Library/Application Support/Logic/Sampler Instruments/03 Drums & Percussion/01 Acoustic Drum Kits/Roadhouse Kit.exs
Logic	exs	Rock Kit	/Library/Application Support/Logic/Sampler Instruments/03 Drums & Percussion/01 Acoustic Drum Kits/Rock Kit.exs
Logic	exs	Seventies Kit	/Library/Application Support/Logic/Sampler Instruments/03 Drums & Percussion/01 Acoustic Drum Kits/Seventies Kit.exs
Logic	exs	Stereo Drum Kit	/Library/Application Support/Logic/Sampler Instruments/03 Drums & Percussion/01 Acoustic Drum Kits/Stereo Drum Kit.exs
Logic	exs	Studio Brush Kit	/Library/Application Support/Logic/Sampler Instruments/03 Drums & Percussion/01 Acoustic Drum Kits/Studio Brush Kit.exs
Logic	exs	Studio Heavy Kit	/Library/Application Support/Logic/Sampler Instruments/03 Drums & Percussion/01 Acoustic Drum Kits/Studio Heavy Kit.exs
Logic	exs	Studio Tight Kit	/Library/Application Support/Logic/Sampler Instruments/03 Drums & Percussion/01 Acoustic Drum Kits/Studio Tight Kit.exs
Logic	exs	Studio Toolkit	/Library/Application Support/Logic/Sampler Instruments/03 Drums & Percussion/01 Acoustic Drum Kits/Studio Toolkit.exs
Logic	exs	Warehouse Kit	/Library/Application Support/Logic/Sampler Instruments/03 Drums & Percussion/01 Acoustic Drum Kits/Warehouse Kit.exs
Logic	exs	2-Step Remix	/Library/Application Support/Logic/Sampler Instruments/03 Drums & Percussion/02 Electronic Drum Kits/2-Step Remix.exs
Logic	exs	70s Rhythm Box	/Library/Application Support/Logic/Sampler Instruments/03 Drums & Percussion/02 Electronic Drum Kits/70s Rhythm Box.exs
Logic	exs	808 Flex Kit	/Library/Application Support/Logic/Sampler Instruments/03 Drums & Percussion/02 Electronic Drum Kits/808 Flex Kit.exs
Logic	exs	Boxy Hi-Hat	/Library/Application Support/Logic/Sampler Instruments/03 Drums & Percussion/02 Electronic Drum Kits/808 Hi-Hats/Boxy Hi-Hat.exs
Logic	exs	Bright Hi-Hat	/Library/Application Support/Logic/Sampler Instruments/03 Drums & Percussion/02 Electronic Drum Kits/808 Hi-Hats/Bright Hi-Hat.exs
Logic	exs	Clicky Hi-Hat	/Library/Application Support/Logic/Sampler Instruments/03 Drums & Percussion/02 Electronic Drum Kits/808 Hi-Hats/Clicky Hi-Hat.exs
Logic	exs	Deep Hi-Hat	/Library/Application Support/Logic/Sampler Instruments/03 Drums & Percussion/02 Electronic Drum Kits/808 Hi-Hats/Deep Hi-Hat.exs
Logic	exs	Glossy Hi-Hat	/Library/Application Support/Logic/Sampler Instruments/03 Drums & Percussion/02 Electronic Drum Kits/808 Hi-Hats/Glossy Hi-Hat.exs
Logic	exs	Loose Hi-Hat	/Library/Application Support/Logic/Sampler Instruments/03 Drums & Percussion/02 Electronic Drum Kits/808 Hi-Hats/Loose Hi-Hat.exs
Logic	exs	Platinum Hi-Hat	/Library/Application Support/Logic/Sampler Instruments/03 Drums & Percussion/02 Electronic Drum Kits/808 Hi-Hats/Platinum Hi-Hat.exs
Logic	exs	Pop'n Hi-Hat	/Library/Application Support/Logic/Sampler Instruments/03 Drums & Percussion/02 Electronic Drum Kits/808 Hi-Hats/Pop'n Hi-Hat.exs
Logic	exs	Rattler Hi-Hat	/Library/Application Support/Logic/Sampler Instruments/03 Drums & Percussion/02 Electronic Drum Kits/808 Hi-Hats/Rattler Hi-Hat.exs
Logic	exs	Shiny Hi-Hat	/Library/Application Support/Logic/Sampler Instruments/03 Drums & Percussion/02 Electronic Drum Kits/808 Hi-Hats/Shiny Hi-Hat.exs
Logic	exs	Silver Hi-Hat	/Library/Application Support/Logic/Sampler Instruments/03 Drums & Percussion/02 Electronic Drum Kits/808 Hi-Hats/Silver Hi-Hat.exs
Logic	exs	Snappy Hi-Hat	/Library/Application Support/Logic/Sampler Instruments/03 Drums & Percussion/02 Electronic Drum Kits/808 Hi-Hats/Snappy Hi-Hat.exs
Logic	exs	Steady Hi-Hat	/Library/Application Support/Logic/Sampler Instruments/03 Drums & Percussion/02 Electronic Drum Kits/808 Hi-Hats/Steady Hi-Hat.exs
Logic	exs	Sweet Hi-Hat	/Library/Application Support/Logic/Sampler Instruments/03 Drums & Percussion/02 Electronic Drum Kits/808 Hi-Hats/Sweet Hi-Hat.exs
Logic	exs	Tiny Hi-Hat	/Library/Application Support/Logic/Sampler Instruments/03 Drums & Percussion/02 Electronic Drum Kits/808 Hi-Hats/Tiny Hi-Hat.exs
Logic	exs	Above and Beyond	/Library/Application Support/Logic/Sampler Instruments/03 Drums & Percussion/02 Electronic Drum Kits/Above and Beyond.exs
Logic	exs	Absolute Zero	/Library/Application Support/Logic/Sampler Instruments/03 Drums & Percussion/02 Electronic Drum Kits/Absolute Zero.exs
Logic	exs	Abstract Thought	/Library/Application Support/Logic/Sampler Instruments/03 Drums & Percussion/02 Electronic Drum Kits/Abstract Thought.exs
Logic	exs	Acoustic Bump Kit	/Library/Application Support/Logic/Sampler Instruments/03 Drums & Percussion/02 Electronic Drum Kits/Acoustic Bump Kit.exs
Logic	exs	Advanced Machines	/Library/Application Support/Logic/Sampler Instruments/03 Drums & Percussion/02 Electronic Drum Kits/Advanced Machines.exs
Logic	exs	Agogo Funk Kit	/Library/Application Support/Logic/Sampler Instruments/03 Drums & Percussion/02 Electronic Drum Kits/Agogo Funk Kit.exs
Logic	exs	Alphabet City Kit	/Library/Application Support/Logic/Sampler Instruments/03 Drums & Percussion/02 Electronic Drum Kits/Alphabet City Kit.exs
Logic	exs	Amped Up Kit	/Library/Application Support/Logic/Sampler Instruments/03 Drums & Percussion/02 Electronic Drum Kits/Amped Up Kit.exs
Logic	exs	Analog Architecture Kit	/Library/Application Support/Logic/Sampler Instruments/03 Drums & Percussion/02 Electronic Drum Kits/Analog Architecture Kit.exs
Logic	exs	Analog Blaze Kit	/Library/Application Support/Logic/Sampler Instruments/03 Drums & Percussion/02 Electronic Drum Kits/Analog Blaze Kit.exs
Logic	exs	Analog Bliss Kit	/Library/Application Support/Logic/Sampler Instruments/03 Drums & Percussion/02 Electronic Drum Kits/Analog Bliss Kit.exs
Logic	exs	Analog Dream Kit	/Library/Application Support/Logic/Sampler Instruments/03 Drums & Percussion/02 Electronic Drum Kits/Analog Dream Kit.exs
Logic	exs	Analog Drive Kit	/Library/Application Support/Logic/Sampler Instruments/03 Drums & Percussion/02 Electronic Drum Kits/Analog Drive Kit.exs
Logic	exs	Analog Haze Kit	/Library/Application Support/Logic/Sampler Instruments/03 Drums & Percussion/02 Electronic Drum Kits/Analog Haze Kit.exs
Logic	exs	Analog Traces Kit	/Library/Application Support/Logic/Sampler Instruments/03 Drums & Percussion/02 Electronic Drum Kits/Analog Traces Kit.exs
Logic	exs	Ancient Space Kit	/Library/Application Support/Logic/Sampler Instruments/03 Drums & Percussion/02 Electronic Drum Kits/Ancient Space Kit.exs
Logic	exs	Arcade Frenzy Kit	/Library/Application Support/Logic/Sampler Instruments/03 Drums & Percussion/02 Electronic Drum Kits/Arcade Frenzy Kit.exs
Logic	exs	Battle Blocks	/Library/Application Support/Logic/Sampler Instruments/03 Drums & Percussion/02 Electronic Drum Kits/Battle Blocks.exs
Logic	exs	Big Bang Kit	/Library/Application Support/Logic/Sampler Instruments/03 Drums & Percussion/02 Electronic Drum Kits/Big Bang Kit.exs
Logic	exs	Big Beat Remix	/Library/Application Support/Logic/Sampler Instruments/03 Drums & Percussion/02 Electronic Drum Kits/Big Beat Remix.exs
Logic	exs	Big Bump Kit	/Library/Application Support/Logic/Sampler Instruments/03 Drums & Percussion/02 Electronic Drum Kits/Big Bump Kit.exs
Logic	exs	Birdland Cuts	/Library/Application Support/Logic/Sampler Instruments/03 Drums & Percussion/02 Electronic Drum Kits/Birdland Cuts.exs
Logic	exs	Blowing Speakers Kit	/Library/Application Support/Logic/Sampler Instruments/03 Drums & Percussion/02 Electronic Drum Kits/Blowing Speakers Kit.exs
Logic	exs	Breaks Remix	/Library/Application Support/Logic/Sampler Instruments/03 Drums & Percussion/02 Electronic Drum Kits/Breaks Remix.exs
Logic	exs	Bright Bass House Kit	/Library/Application Support/Logic/Sampler Instruments/03 Drums & Percussion/02 Electronic Drum Kits/Bright Bass House Kit.exs
Logic	exs	Brooklyn Borough Kit	/Library/Application Support/Logic/Sampler Instruments/03 Drums & Percussion/02 Electronic Drum Kits/Brooklyn Borough Kit.exs
Logic	exs	Bumper Kit	/Library/Application Support/Logic/Sampler Instruments/03 Drums & Percussion/02 Electronic Drum Kits/Bumper Kit.exs
Logic	exs	Burlington Kit	/Library/Application Support/Logic/Sampler Instruments/03 Drums & Percussion/02 Electronic Drum Kits/Burlington Kit.exs
Logic	exs	CR-78 Made Iconic	/Library/Application Support/Logic/Sampler Instruments/03 Drums & Percussion/02 Electronic Drum Kits/CR-78 Made Iconic.exs
Logic	exs	CR-8000 Processed Kit	/Library/Application Support/Logic/Sampler Instruments/03 Drums & Percussion/02 Electronic Drum Kits/CR-8000 Processed Kit.exs
Logic	exs	Chopped Up Kit	/Library/Application Support/Logic/Sampler Instruments/03 Drums & Percussion/02 Electronic Drum Kits/Chopped Up Kit.exs
Logic	exs	Chromatic Kit 1 Crush	/Library/Application Support/Logic/Sampler Instruments/03 Drums & Percussion/02 Electronic Drum Kits/Chromatic Kit 1 Crush.exs
Logic	exs	Chromatic Kit 1 FM	/Library/Application Support/Logic/Sampler Instruments/03 Drums & Percussion/02 Electronic Drum Kits/Chromatic Kit 1 FM.exs
Logic	exs	Chromatic Kit 1 Stereo	/Library/Application Support/Logic/Sampler Instruments/03 Drums & Percussion/02 Electronic Drum Kits/Chromatic Kit 1 Stereo.exs
Logic	exs	Chromatic Kit 2 Crush	/Library/Application Support/Logic/Sampler Instruments/03 Drums & Percussion/02 Electronic Drum Kits/Chromatic Kit 2 Crush.exs
Logic	exs	Chromatic Kit 2 FM	/Library/Application Support/Logic/Sampler Instruments/03 Drums & Percussion/02 Electronic Drum Kits/Chromatic Kit 2 FM.exs
Logic	exs	Chromatic Kit 2 Stereo	/Library/Application Support/Logic/Sampler Instruments/03 Drums & Percussion/02 Electronic Drum Kits/Chromatic Kit 2 Stereo.exs
Logic	exs	Chromatic Kit 3 Crush	/Library/Application Support/Logic/Sampler Instruments/03 Drums & Percussion/02 Electronic Drum Kits/Chromatic Kit 3 Crush.exs
Logic	exs	Chromatic Kit 3 FM	/Library/Application Support/Logic/Sampler Instruments/03 Drums & Percussion/02 Electronic Drum Kits/Chromatic Kit 3 FM.exs
Logic	exs	Chromatic Kit 3 Stereo	/Library/Application Support/Logic/Sampler Instruments/03 Drums & Percussion/02 Electronic Drum Kits/Chromatic Kit 3 Stereo.exs
Logic	exs	Chromatic Kit 4 Crush	/Library/Application Support/Logic/Sampler Instruments/03 Drums & Percussion/02 Electronic Drum Kits/Chromatic Kit 4 Crush.exs
Logic	exs	Chromatic Kit 4 FM	/Library/Application Support/Logic/Sampler Instruments/03 Drums & Percussion/02 Electronic Drum Kits/Chromatic Kit 4 FM.exs
Logic	exs	Chromatic Kit 4 Stereo	/Library/Application Support/Logic/Sampler Instruments/03 Drums & Percussion/02 Electronic Drum Kits/Chromatic Kit 4 Stereo.exs
Logic	exs	Classic Hip Hop Remix	/Library/Application Support/Logic/Sampler Instruments/03 Drums & Percussion/02 Electronic Drum Kits/Classic Hip Hop Remix.exs
Logic	exs	Classic House Remix	/Library/Application Support/Logic/Sampler Instruments/03 Drums & Percussion/02 Electronic Drum Kits/Classic House Remix.exs
Logic	exs	Clicks and Sticks Kit	/Library/Application Support/Logic/Sampler Instruments/03 Drums & Percussion/02 Electronic Drum Kits/Clicks and Sticks Kit.exs
Logic	exs	Compact Kit	/Library/Application Support/Logic/Sampler Instruments/03 Drums & Percussion/02 Electronic Drum Kits/Compact Kit.exs
Logic	exs	Console Operator	/Library/Application Support/Logic/Sampler Instruments/03 Drums & Percussion/02 Electronic Drum Kits/Console Operator.exs
Logic	exs	Control Voltage Kit	/Library/Application Support/Logic/Sampler Instruments/03 Drums & Percussion/02 Electronic Drum Kits/Control Voltage Kit.exs
Logic	exs	Cory's Foley Kit	/Library/Application Support/Logic/Sampler Instruments/03 Drums & Percussion/02 Electronic Drum Kits/Cory's Foley Kit.exs
Logic	exs	Cory's LinnDrum Kit	/Library/Application Support/Logic/Sampler Instruments/03 Drums & Percussion/02 Electronic Drum Kits/Cory's LinnDrum Kit.exs
Logic	exs	Cory's Rose Kit	/Library/Application Support/Logic/Sampler Instruments/03 Drums & Percussion/02 Electronic Drum Kits/Cory's Rose Kit.exs
Logic	exs	Cosmic Debris	/Library/Application Support/Logic/Sampler Instruments/03 Drums & Percussion/02 Electronic Drum Kits/Cosmic Debris.exs
Logic	exs	Cream Soda Kit	/Library/Application Support/Logic/Sampler Instruments/03 Drums & Percussion/02 Electronic Drum Kits/Cream Soda Kit.exs
Logic	exs	Dark Arts	/Library/Application Support/Logic/Sampler Instruments/03 Drums & Percussion/02 Electronic Drum Kits/Dark Arts.exs
Logic	exs	Dark Magic	/Library/Application Support/Logic/Sampler Instruments/03 Drums & Percussion/02 Electronic Drum Kits/Dark Magic.exs
Logic	exs	Dark Mystic Kit	/Library/Application Support/Logic/Sampler Instruments/03 Drums & Percussion/02 Electronic Drum Kits/Dark Mystic Kit.exs
Logic	exs	Dark Secrets Kit	/Library/Application Support/Logic/Sampler Instruments/03 Drums & Percussion/02 Electronic Drum Kits/Dark Secrets Kit.exs
Logic	exs	Deep Bass House Kit	/Library/Application Support/Logic/Sampler Instruments/03 Drums & Percussion/02 Electronic Drum Kits/Deep Bass House Kit.exs
Logic	exs	Deep Crunch	/Library/Application Support/Logic/Sampler Instruments/03 Drums & Percussion/02 Electronic Drum Kits/Deep Crunch.exs
Logic	exs	Deep End Kit	/Library/Application Support/Logic/Sampler Instruments/03 Drums & Percussion/02 Electronic Drum Kits/Deep End Kit.exs
Logic	exs	Dembow Kit	/Library/Application Support/Logic/Sampler Instruments/03 Drums & Percussion/02 Electronic Drum Kits/Dembow Kit.exs
Logic	exs	Doing Science	/Library/Application Support/Logic/Sampler Instruments/03 Drums & Percussion/02 Electronic Drum Kits/Doing Science.exs
Logic	exs	Double Vision	/Library/Application Support/Logic/Sampler Instruments/03 Drums & Percussion/02 Electronic Drum Kits/Double Vision.exs
Logic	exs	Drum 'N Bass Remix	/Library/Application Support/Logic/Sampler Instruments/03 Drums & Percussion/02 Electronic Drum Kits/Drum 'N Bass Remix.exs
Logic	exs	Dust Bowl Kit	/Library/Application Support/Logic/Sampler Instruments/03 Drums & Percussion/02 Electronic Drum Kits/Dust Bowl Kit.exs
Logic	exs	Dusty Memories	/Library/Application Support/Logic/Sampler Instruments/03 Drums & Percussion/02 Electronic Drum Kits/Dusty Memories.exs
Logic	exs	EXS 808	/Library/Application Support/Logic/Sampler Instruments/03 Drums & Percussion/02 Electronic Drum Kits/EXS 808.exs
Logic	exs	EXS 909	/Library/Application Support/Logic/Sampler Instruments/03 Drums & Percussion/02 Electronic Drum Kits/EXS 909.exs
Logic	exs	Electro Kit	/Library/Application Support/Logic/Sampler Instruments/03 Drums & Percussion/02 Electronic Drum Kits/Electro Kit.exs
Logic	exs	Electroclash Remix	/Library/Application Support/Logic/Sampler Instruments/03 Drums & Percussion/02 Electronic Drum Kits/Electroclash Remix.exs
Logic	exs	Electronic Pop Kit	/Library/Application Support/Logic/Sampler Instruments/03 Drums & Percussion/02 Electronic Drum Kits/Electronic Pop Kit.exs
Logic	exs	Euro Dance Remix	/Library/Application Support/Logic/Sampler Instruments/03 Drums & Percussion/02 Electronic Drum Kits/Euro Dance Remix.exs
Logic	exs	Fluid Shadow Kit	/Library/Application Support/Logic/Sampler Instruments/03 Drums & Percussion/02 Electronic Drum Kits/Fluid Shadow Kit.exs
Logic	exs	Found Sound Kit	/Library/Application Support/Logic/Sampler Instruments/03 Drums & Percussion/02 Electronic Drum Kits/Found Sound Kit.exs
Logic	exs	Future Breaks Kit	/Library/Application Support/Logic/Sampler Instruments/03 Drums & Percussion/02 Electronic Drum Kits/Future Breaks Kit.exs
Logic	exs	Future Flex	/Library/Application Support/Logic/Sampler Instruments/03 Drums & Percussion/02 Electronic Drum Kits/Future Flex.exs
Logic	exs	Goa Remix	/Library/Application Support/Logic/Sampler Instruments/03 Drums & Percussion/02 Electronic Drum Kits/Goa Remix.exs
Logic	exs	Green Lights Kit	/Library/Application Support/Logic/Sampler Instruments/03 Drums & Percussion/02 Electronic Drum Kits/Green Lights Kit.exs
Logic	exs	Grimey Funk Kit	/Library/Application Support/Logic/Sampler Instruments/03 Drums & Percussion/02 Electronic Drum Kits/Grimey Funk Kit.exs
Logic	exs	H-Town Fire	/Library/Application Support/Logic/Sampler Instruments/03 Drums & Percussion/02 Electronic Drum Kits/H-Town Fire.exs
Logic	exs	Hacienda Kit	/Library/Application Support/Logic/Sampler Instruments/03 Drums & Percussion/02 Electronic Drum Kits/Hacienda Kit.exs
Logic	exs	Hard Bass House Kit	/Library/Application Support/Logic/Sampler Instruments/03 Drums & Percussion/02 Electronic Drum Kits/Hard Bass House Kit.exs
Logic	exs	Hard Bounce Kit	/Library/Application Support/Logic/Sampler Instruments/03 Drums & Percussion/02 Electronic Drum Kits/Hard Bounce Kit.exs
Logic	exs	Hard Knock Kit	/Library/Application Support/Logic/Sampler Instruments/03 Drums & Percussion/02 Electronic Drum Kits/Hard Knock Kit.exs
Logic	exs	Hard Knocking Kit	/Library/Application Support/Logic/Sampler Instruments/03 Drums & Percussion/02 Electronic Drum Kits/Hard Knocking Kit.exs
Logic	exs	Hard Techno Remix	/Library/Application Support/Logic/Sampler Instruments/03 Drums & Percussion/02 Electronic Drum Kits/Hard Techno Remix.exs
Logic	exs	Hardwired	/Library/Application Support/Logic/Sampler Instruments/03 Drums & Percussion/02 Electronic Drum Kits/Hardwired.exs
Logic	exs	Heavy Bass House Kit	/Library/Application Support/Logic/Sampler Instruments/03 Drums & Percussion/02 Electronic Drum Kits/Heavy Bass House Kit.exs
Logic	exs	Heavy Industry	/Library/Application Support/Logic/Sampler Instruments/03 Drums & Percussion/02 Electronic Drum Kits/Heavy Industry.exs
Logic	exs	Hillsborough Kit	/Library/Application Support/Logic/Sampler Instruments/03 Drums & Percussion/02 Electronic Drum Kits/Hillsborough Kit.exs
Logic	exs	Hip Hop Remix	/Library/Application Support/Logic/Sampler Instruments/03 Drums & Percussion/02 Electronic Drum Kits/Hip Hop Remix.exs
Logic	exs	Hit Synth Kit	/Library/Application Support/Logic/Sampler Instruments/03 Drums & Percussion/02 Electronic Drum Kits/Hit Synth Kit.exs
Logic	exs	Hollywood Foley	/Library/Application Support/Logic/Sampler Instruments/03 Drums & Percussion/02 Electronic Drum Kits/Hollywood Foley.exs
Logic	exs	Human Beat Box	/Library/Application Support/Logic/Sampler Instruments/03 Drums & Percussion/02 Electronic Drum Kits/Human Beat Box.exs
Logic	exs	Human Body Rhythm Effects	/Library/Application Support/Logic/Sampler Instruments/03 Drums & Percussion/02 Electronic Drum Kits/Human Body Rhythm Effects.exs
Logic	exs	Human Body Sound Effects	/Library/Application Support/Logic/Sampler Instruments/03 Drums & Percussion/02 Electronic Drum Kits/Human Body Sound Effects.exs
Logic	exs	Hybrid Grime	/Library/Application Support/Logic/Sampler Instruments/03 Drums & Percussion/02 Electronic Drum Kits/Hybrid Grime.exs
Logic	exs	Hybrid Knock Kit	/Library/Application Support/Logic/Sampler Instruments/03 Drums & Percussion/02 Electronic Drum Kits/Hybrid Knock Kit.exs
Logic	exs	In The Kitchen	/Library/Application Support/Logic/Sampler Instruments/03 Drums & Percussion/02 Electronic Drum Kits/In The Kitchen.exs
Logic	exs	Infinity Kit	/Library/Application Support/Logic/Sampler Instruments/03 Drums & Percussion/02 Electronic Drum Kits/Infinity Kit.exs
Logic	exs	Interchange Kit	/Library/Application Support/Logic/Sampler Instruments/03 Drums & Percussion/02 Electronic Drum Kits/Interchange Kit.exs
Logic	exs	Jagged Edges Kit	/Library/Application Support/Logic/Sampler Instruments/03 Drums & Percussion/02 Electronic Drum Kits/Jagged Edges Kit.exs
Logic	exs	Knick Knack Kit	/Library/Application Support/Logic/Sampler Instruments/03 Drums & Percussion/02 Electronic Drum Kits/Knick Knack Kit.exs
Logic	exs	Laser Battle Kit	/Library/Application Support/Logic/Sampler Instruments/03 Drums & Percussion/02 Electronic Drum Kits/Laser Battle Kit.exs
Logic	exs	LinnDrum Processed Kit	/Library/Application Support/Logic/Sampler Instruments/03 Drums & Percussion/02 Electronic Drum Kits/LinnDrum Processed Kit.exs
Logic	exs	LinnDrum Tuned Down	/Library/Application Support/Logic/Sampler Instruments/03 Drums & Percussion/02 Electronic Drum Kits/LinnDrum Tuned Down.exs
Logic	exs	Live Feel Kit	/Library/Application Support/Logic/Sampler Instruments/03 Drums & Percussion/02 Electronic Drum Kits/Live Feel Kit.exs
Logic	exs	Lo-Fi Feels Kit	/Library/Application Support/Logic/Sampler Instruments/03 Drums & Percussion/02 Electronic Drum Kits/Lo-Fi Feels Kit.exs
Logic	exs	Lo-Fi Funk Kit	/Library/Application Support/Logic/Sampler Instruments/03 Drums & Percussion/02 Electronic Drum Kits/Lo-Fi Funk Kit.exs
Logic	exs	Lo-Fi Hype	/Library/Application Support/Logic/Sampler Instruments/03 Drums & Percussion/02 Electronic Drum Kits/Lo-Fi Hype.exs
Logic	exs	Lo-Fi Remix	/Library/Application Support/Logic/Sampler Instruments/03 Drums & Percussion/02 Electronic Drum Kits/Lo-Fi Remix.exs
Logic	exs	LowTech Funk	/Library/Application Support/Logic/Sampler Instruments/03 Drums & Percussion/02 Electronic Drum Kits/LowTech Funk.exs
Logic	exs	Lunar Bump Kit	/Library/Application Support/Logic/Sampler Instruments/03 Drums & Percussion/02 Electronic Drum Kits/Lunar Bump Kit.exs
Logic	exs	Metallic Edges	/Library/Application Support/Logic/Sampler Instruments/03 Drums & Percussion/02 Electronic Drum Kits/Metallic Edges.exs
Logic	exs	Micro Modular Kit	/Library/Application Support/Logic/Sampler Instruments/03 Drums & Percussion/02 Electronic Drum Kits/Micro Modular Kit.exs
Logic	exs	Midnight Vanguard	/Library/Application Support/Logic/Sampler Instruments/03 Drums & Percussion/02 Electronic Drum Kits/Midnight Vanguard.exs
Logic	exs	Minimalist Kit	/Library/Application Support/Logic/Sampler Instruments/03 Drums & Percussion/02 Electronic Drum Kits/Minimalist Kit.exs
Logic	exs	Mixed Boom Bap	/Library/Application Support/Logic/Sampler Instruments/03 Drums & Percussion/02 Electronic Drum Kits/Mixed Boom Bap.exs
Logic	exs	Mixed Up Kit	/Library/Application Support/Logic/Sampler Instruments/03 Drums & Percussion/02 Electronic Drum Kits/Mixed Up Kit.exs
Logic	exs	Modern 808	/Library/Application Support/Logic/Sampler Instruments/03 Drums & Percussion/02 Electronic Drum Kits/Modern 808.exs
Logic	exs	Modern 909	/Library/Application Support/Logic/Sampler Instruments/03 Drums & Percussion/02 Electronic Drum Kits/Modern 909.exs
Logic	exs	Modern Chiptune	/Library/Application Support/Logic/Sampler Instruments/03 Drums & Percussion/02 Electronic Drum Kits/Modern Chiptune.exs
Logic	exs	Modern Disco Kit	/Library/Application Support/Logic/Sampler Instruments/03 Drums & Percussion/02 Electronic Drum Kits/Modern Disco Kit.exs
Logic	exs	Modern Knock	/Library/Application Support/Logic/Sampler Instruments/03 Drums & Percussion/02 Electronic Drum Kits/Modern Knock.exs
Logic	exs	Modern Throwback	/Library/Application Support/Logic/Sampler Instruments/03 Drums & Percussion/02 Electronic Drum Kits/Modern Throwback.exs
Logic	exs	Modular Drop Kit	/Library/Application Support/Logic/Sampler Instruments/03 Drums & Percussion/02 Electronic Drum Kits/Modular Drop Kit.exs
Logic	exs	Modular Mayhem Kit	/Library/Application Support/Logic/Sampler Instruments/03 Drums & Percussion/02 Electronic Drum Kits/Modular Mayhem Kit.exs
Logic	exs	Modular Space Kit	/Library/Application Support/Logic/Sampler Instruments/03 Drums & Percussion/02 Electronic Drum Kits/Modular Space Kit.exs
Logic	exs	Mystic Groove Kit	/Library/Application Support/Logic/Sampler Instruments/03 Drums & Percussion/02 Electronic Drum Kits/Mystic Groove Kit.exs
Logic	exs	Natural Bass House Kit	/Library/Application Support/Logic/Sampler Instruments/03 Drums & Percussion/02 Electronic Drum Kits/Natural Bass House Kit.exs
Logic	exs	Natural Structures Kit	/Library/Application Support/Logic/Sampler Instruments/03 Drums & Percussion/02 Electronic Drum Kits/Natural Structures Kit.exs
Logic	exs	Old School 8-Bit	/Library/Application Support/Logic/Sampler Instruments/03 Drums & Percussion/02 Electronic Drum Kits/Old School 8-Bit.exs
Logic	exs	Old School Funk Remix	/Library/Application Support/Logic/Sampler Instruments/03 Drums & Percussion/02 Electronic Drum Kits/Old School Funk Remix.exs
Logic	exs	Overdrive Bump	/Library/Application Support/Logic/Sampler Instruments/03 Drums & Percussion/02 Electronic Drum Kits/Overdrive Bump.exs
Logic	exs	Paris House Remix	/Library/Application Support/Logic/Sampler Instruments/03 Drums & Percussion/02 Electronic Drum Kits/Paris House Remix.exs
Logic	exs	Pawn Shop 808	/Library/Application Support/Logic/Sampler Instruments/03 Drums & Percussion/02 Electronic Drum Kits/Pawn Shop 808.exs
Logic	exs	Phantoms Kit	/Library/Application Support/Logic/Sampler Instruments/03 Drums & Percussion/02 Electronic Drum Kits/Phantoms Kit.exs
Logic	exs	Platinum Dreams	/Library/Application Support/Logic/Sampler Instruments/03 Drums & Percussion/02 Electronic Drum Kits/Platinum Dreams.exs
Logic	exs	Platinum Kit	/Library/Application Support/Logic/Sampler Instruments/03 Drums & Percussion/02 Electronic Drum Kits/Platinum Kit.exs
Logic	exs	Plonky Modular Kit	/Library/Application Support/Logic/Sampler Instruments/03 Drums & Percussion/02 Electronic Drum Kits/Plonky Modular Kit.exs
Logic	exs	Popping Bits	/Library/Application Support/Logic/Sampler Instruments/03 Drums & Percussion/02 Electronic Drum Kits/Popping Bits.exs
Logic	exs	Precious Gems Kit	/Library/Application Support/Logic/Sampler Instruments/03 Drums & Percussion/02 Electronic Drum Kits/Precious Gems Kit.exs
Logic	exs	Prismatica Kit	/Library/Application Support/Logic/Sampler Instruments/03 Drums & Percussion/02 Electronic Drum Kits/Prismatica Kit.exs
Logic	exs	Pucker Pop Kit	/Library/Application Support/Logic/Sampler Instruments/03 Drums & Percussion/02 Electronic Drum Kits/Pucker Pop Kit.exs
Logic	exs	Pure House Kit	/Library/Application Support/Logic/Sampler Instruments/03 Drums & Percussion/02 Electronic Drum Kits/Pure House Kit.exs
Logic	exs	R&B Kit	/Library/Application Support/Logic/Sampler Instruments/03 Drums & Percussion/02 Electronic Drum Kits/R&B Kit.exs
Logic	exs	R&B Remix	/Library/Application Support/Logic/Sampler Instruments/03 Drums & Percussion/02 Electronic Drum Kits/R&B Remix.exs
Logic	exs	Radiant Flow Kit	/Library/Application Support/Logic/Sampler Instruments/03 Drums & Percussion/02 Electronic Drum Kits/Radiant Flow Kit.exs
Logic	exs	Radium Strobe	/Library/Application Support/Logic/Sampler Instruments/03 Drums & Percussion/02 Electronic Drum Kits/Radium Strobe.exs
Logic	exs	Red Line Kit	/Library/Application Support/Logic/Sampler Instruments/03 Drums & Percussion/02 Electronic Drum Kits/Red Line Kit.exs
Logic	exs	Retro Box Kit	/Library/Application Support/Logic/Sampler Instruments/03 Drums & Percussion/02 Electronic Drum Kits/Retro Box Kit.exs
Logic	exs	Roland CR-78 Kit	/Library/Application Support/Logic/Sampler Instruments/03 Drums & Percussion/02 Electronic Drum Kits/Roland CR-78 Kit.exs
Logic	exs	Roland CR-78 Processed Kit	/Library/Application Support/Logic/Sampler Instruments/03 Drums & Percussion/02 Electronic Drum Kits/Roland CR-78 Processed Kit.exs
Logic	exs	Roland TR-606 Kit	/Library/Application Support/Logic/Sampler Instruments/03 Drums & Percussion/02 Electronic Drum Kits/Roland TR-606 Kit.exs
Logic	exs	Roland TR-606 Processed Kit	/Library/Application Support/Logic/Sampler Instruments/03 Drums & Percussion/02 Electronic Drum Kits/Roland TR-606 Processed Kit.exs
Logic	exs	Roland TR-808 Kit	/Library/Application Support/Logic/Sampler Instruments/03 Drums & Percussion/02 Electronic Drum Kits/Roland TR-808 Kit.exs
Logic	exs	Roland TR-808 Unprocessed Kit	/Library/Application Support/Logic/Sampler Instruments/03 Drums & Percussion/02 Electronic Drum Kits/Roland TR-808 Unprocessed Kit.exs
Logic	exs	Roland TR-909 Kit	/Library/Application Support/Logic/Sampler Instruments/03 Drums & Percussion/02 Electronic Drum Kits/Roland TR-909 Kit.exs
Logic	exs	Roland TR-909 Unprocessed Kit	/Library/Application Support/Logic/Sampler Instruments/03 Drums & Percussion/02 Electronic Drum Kits/Roland TR-909 Unprocessed Kit.exs
Logic	exs	Secret Sauce	/Library/Application Support/Logic/Sampler Instruments/03 Drums & Percussion/02 Electronic Drum Kits/Secret Sauce.exs
Logic	exs	Sequential DrumTraks Processed Kit	/Library/Application Support/Logic/Sampler Instruments/03 Drums & Percussion/02 Electronic Drum Kits/Sequential DrumTraks Processed Kit.exs
Logic	exs	Shadow Zone	/Library/Application Support/Logic/Sampler Instruments/03 Drums & Percussion/02 Electronic Drum Kits/Shadow Zone.exs
Logic	exs	Shell Game Kit	/Library/Application Support/Logic/Sampler Instruments/03 Drums & Percussion/02 Electronic Drum Kits/Shell Game Kit.exs
Logic	exs	Simmons SDS-V Processed Kit	/Library/Application Support/Logic/Sampler Instruments/03 Drums & Percussion/02 Electronic Drum Kits/Simmons SDS-V Processed Kit.exs
Logic	exs	SoHo Kit	/Library/Application Support/Logic/Sampler Instruments/03 Drums & Percussion/02 Electronic Drum Kits/SoHo Kit.exs
Logic	exs	Solaris Kit	/Library/Application Support/Logic/Sampler Instruments/03 Drums & Percussion/02 Electronic Drum Kits/Solaris Kit.exs
Logic	exs	Soul Fire Kit	/Library/Application Support/Logic/Sampler Instruments/03 Drums & Percussion/02 Electronic Drum Kits/Soul Fire Kit.exs
Logic	exs	Spaced Out Kit	/Library/Application Support/Logic/Sampler Instruments/03 Drums & Percussion/02 Electronic Drum Kits/Spaced Out Kit.exs
Logic	exs	Studio Cuts Kit	/Library/Application Support/Logic/Sampler Instruments/03 Drums & Percussion/02 Electronic Drum Kits/Studio Cuts Kit.exs
Logic	exs	Super Natural	/Library/Application Support/Logic/Sampler Instruments/03 Drums & Percussion/02 Electronic Drum Kits/Super Natural.exs
Logic	exs	Super Solid Kit	/Library/Application Support/Logic/Sampler Instruments/03 Drums & Percussion/02 Electronic Drum Kits/Super Solid Kit.exs
Logic	exs	Synthetic Bass House Kit	/Library/Application Support/Logic/Sampler Instruments/03 Drums & Percussion/02 Electronic Drum Kits/Synthetic Bass House Kit.exs
Logic	exs	TR-707 Processed Kit	/Library/Application Support/Logic/Sampler Instruments/03 Drums & Percussion/02 Electronic Drum Kits/TR-707 Processed Kit.exs
Logic	exs	TR-727 Processed Kit	/Library/Application Support/Logic/Sampler Instruments/03 Drums & Percussion/02 Electronic Drum Kits/TR-727 Processed Kit.exs
Logic	exs	Tight Trap Kit	/Library/Application Support/Logic/Sampler Instruments/03 Drums & Percussion/02 Electronic Drum Kits/Tight Trap Kit.exs
Logic	exs	Titans of Bass	/Library/Application Support/Logic/Sampler Instruments/03 Drums & Percussion/02 Electronic Drum Kits/Titans of Bass.exs
Logic	exs	Trance Remix	/Library/Application Support/Logic/Sampler Instruments/03 Drums & Percussion/02 Electronic Drum Kits/Trance Remix.exs
Logic	exs	Tribal Kit	/Library/Application Support/Logic/Sampler Instruments/03 Drums & Percussion/02 Electronic Drum Kits/Tribal Kit.exs
Logic	exs	Trip Hop Remix	/Library/Application Support/Logic/Sampler Instruments/03 Drums & Percussion/02 Electronic Drum Kits/Trip Hop Remix.exs
Logic	exs	Two Ton Pop Kit	/Library/Application Support/Logic/Sampler Instruments/03 Drums & Percussion/02 Electronic Drum Kits/Two Ton Pop Kit.exs
Logic	exs	UK Garage Remix	/Library/Application Support/Logic/Sampler Instruments/03 Drums & Percussion/02 Electronic Drum Kits/UK Garage Remix.exs
Logic	exs	Uptown Flow Kit	/Library/Application Support/Logic/Sampler Instruments/03 Drums & Percussion/02 Electronic Drum Kits/Uptown Flow Kit.exs
Logic	exs	Vintage Arcade	/Library/Application Support/Logic/Sampler Instruments/03 Drums & Percussion/02 Electronic Drum Kits/Vintage Arcade.exs
Logic	exs	Vintage Beats	/Library/Application Support/Logic/Sampler Instruments/03 Drums & Percussion/02 Electronic Drum Kits/Vintage Beats.exs
Logic	exs	Warm Embers Kit	/Library/Application Support/Logic/Sampler Instruments/03 Drums & Percussion/02 Electronic Drum Kits/Warm Embers Kit.exs
Logic	exs	Washington Kit	/Library/Application Support/Logic/Sampler Instruments/03 Drums & Percussion/02 Electronic Drum Kits/Washington Kit.exs
Logic	exs	West Coast Modular Kit	/Library/Application Support/Logic/Sampler Instruments/03 Drums & Percussion/02 Electronic Drum Kits/West Coast Modular Kit.exs
Logic	exs	Acoustic Kick C1 1	/Library/Application Support/Logic/Sampler Instruments/03 Drums & Percussion/03 Single Drums/01 Kicks/Acoustic Kicks/Acoustic Kick C1 1.exs
Logic	exs	Acoustic Kick C1 10	/Library/Application Support/Logic/Sampler Instruments/03 Drums & Percussion/03 Single Drums/01 Kicks/Acoustic Kicks/Acoustic Kick C1 10.exs
Logic	exs	Acoustic Kick C1 11	/Library/Application Support/Logic/Sampler Instruments/03 Drums & Percussion/03 Single Drums/01 Kicks/Acoustic Kicks/Acoustic Kick C1 11.exs
Logic	exs	Acoustic Kick C1 12	/Library/Application Support/Logic/Sampler Instruments/03 Drums & Percussion/03 Single Drums/01 Kicks/Acoustic Kicks/Acoustic Kick C1 12.exs
Logic	exs	Acoustic Kick C1 13	/Library/Application Support/Logic/Sampler Instruments/03 Drums & Percussion/03 Single Drums/01 Kicks/Acoustic Kicks/Acoustic Kick C1 13.exs
Logic	exs	Acoustic Kick C1 14	/Library/Application Support/Logic/Sampler Instruments/03 Drums & Percussion/03 Single Drums/01 Kicks/Acoustic Kicks/Acoustic Kick C1 14.exs
Logic	exs	Acoustic Kick C1 15	/Library/Application Support/Logic/Sampler Instruments/03 Drums & Percussion/03 Single Drums/01 Kicks/Acoustic Kicks/Acoustic Kick C1 15.exs
Logic	exs	Acoustic Kick C1 16	/Library/Application Support/Logic/Sampler Instruments/03 Drums & Percussion/03 Single Drums/01 Kicks/Acoustic Kicks/Acoustic Kick C1 16.exs
Logic	exs	Acoustic Kick C1 17	/Library/Application Support/Logic/Sampler Instruments/03 Drums & Percussion/03 Single Drums/01 Kicks/Acoustic Kicks/Acoustic Kick C1 17.exs
Logic	exs	Acoustic Kick C1 18	/Library/Application Support/Logic/Sampler Instruments/03 Drums & Percussion/03 Single Drums/01 Kicks/Acoustic Kicks/Acoustic Kick C1 18.exs
Logic	exs	Acoustic Kick C1 19	/Library/Application Support/Logic/Sampler Instruments/03 Drums & Percussion/03 Single Drums/01 Kicks/Acoustic Kicks/Acoustic Kick C1 19.exs
Logic	exs	Acoustic Kick C1 2	/Library/Application Support/Logic/Sampler Instruments/03 Drums & Percussion/03 Single Drums/01 Kicks/Acoustic Kicks/Acoustic Kick C1 2.exs
Logic	exs	Acoustic Kick C1 20	/Library/Application Support/Logic/Sampler Instruments/03 Drums & Percussion/03 Single Drums/01 Kicks/Acoustic Kicks/Acoustic Kick C1 20.exs
Logic	exs	Acoustic Kick C1 21	/Library/Application Support/Logic/Sampler Instruments/03 Drums & Percussion/03 Single Drums/01 Kicks/Acoustic Kicks/Acoustic Kick C1 21.exs
Logic	exs	Acoustic Kick C1 22	/Library/Application Support/Logic/Sampler Instruments/03 Drums & Percussion/03 Single Drums/01 Kicks/Acoustic Kicks/Acoustic Kick C1 22.exs
Logic	exs	Acoustic Kick C1 23	/Library/Application Support/Logic/Sampler Instruments/03 Drums & Percussion/03 Single Drums/01 Kicks/Acoustic Kicks/Acoustic Kick C1 23.exs
Logic	exs	Acoustic Kick C1 24	/Library/Application Support/Logic/Sampler Instruments/03 Drums & Percussion/03 Single Drums/01 Kicks/Acoustic Kicks/Acoustic Kick C1 24.exs
Logic	exs	Acoustic Kick C1 25	/Library/Application Support/Logic/Sampler Instruments/03 Drums & Percussion/03 Single Drums/01 Kicks/Acoustic Kicks/Acoustic Kick C1 25.exs
Logic	exs	Acoustic Kick C1 26	/Library/Application Support/Logic/Sampler Instruments/03 Drums & Percussion/03 Single Drums/01 Kicks/Acoustic Kicks/Acoustic Kick C1 26.exs
Logic	exs	Acoustic Kick C1 27	/Library/Application Support/Logic/Sampler Instruments/03 Drums & Percussion/03 Single Drums/01 Kicks/Acoustic Kicks/Acoustic Kick C1 27.exs
Logic	exs	Acoustic Kick C1 28	/Library/Application Support/Logic/Sampler Instruments/03 Drums & Percussion/03 Single Drums/01 Kicks/Acoustic Kicks/Acoustic Kick C1 28.exs
Logic	exs	Acoustic Kick C1 29	/Library/Application Support/Logic/Sampler Instruments/03 Drums & Percussion/03 Single Drums/01 Kicks/Acoustic Kicks/Acoustic Kick C1 29.exs
Logic	exs	Acoustic Kick C1 3	/Library/Application Support/Logic/Sampler Instruments/03 Drums & Percussion/03 Single Drums/01 Kicks/Acoustic Kicks/Acoustic Kick C1 3.exs
Logic	exs	Acoustic Kick C1 30	/Library/Application Support/Logic/Sampler Instruments/03 Drums & Percussion/03 Single Drums/01 Kicks/Acoustic Kicks/Acoustic Kick C1 30.exs
Logic	exs	Acoustic Kick C1 31	/Library/Application Support/Logic/Sampler Instruments/03 Drums & Percussion/03 Single Drums/01 Kicks/Acoustic Kicks/Acoustic Kick C1 31.exs
Logic	exs	Acoustic Kick C1 4	/Library/Application Support/Logic/Sampler Instruments/03 Drums & Percussion/03 Single Drums/01 Kicks/Acoustic Kicks/Acoustic Kick C1 4.exs
Logic	exs	Acoustic Kick C1 5	/Library/Application Support/Logic/Sampler Instruments/03 Drums & Percussion/03 Single Drums/01 Kicks/Acoustic Kicks/Acoustic Kick C1 5.exs
Logic	exs	Acoustic Kick C1 6	/Library/Application Support/Logic/Sampler Instruments/03 Drums & Percussion/03 Single Drums/01 Kicks/Acoustic Kicks/Acoustic Kick C1 6.exs
Logic	exs	Acoustic Kick C1 7	/Library/Application Support/Logic/Sampler Instruments/03 Drums & Percussion/03 Single Drums/01 Kicks/Acoustic Kicks/Acoustic Kick C1 7.exs
Logic	exs	Acoustic Kick C1 8	/Library/Application Support/Logic/Sampler Instruments/03 Drums & Percussion/03 Single Drums/01 Kicks/Acoustic Kicks/Acoustic Kick C1 8.exs
Logic	exs	Acoustic Kick C1 9	/Library/Application Support/Logic/Sampler Instruments/03 Drums & Percussion/03 Single Drums/01 Kicks/Acoustic Kicks/Acoustic Kick C1 9.exs
Logic	exs	Electronic Kick C1 1	/Library/Application Support/Logic/Sampler Instruments/03 Drums & Percussion/03 Single Drums/01 Kicks/Electronic Kicks/Electronic Kick C1 1.exs
Logic	exs	Electronic Kick C1 10	/Library/Application Support/Logic/Sampler Instruments/03 Drums & Percussion/03 Single Drums/01 Kicks/Electronic Kicks/Electronic Kick C1 10.exs
Logic	exs	Electronic Kick C1 11	/Library/Application Support/Logic/Sampler Instruments/03 Drums & Percussion/03 Single Drums/01 Kicks/Electronic Kicks/Electronic Kick C1 11.exs
Logic	exs	Electronic Kick C1 12	/Library/Application Support/Logic/Sampler Instruments/03 Drums & Percussion/03 Single Drums/01 Kicks/Electronic Kicks/Electronic Kick C1 12.exs
Logic	exs	Electronic Kick C1 13	/Library/Application Support/Logic/Sampler Instruments/03 Drums & Percussion/03 Single Drums/01 Kicks/Electronic Kicks/Electronic Kick C1 13.exs
Logic	exs	Electronic Kick C1 14	/Library/Application Support/Logic/Sampler Instruments/03 Drums & Percussion/03 Single Drums/01 Kicks/Electronic Kicks/Electronic Kick C1 14.exs
Logic	exs	Electronic Kick C1 15	/Library/Application Support/Logic/Sampler Instruments/03 Drums & Percussion/03 Single Drums/01 Kicks/Electronic Kicks/Electronic Kick C1 15.exs
Logic	exs	Electronic Kick C1 16	/Library/Application Support/Logic/Sampler Instruments/03 Drums & Percussion/03 Single Drums/01 Kicks/Electronic Kicks/Electronic Kick C1 16.exs
Logic	exs	Electronic Kick C1 17	/Library/Application Support/Logic/Sampler Instruments/03 Drums & Percussion/03 Single Drums/01 Kicks/Electronic Kicks/Electronic Kick C1 17.exs
Logic	exs	Electronic Kick C1 18	/Library/Application Support/Logic/Sampler Instruments/03 Drums & Percussion/03 Single Drums/01 Kicks/Electronic Kicks/Electronic Kick C1 18.exs
Logic	exs	Electronic Kick C1 19	/Library/Application Support/Logic/Sampler Instruments/03 Drums & Percussion/03 Single Drums/01 Kicks/Electronic Kicks/Electronic Kick C1 19.exs
Logic	exs	Electronic Kick C1 2	/Library/Application Support/Logic/Sampler Instruments/03 Drums & Percussion/03 Single Drums/01 Kicks/Electronic Kicks/Electronic Kick C1 2.exs
Logic	exs	Electronic Kick C1 20	/Library/Application Support/Logic/Sampler Instruments/03 Drums & Percussion/03 Single Drums/01 Kicks/Electronic Kicks/Electronic Kick C1 20.exs
Logic	exs	Electronic Kick C1 21	/Library/Application Support/Logic/Sampler Instruments/03 Drums & Percussion/03 Single Drums/01 Kicks/Electronic Kicks/Electronic Kick C1 21.exs
Logic	exs	Electronic Kick C1 22	/Library/Application Support/Logic/Sampler Instruments/03 Drums & Percussion/03 Single Drums/01 Kicks/Electronic Kicks/Electronic Kick C1 22.exs
Logic	exs	Electronic Kick C1 23	/Library/Application Support/Logic/Sampler Instruments/03 Drums & Percussion/03 Single Drums/01 Kicks/Electronic Kicks/Electronic Kick C1 23.exs
Logic	exs	Electronic Kick C1 24	/Library/Application Support/Logic/Sampler Instruments/03 Drums & Percussion/03 Single Drums/01 Kicks/Electronic Kicks/Electronic Kick C1 24.exs
Logic	exs	Electronic Kick C1 25	/Library/Application Support/Logic/Sampler Instruments/03 Drums & Percussion/03 Single Drums/01 Kicks/Electronic Kicks/Electronic Kick C1 25.exs
Logic	exs	Electronic Kick C1 26	/Library/Application Support/Logic/Sampler Instruments/03 Drums & Percussion/03 Single Drums/01 Kicks/Electronic Kicks/Electronic Kick C1 26.exs
Logic	exs	Electronic Kick C1 27	/Library/Application Support/Logic/Sampler Instruments/03 Drums & Percussion/03 Single Drums/01 Kicks/Electronic Kicks/Electronic Kick C1 27.exs
Logic	exs	Electronic Kick C1 28	/Library/Application Support/Logic/Sampler Instruments/03 Drums & Percussion/03 Single Drums/01 Kicks/Electronic Kicks/Electronic Kick C1 28.exs
Logic	exs	Electronic Kick C1 29	/Library/Application Support/Logic/Sampler Instruments/03 Drums & Percussion/03 Single Drums/01 Kicks/Electronic Kicks/Electronic Kick C1 29.exs
Logic	exs	Electronic Kick C1 3	/Library/Application Support/Logic/Sampler Instruments/03 Drums & Percussion/03 Single Drums/01 Kicks/Electronic Kicks/Electronic Kick C1 3.exs
Logic	exs	Electronic Kick C1 30	/Library/Application Support/Logic/Sampler Instruments/03 Drums & Percussion/03 Single Drums/01 Kicks/Electronic Kicks/Electronic Kick C1 30.exs
Logic	exs	Electronic Kick C1 31	/Library/Application Support/Logic/Sampler Instruments/03 Drums & Percussion/03 Single Drums/01 Kicks/Electronic Kicks/Electronic Kick C1 31.exs
Logic	exs	Electronic Kick C1 32	/Library/Application Support/Logic/Sampler Instruments/03 Drums & Percussion/03 Single Drums/01 Kicks/Electronic Kicks/Electronic Kick C1 32.exs
Logic	exs	Electronic Kick C1 33	/Library/Application Support/Logic/Sampler Instruments/03 Drums & Percussion/03 Single Drums/01 Kicks/Electronic Kicks/Electronic Kick C1 33.exs
Logic	exs	Electronic Kick C1 34	/Library/Application Support/Logic/Sampler Instruments/03 Drums & Percussion/03 Single Drums/01 Kicks/Electronic Kicks/Electronic Kick C1 34.exs
Logic	exs	Electronic Kick C1 35	/Library/Application Support/Logic/Sampler Instruments/03 Drums & Percussion/03 Single Drums/01 Kicks/Electronic Kicks/Electronic Kick C1 35.exs
Logic	exs	Electronic Kick C1 36	/Library/Application Support/Logic/Sampler Instruments/03 Drums & Percussion/03 Single Drums/01 Kicks/Electronic Kicks/Electronic Kick C1 36.exs
Logic	exs	Electronic Kick C1 37	/Library/Application Support/Logic/Sampler Instruments/03 Drums & Percussion/03 Single Drums/01 Kicks/Electronic Kicks/Electronic Kick C1 37.exs
Logic	exs	Electronic Kick C1 38	/Library/Application Support/Logic/Sampler Instruments/03 Drums & Percussion/03 Single Drums/01 Kicks/Electronic Kicks/Electronic Kick C1 38.exs
Logic	exs	Electronic Kick C1 39	/Library/Application Support/Logic/Sampler Instruments/03 Drums & Percussion/03 Single Drums/01 Kicks/Electronic Kicks/Electronic Kick C1 39.exs
Logic	exs	Electronic Kick C1 4	/Library/Application Support/Logic/Sampler Instruments/03 Drums & Percussion/03 Single Drums/01 Kicks/Electronic Kicks/Electronic Kick C1 4.exs
Logic	exs	Electronic Kick C1 40	/Library/Application Support/Logic/Sampler Instruments/03 Drums & Percussion/03 Single Drums/01 Kicks/Electronic Kicks/Electronic Kick C1 40.exs
Logic	exs	Electronic Kick C1 41	/Library/Application Support/Logic/Sampler Instruments/03 Drums & Percussion/03 Single Drums/01 Kicks/Electronic Kicks/Electronic Kick C1 41.exs
Logic	exs	Electronic Kick C1 42	/Library/Application Support/Logic/Sampler Instruments/03 Drums & Percussion/03 Single Drums/01 Kicks/Electronic Kicks/Electronic Kick C1 42.exs
Logic	exs	Electronic Kick C1 43	/Library/Application Support/Logic/Sampler Instruments/03 Drums & Percussion/03 Single Drums/01 Kicks/Electronic Kicks/Electronic Kick C1 43.exs
Logic	exs	Electronic Kick C1 44	/Library/Application Support/Logic/Sampler Instruments/03 Drums & Percussion/03 Single Drums/01 Kicks/Electronic Kicks/Electronic Kick C1 44.exs
Logic	exs	Electronic Kick C1 45	/Library/Application Support/Logic/Sampler Instruments/03 Drums & Percussion/03 Single Drums/01 Kicks/Electronic Kicks/Electronic Kick C1 45.exs
Logic	exs	Electronic Kick C1 46	/Library/Application Support/Logic/Sampler Instruments/03 Drums & Percussion/03 Single Drums/01 Kicks/Electronic Kicks/Electronic Kick C1 46.exs
Logic	exs	Electronic Kick C1 47	/Library/Application Support/Logic/Sampler Instruments/03 Drums & Percussion/03 Single Drums/01 Kicks/Electronic Kicks/Electronic Kick C1 47.exs
Logic	exs	Electronic Kick C1 48	/Library/Application Support/Logic/Sampler Instruments/03 Drums & Percussion/03 Single Drums/01 Kicks/Electronic Kicks/Electronic Kick C1 48.exs
Logic	exs	Electronic Kick C1 49	/Library/Application Support/Logic/Sampler Instruments/03 Drums & Percussion/03 Single Drums/01 Kicks/Electronic Kicks/Electronic Kick C1 49.exs
Logic	exs	Electronic Kick C1 5	/Library/Application Support/Logic/Sampler Instruments/03 Drums & Percussion/03 Single Drums/01 Kicks/Electronic Kicks/Electronic Kick C1 5.exs
Logic	exs	Electronic Kick C1 50	/Library/Application Support/Logic/Sampler Instruments/03 Drums & Percussion/03 Single Drums/01 Kicks/Electronic Kicks/Electronic Kick C1 50.exs
Logic	exs	Electronic Kick C1 51	/Library/Application Support/Logic/Sampler Instruments/03 Drums & Percussion/03 Single Drums/01 Kicks/Electronic Kicks/Electronic Kick C1 51.exs
Logic	exs	Electronic Kick C1 52	/Library/Application Support/Logic/Sampler Instruments/03 Drums & Percussion/03 Single Drums/01 Kicks/Electronic Kicks/Electronic Kick C1 52.exs
Logic	exs	Electronic Kick C1 53	/Library/Application Support/Logic/Sampler Instruments/03 Drums & Percussion/03 Single Drums/01 Kicks/Electronic Kicks/Electronic Kick C1 53.exs
Logic	exs	Electronic Kick C1 54	/Library/Application Support/Logic/Sampler Instruments/03 Drums & Percussion/03 Single Drums/01 Kicks/Electronic Kicks/Electronic Kick C1 54.exs
Logic	exs	Electronic Kick C1 55	/Library/Application Support/Logic/Sampler Instruments/03 Drums & Percussion/03 Single Drums/01 Kicks/Electronic Kicks/Electronic Kick C1 55.exs
Logic	exs	Electronic Kick C1 56	/Library/Application Support/Logic/Sampler Instruments/03 Drums & Percussion/03 Single Drums/01 Kicks/Electronic Kicks/Electronic Kick C1 56.exs
Logic	exs	Electronic Kick C1 57	/Library/Application Support/Logic/Sampler Instruments/03 Drums & Percussion/03 Single Drums/01 Kicks/Electronic Kicks/Electronic Kick C1 57.exs
Logic	exs	Electronic Kick C1 58	/Library/Application Support/Logic/Sampler Instruments/03 Drums & Percussion/03 Single Drums/01 Kicks/Electronic Kicks/Electronic Kick C1 58.exs
Logic	exs	Electronic Kick C1 59	/Library/Application Support/Logic/Sampler Instruments/03 Drums & Percussion/03 Single Drums/01 Kicks/Electronic Kicks/Electronic Kick C1 59.exs
Logic	exs	Electronic Kick C1 6	/Library/Application Support/Logic/Sampler Instruments/03 Drums & Percussion/03 Single Drums/01 Kicks/Electronic Kicks/Electronic Kick C1 6.exs
Logic	exs	Electronic Kick C1 60	/Library/Application Support/Logic/Sampler Instruments/03 Drums & Percussion/03 Single Drums/01 Kicks/Electronic Kicks/Electronic Kick C1 60.exs
Logic	exs	Electronic Kick C1 61	/Library/Application Support/Logic/Sampler Instruments/03 Drums & Percussion/03 Single Drums/01 Kicks/Electronic Kicks/Electronic Kick C1 61.exs
Logic	exs	Electronic Kick C1 62	/Library/Application Support/Logic/Sampler Instruments/03 Drums & Percussion/03 Single Drums/01 Kicks/Electronic Kicks/Electronic Kick C1 62.exs
Logic	exs	Electronic Kick C1 63	/Library/Application Support/Logic/Sampler Instruments/03 Drums & Percussion/03 Single Drums/01 Kicks/Electronic Kicks/Electronic Kick C1 63.exs
Logic	exs	Electronic Kick C1 64	/Library/Application Support/Logic/Sampler Instruments/03 Drums & Percussion/03 Single Drums/01 Kicks/Electronic Kicks/Electronic Kick C1 64.exs
Logic	exs	Electronic Kick C1 65	/Library/Application Support/Logic/Sampler Instruments/03 Drums & Percussion/03 Single Drums/01 Kicks/Electronic Kicks/Electronic Kick C1 65.exs
Logic	exs	Electronic Kick C1 66	/Library/Application Support/Logic/Sampler Instruments/03 Drums & Percussion/03 Single Drums/01 Kicks/Electronic Kicks/Electronic Kick C1 66.exs
Logic	exs	Electronic Kick C1 67	/Library/Application Support/Logic/Sampler Instruments/03 Drums & Percussion/03 Single Drums/01 Kicks/Electronic Kicks/Electronic Kick C1 67.exs
Logic	exs	Electronic Kick C1 68	/Library/Application Support/Logic/Sampler Instruments/03 Drums & Percussion/03 Single Drums/01 Kicks/Electronic Kicks/Electronic Kick C1 68.exs
Logic	exs	Electronic Kick C1 7	/Library/Application Support/Logic/Sampler Instruments/03 Drums & Percussion/03 Single Drums/01 Kicks/Electronic Kicks/Electronic Kick C1 7.exs
Logic	exs	Electronic Kick C1 8	/Library/Application Support/Logic/Sampler Instruments/03 Drums & Percussion/03 Single Drums/01 Kicks/Electronic Kicks/Electronic Kick C1 8.exs
Logic	exs	Electronic Kick C1 9	/Library/Application Support/Logic/Sampler Instruments/03 Drums & Percussion/03 Single Drums/01 Kicks/Electronic Kicks/Electronic Kick C1 9.exs
Logic	exs	Body Kick C1 1	/Library/Application Support/Logic/Sampler Instruments/03 Drums & Percussion/03 Single Drums/01 Kicks/Layer Kicks/Body Kick C1 1.exs
Logic	exs	Body Kick C1 10	/Library/Application Support/Logic/Sampler Instruments/03 Drums & Percussion/03 Single Drums/01 Kicks/Layer Kicks/Body Kick C1 10.exs
Logic	exs	Body Kick C1 11	/Library/Application Support/Logic/Sampler Instruments/03 Drums & Percussion/03 Single Drums/01 Kicks/Layer Kicks/Body Kick C1 11.exs
Logic	exs	Body Kick C1 12	/Library/Application Support/Logic/Sampler Instruments/03 Drums & Percussion/03 Single Drums/01 Kicks/Layer Kicks/Body Kick C1 12.exs
Logic	exs	Body Kick C1 13	/Library/Application Support/Logic/Sampler Instruments/03 Drums & Percussion/03 Single Drums/01 Kicks/Layer Kicks/Body Kick C1 13.exs
Logic	exs	Body Kick C1 14	/Library/Application Support/Logic/Sampler Instruments/03 Drums & Percussion/03 Single Drums/01 Kicks/Layer Kicks/Body Kick C1 14.exs
Logic	exs	Body Kick C1 15	/Library/Application Support/Logic/Sampler Instruments/03 Drums & Percussion/03 Single Drums/01 Kicks/Layer Kicks/Body Kick C1 15.exs
Logic	exs	Body Kick C1 16	/Library/Application Support/Logic/Sampler Instruments/03 Drums & Percussion/03 Single Drums/01 Kicks/Layer Kicks/Body Kick C1 16.exs
Logic	exs	Body Kick C1 17	/Library/Application Support/Logic/Sampler Instruments/03 Drums & Percussion/03 Single Drums/01 Kicks/Layer Kicks/Body Kick C1 17.exs
Logic	exs	Body Kick C1 18	/Library/Application Support/Logic/Sampler Instruments/03 Drums & Percussion/03 Single Drums/01 Kicks/Layer Kicks/Body Kick C1 18.exs
Logic	exs	Body Kick C1 19	/Library/Application Support/Logic/Sampler Instruments/03 Drums & Percussion/03 Single Drums/01 Kicks/Layer Kicks/Body Kick C1 19.exs
Logic	exs	Body Kick C1 2	/Library/Application Support/Logic/Sampler Instruments/03 Drums & Percussion/03 Single Drums/01 Kicks/Layer Kicks/Body Kick C1 2.exs
Logic	exs	Body Kick C1 20	/Library/Application Support/Logic/Sampler Instruments/03 Drums & Percussion/03 Single Drums/01 Kicks/Layer Kicks/Body Kick C1 20.exs
Logic	exs	Body Kick C1 21	/Library/Application Support/Logic/Sampler Instruments/03 Drums & Percussion/03 Single Drums/01 Kicks/Layer Kicks/Body Kick C1 21.exs
Logic	exs	Body Kick C1 22	/Library/Application Support/Logic/Sampler Instruments/03 Drums & Percussion/03 Single Drums/01 Kicks/Layer Kicks/Body Kick C1 22.exs
Logic	exs	Body Kick C1 23	/Library/Application Support/Logic/Sampler Instruments/03 Drums & Percussion/03 Single Drums/01 Kicks/Layer Kicks/Body Kick C1 23.exs
Logic	exs	Body Kick C1 24	/Library/Application Support/Logic/Sampler Instruments/03 Drums & Percussion/03 Single Drums/01 Kicks/Layer Kicks/Body Kick C1 24.exs
Logic	exs	Body Kick C1 25	/Library/Application Support/Logic/Sampler Instruments/03 Drums & Percussion/03 Single Drums/01 Kicks/Layer Kicks/Body Kick C1 25.exs
Logic	exs	Body Kick C1 3	/Library/Application Support/Logic/Sampler Instruments/03 Drums & Percussion/03 Single Drums/01 Kicks/Layer Kicks/Body Kick C1 3.exs
Logic	exs	Body Kick C1 4	/Library/Application Support/Logic/Sampler Instruments/03 Drums & Percussion/03 Single Drums/01 Kicks/Layer Kicks/Body Kick C1 4.exs
Logic	exs	Body Kick C1 5	/Library/Application Support/Logic/Sampler Instruments/03 Drums & Percussion/03 Single Drums/01 Kicks/Layer Kicks/Body Kick C1 5.exs
Logic	exs	Body Kick C1 6	/Library/Application Support/Logic/Sampler Instruments/03 Drums & Percussion/03 Single Drums/01 Kicks/Layer Kicks/Body Kick C1 6.exs
Logic	exs	Body Kick C1 7	/Library/Application Support/Logic/Sampler Instruments/03 Drums & Percussion/03 Single Drums/01 Kicks/Layer Kicks/Body Kick C1 7.exs
Logic	exs	Body Kick C1 8	/Library/Application Support/Logic/Sampler Instruments/03 Drums & Percussion/03 Single Drums/01 Kicks/Layer Kicks/Body Kick C1 8.exs
Logic	exs	Body Kick C1 9	/Library/Application Support/Logic/Sampler Instruments/03 Drums & Percussion/03 Single Drums/01 Kicks/Layer Kicks/Body Kick C1 9.exs
Logic	exs	Transient Kick C1 1	/Library/Application Support/Logic/Sampler Instruments/03 Drums & Percussion/03 Single Drums/01 Kicks/Layer Kicks/Transient Kick C1 1.exs
Logic	exs	Transient Kick C1 10	/Library/Application Support/Logic/Sampler Instruments/03 Drums & Percussion/03 Single Drums/01 Kicks/Layer Kicks/Transient Kick C1 10.exs
Logic	exs	Transient Kick C1 11	/Library/Application Support/Logic/Sampler Instruments/03 Drums & Percussion/03 Single Drums/01 Kicks/Layer Kicks/Transient Kick C1 11.exs
Logic	exs	Transient Kick C1 12	/Library/Application Support/Logic/Sampler Instruments/03 Drums & Percussion/03 Single Drums/01 Kicks/Layer Kicks/Transient Kick C1 12.exs
Logic	exs	Transient Kick C1 13	/Library/Application Support/Logic/Sampler Instruments/03 Drums & Percussion/03 Single Drums/01 Kicks/Layer Kicks/Transient Kick C1 13.exs
Logic	exs	Transient Kick C1 14	/Library/Application Support/Logic/Sampler Instruments/03 Drums & Percussion/03 Single Drums/01 Kicks/Layer Kicks/Transient Kick C1 14.exs
Logic	exs	Transient Kick C1 15	/Library/Application Support/Logic/Sampler Instruments/03 Drums & Percussion/03 Single Drums/01 Kicks/Layer Kicks/Transient Kick C1 15.exs
Logic	exs	Transient Kick C1 16	/Library/Application Support/Logic/Sampler Instruments/03 Drums & Percussion/03 Single Drums/01 Kicks/Layer Kicks/Transient Kick C1 16.exs
Logic	exs	Transient Kick C1 17	/Library/Application Support/Logic/Sampler Instruments/03 Drums & Percussion/03 Single Drums/01 Kicks/Layer Kicks/Transient Kick C1 17.exs
Logic	exs	Transient Kick C1 18	/Library/Application Support/Logic/Sampler Instruments/03 Drums & Percussion/03 Single Drums/01 Kicks/Layer Kicks/Transient Kick C1 18.exs
Logic	exs	Transient Kick C1 19	/Library/Application Support/Logic/Sampler Instruments/03 Drums & Percussion/03 Single Drums/01 Kicks/Layer Kicks/Transient Kick C1 19.exs
Logic	exs	Transient Kick C1 2	/Library/Application Support/Logic/Sampler Instruments/03 Drums & Percussion/03 Single Drums/01 Kicks/Layer Kicks/Transient Kick C1 2.exs
Logic	exs	Transient Kick C1 20	/Library/Application Support/Logic/Sampler Instruments/03 Drums & Percussion/03 Single Drums/01 Kicks/Layer Kicks/Transient Kick C1 20.exs
Logic	exs	Transient Kick C1 21	/Library/Application Support/Logic/Sampler Instruments/03 Drums & Percussion/03 Single Drums/01 Kicks/Layer Kicks/Transient Kick C1 21.exs
Logic	exs	Transient Kick C1 22	/Library/Application Support/Logic/Sampler Instruments/03 Drums & Percussion/03 Single Drums/01 Kicks/Layer Kicks/Transient Kick C1 22.exs
Logic	exs	Transient Kick C1 23	/Library/Application Support/Logic/Sampler Instruments/03 Drums & Percussion/03 Single Drums/01 Kicks/Layer Kicks/Transient Kick C1 23.exs
Logic	exs	Transient Kick C1 24	/Library/Application Support/Logic/Sampler Instruments/03 Drums & Percussion/03 Single Drums/01 Kicks/Layer Kicks/Transient Kick C1 24.exs
Logic	exs	Transient Kick C1 25	/Library/Application Support/Logic/Sampler Instruments/03 Drums & Percussion/03 Single Drums/01 Kicks/Layer Kicks/Transient Kick C1 25.exs
Logic	exs	Transient Kick C1 26	/Library/Application Support/Logic/Sampler Instruments/03 Drums & Percussion/03 Single Drums/01 Kicks/Layer Kicks/Transient Kick C1 26.exs
Logic	exs	Transient Kick C1 27	/Library/Application Support/Logic/Sampler Instruments/03 Drums & Percussion/03 Single Drums/01 Kicks/Layer Kicks/Transient Kick C1 27.exs
Logic	exs	Transient Kick C1 28	/Library/Application Support/Logic/Sampler Instruments/03 Drums & Percussion/03 Single Drums/01 Kicks/Layer Kicks/Transient Kick C1 28.exs
Logic	exs	Transient Kick C1 29	/Library/Application Support/Logic/Sampler Instruments/03 Drums & Percussion/03 Single Drums/01 Kicks/Layer Kicks/Transient Kick C1 29.exs
Logic	exs	Transient Kick C1 3	/Library/Application Support/Logic/Sampler Instruments/03 Drums & Percussion/03 Single Drums/01 Kicks/Layer Kicks/Transient Kick C1 3.exs
Logic	exs	Transient Kick C1 30	/Library/Application Support/Logic/Sampler Instruments/03 Drums & Percussion/03 Single Drums/01 Kicks/Layer Kicks/Transient Kick C1 30.exs
Logic	exs	Transient Kick C1 31	/Library/Application Support/Logic/Sampler Instruments/03 Drums & Percussion/03 Single Drums/01 Kicks/Layer Kicks/Transient Kick C1 31.exs
Logic	exs	Transient Kick C1 32	/Library/Application Support/Logic/Sampler Instruments/03 Drums & Percussion/03 Single Drums/01 Kicks/Layer Kicks/Transient Kick C1 32.exs
Logic	exs	Transient Kick C1 4	/Library/Application Support/Logic/Sampler Instruments/03 Drums & Percussion/03 Single Drums/01 Kicks/Layer Kicks/Transient Kick C1 4.exs
Logic	exs	Transient Kick C1 5	/Library/Application Support/Logic/Sampler Instruments/03 Drums & Percussion/03 Single Drums/01 Kicks/Layer Kicks/Transient Kick C1 5.exs
Logic	exs	Transient Kick C1 6	/Library/Application Support/Logic/Sampler Instruments/03 Drums & Percussion/03 Single Drums/01 Kicks/Layer Kicks/Transient Kick C1 6.exs
Logic	exs	Transient Kick C1 7	/Library/Application Support/Logic/Sampler Instruments/03 Drums & Percussion/03 Single Drums/01 Kicks/Layer Kicks/Transient Kick C1 7.exs
Logic	exs	Transient Kick C1 8	/Library/Application Support/Logic/Sampler Instruments/03 Drums & Percussion/03 Single Drums/01 Kicks/Layer Kicks/Transient Kick C1 8.exs
Logic	exs	Transient Kick C1 9	/Library/Application Support/Logic/Sampler Instruments/03 Drums & Percussion/03 Single Drums/01 Kicks/Layer Kicks/Transient Kick C1 9.exs
Logic	exs	Acoustic Snare D1 1	/Library/Application Support/Logic/Sampler Instruments/03 Drums & Percussion/03 Single Drums/02 Snares/Acoustic Snares/Acoustic Snare D1 1.exs
Logic	exs	Acoustic Snare D1 10	/Library/Application Support/Logic/Sampler Instruments/03 Drums & Percussion/03 Single Drums/02 Snares/Acoustic Snares/Acoustic Snare D1 10.exs
Logic	exs	Acoustic Snare D1 11	/Library/Application Support/Logic/Sampler Instruments/03 Drums & Percussion/03 Single Drums/02 Snares/Acoustic Snares/Acoustic Snare D1 11.exs
Logic	exs	Acoustic Snare D1 12	/Library/Application Support/Logic/Sampler Instruments/03 Drums & Percussion/03 Single Drums/02 Snares/Acoustic Snares/Acoustic Snare D1 12.exs
Logic	exs	Acoustic Snare D1 13	/Library/Application Support/Logic/Sampler Instruments/03 Drums & Percussion/03 Single Drums/02 Snares/Acoustic Snares/Acoustic Snare D1 13.exs
Logic	exs	Acoustic Snare D1 14	/Library/Application Support/Logic/Sampler Instruments/03 Drums & Percussion/03 Single Drums/02 Snares/Acoustic Snares/Acoustic Snare D1 14.exs
Logic	exs	Acoustic Snare D1 15	/Library/Application Support/Logic/Sampler Instruments/03 Drums & Percussion/03 Single Drums/02 Snares/Acoustic Snares/Acoustic Snare D1 15.exs
Logic	exs	Acoustic Snare D1 16	/Library/Application Support/Logic/Sampler Instruments/03 Drums & Percussion/03 Single Drums/02 Snares/Acoustic Snares/Acoustic Snare D1 16.exs
Logic	exs	Acoustic Snare D1 17	/Library/Application Support/Logic/Sampler Instruments/03 Drums & Percussion/03 Single Drums/02 Snares/Acoustic Snares/Acoustic Snare D1 17.exs
Logic	exs	Acoustic Snare D1 18	/Library/Application Support/Logic/Sampler Instruments/03 Drums & Percussion/03 Single Drums/02 Snares/Acoustic Snares/Acoustic Snare D1 18.exs
Logic	exs	Acoustic Snare D1 19	/Library/Application Support/Logic/Sampler Instruments/03 Drums & Percussion/03 Single Drums/02 Snares/Acoustic Snares/Acoustic Snare D1 19.exs
Logic	exs	Acoustic Snare D1 2	/Library/Application Support/Logic/Sampler Instruments/03 Drums & Percussion/03 Single Drums/02 Snares/Acoustic Snares/Acoustic Snare D1 2.exs
Logic	exs	Acoustic Snare D1 20	/Library/Application Support/Logic/Sampler Instruments/03 Drums & Percussion/03 Single Drums/02 Snares/Acoustic Snares/Acoustic Snare D1 20.exs
Logic	exs	Acoustic Snare D1 21	/Library/Application Support/Logic/Sampler Instruments/03 Drums & Percussion/03 Single Drums/02 Snares/Acoustic Snares/Acoustic Snare D1 21.exs
Logic	exs	Acoustic Snare D1 22	/Library/Application Support/Logic/Sampler Instruments/03 Drums & Percussion/03 Single Drums/02 Snares/Acoustic Snares/Acoustic Snare D1 22.exs
Logic	exs	Acoustic Snare D1 23	/Library/Application Support/Logic/Sampler Instruments/03 Drums & Percussion/03 Single Drums/02 Snares/Acoustic Snares/Acoustic Snare D1 23.exs
Logic	exs	Acoustic Snare D1 24	/Library/Application Support/Logic/Sampler Instruments/03 Drums & Percussion/03 Single Drums/02 Snares/Acoustic Snares/Acoustic Snare D1 24.exs
Logic	exs	Acoustic Snare D1 25	/Library/Application Support/Logic/Sampler Instruments/03 Drums & Percussion/03 Single Drums/02 Snares/Acoustic Snares/Acoustic Snare D1 25.exs
Logic	exs	Acoustic Snare D1 26	/Library/Application Support/Logic/Sampler Instruments/03 Drums & Percussion/03 Single Drums/02 Snares/Acoustic Snares/Acoustic Snare D1 26.exs
Logic	exs	Acoustic Snare D1 27	/Library/Application Support/Logic/Sampler Instruments/03 Drums & Percussion/03 Single Drums/02 Snares/Acoustic Snares/Acoustic Snare D1 27.exs
Logic	exs	Acoustic Snare D1 28	/Library/Application Support/Logic/Sampler Instruments/03 Drums & Percussion/03 Single Drums/02 Snares/Acoustic Snares/Acoustic Snare D1 28.exs
Logic	exs	Acoustic Snare D1 29	/Library/Application Support/Logic/Sampler Instruments/03 Drums & Percussion/03 Single Drums/02 Snares/Acoustic Snares/Acoustic Snare D1 29.exs
Logic	exs	Acoustic Snare D1 3	/Library/Application Support/Logic/Sampler Instruments/03 Drums & Percussion/03 Single Drums/02 Snares/Acoustic Snares/Acoustic Snare D1 3.exs
Logic	exs	Acoustic Snare D1 30	/Library/Application Support/Logic/Sampler Instruments/03 Drums & Percussion/03 Single Drums/02 Snares/Acoustic Snares/Acoustic Snare D1 30.exs
Logic	exs	Acoustic Snare D1 31	/Library/Application Support/Logic/Sampler Instruments/03 Drums & Percussion/03 Single Drums/02 Snares/Acoustic Snares/Acoustic Snare D1 31.exs
Logic	exs	Acoustic Snare D1 32	/Library/Application Support/Logic/Sampler Instruments/03 Drums & Percussion/03 Single Drums/02 Snares/Acoustic Snares/Acoustic Snare D1 32.exs
Logic	exs	Acoustic Snare D1 33	/Library/Application Support/Logic/Sampler Instruments/03 Drums & Percussion/03 Single Drums/02 Snares/Acoustic Snares/Acoustic Snare D1 33.exs
Logic	exs	Acoustic Snare D1 4	/Library/Application Support/Logic/Sampler Instruments/03 Drums & Percussion/03 Single Drums/02 Snares/Acoustic Snares/Acoustic Snare D1 4.exs
Logic	exs	Acoustic Snare D1 5	/Library/Application Support/Logic/Sampler Instruments/03 Drums & Percussion/03 Single Drums/02 Snares/Acoustic Snares/Acoustic Snare D1 5.exs
Logic	exs	Acoustic Snare D1 6	/Library/Application Support/Logic/Sampler Instruments/03 Drums & Percussion/03 Single Drums/02 Snares/Acoustic Snares/Acoustic Snare D1 6.exs
Logic	exs	Acoustic Snare D1 7	/Library/Application Support/Logic/Sampler Instruments/03 Drums & Percussion/03 Single Drums/02 Snares/Acoustic Snares/Acoustic Snare D1 7.exs
Logic	exs	Acoustic Snare D1 8	/Library/Application Support/Logic/Sampler Instruments/03 Drums & Percussion/03 Single Drums/02 Snares/Acoustic Snares/Acoustic Snare D1 8.exs
Logic	exs	Acoustic Snare D1 9	/Library/Application Support/Logic/Sampler Instruments/03 Drums & Percussion/03 Single Drums/02 Snares/Acoustic Snares/Acoustic Snare D1 9.exs
Logic	exs	Electronic Snare D1 1	/Library/Application Support/Logic/Sampler Instruments/03 Drums & Percussion/03 Single Drums/02 Snares/Electronic Snares/Electronic Snare D1 1.exs
Logic	exs	Electronic Snare D1 10	/Library/Application Support/Logic/Sampler Instruments/03 Drums & Percussion/03 Single Drums/02 Snares/Electronic Snares/Electronic Snare D1 10.exs
Logic	exs	Electronic Snare D1 11	/Library/Application Support/Logic/Sampler Instruments/03 Drums & Percussion/03 Single Drums/02 Snares/Electronic Snares/Electronic Snare D1 11.exs
Logic	exs	Electronic Snare D1 12	/Library/Application Support/Logic/Sampler Instruments/03 Drums & Percussion/03 Single Drums/02 Snares/Electronic Snares/Electronic Snare D1 12.exs
Logic	exs	Electronic Snare D1 13	/Library/Application Support/Logic/Sampler Instruments/03 Drums & Percussion/03 Single Drums/02 Snares/Electronic Snares/Electronic Snare D1 13.exs
Logic	exs	Electronic Snare D1 14	/Library/Application Support/Logic/Sampler Instruments/03 Drums & Percussion/03 Single Drums/02 Snares/Electronic Snares/Electronic Snare D1 14.exs
Logic	exs	Electronic Snare D1 15	/Library/Application Support/Logic/Sampler Instruments/03 Drums & Percussion/03 Single Drums/02 Snares/Electronic Snares/Electronic Snare D1 15.exs
Logic	exs	Electronic Snare D1 16	/Library/Application Support/Logic/Sampler Instruments/03 Drums & Percussion/03 Single Drums/02 Snares/Electronic Snares/Electronic Snare D1 16.exs
Logic	exs	Electronic Snare D1 17	/Library/Application Support/Logic/Sampler Instruments/03 Drums & Percussion/03 Single Drums/02 Snares/Electronic Snares/Electronic Snare D1 17.exs
Logic	exs	Electronic Snare D1 18	/Library/Application Support/Logic/Sampler Instruments/03 Drums & Percussion/03 Single Drums/02 Snares/Electronic Snares/Electronic Snare D1 18.exs
Logic	exs	Electronic Snare D1 19	/Library/Application Support/Logic/Sampler Instruments/03 Drums & Percussion/03 Single Drums/02 Snares/Electronic Snares/Electronic Snare D1 19.exs
Logic	exs	Electronic Snare D1 2	/Library/Application Support/Logic/Sampler Instruments/03 Drums & Percussion/03 Single Drums/02 Snares/Electronic Snares/Electronic Snare D1 2.exs
Logic	exs	Electronic Snare D1 20	/Library/Application Support/Logic/Sampler Instruments/03 Drums & Percussion/03 Single Drums/02 Snares/Electronic Snares/Electronic Snare D1 20.exs
Logic	exs	Electronic Snare D1 21	/Library/Application Support/Logic/Sampler Instruments/03 Drums & Percussion/03 Single Drums/02 Snares/Electronic Snares/Electronic Snare D1 21.exs
Logic	exs	Electronic Snare D1 22	/Library/Application Support/Logic/Sampler Instruments/03 Drums & Percussion/03 Single Drums/02 Snares/Electronic Snares/Electronic Snare D1 22.exs
Logic	exs	Electronic Snare D1 23	/Library/Application Support/Logic/Sampler Instruments/03 Drums & Percussion/03 Single Drums/02 Snares/Electronic Snares/Electronic Snare D1 23.exs
Logic	exs	Electronic Snare D1 24	/Library/Application Support/Logic/Sampler Instruments/03 Drums & Percussion/03 Single Drums/02 Snares/Electronic Snares/Electronic Snare D1 24.exs
Logic	exs	Electronic Snare D1 25	/Library/Application Support/Logic/Sampler Instruments/03 Drums & Percussion/03 Single Drums/02 Snares/Electronic Snares/Electronic Snare D1 25.exs
Logic	exs	Electronic Snare D1 26	/Library/Application Support/Logic/Sampler Instruments/03 Drums & Percussion/03 Single Drums/02 Snares/Electronic Snares/Electronic Snare D1 26.exs
Logic	exs	Electronic Snare D1 27	/Library/Application Support/Logic/Sampler Instruments/03 Drums & Percussion/03 Single Drums/02 Snares/Electronic Snares/Electronic Snare D1 27.exs
Logic	exs	Electronic Snare D1 28	/Library/Application Support/Logic/Sampler Instruments/03 Drums & Percussion/03 Single Drums/02 Snares/Electronic Snares/Electronic Snare D1 28.exs
Logic	exs	Electronic Snare D1 29	/Library/Application Support/Logic/Sampler Instruments/03 Drums & Percussion/03 Single Drums/02 Snares/Electronic Snares/Electronic Snare D1 29.exs
Logic	exs	Electronic Snare D1 3	/Library/Application Support/Logic/Sampler Instruments/03 Drums & Percussion/03 Single Drums/02 Snares/Electronic Snares/Electronic Snare D1 3.exs
Logic	exs	Electronic Snare D1 30	/Library/Application Support/Logic/Sampler Instruments/03 Drums & Percussion/03 Single Drums/02 Snares/Electronic Snares/Electronic Snare D1 30.exs
Logic	exs	Electronic Snare D1 31	/Library/Application Support/Logic/Sampler Instruments/03 Drums & Percussion/03 Single Drums/02 Snares/Electronic Snares/Electronic Snare D1 31.exs
Logic	exs	Electronic Snare D1 32	/Library/Application Support/Logic/Sampler Instruments/03 Drums & Percussion/03 Single Drums/02 Snares/Electronic Snares/Electronic Snare D1 32.exs
Logic	exs	Electronic Snare D1 33	/Library/Application Support/Logic/Sampler Instruments/03 Drums & Percussion/03 Single Drums/02 Snares/Electronic Snares/Electronic Snare D1 33.exs
Logic	exs	Electronic Snare D1 34	/Library/Application Support/Logic/Sampler Instruments/03 Drums & Percussion/03 Single Drums/02 Snares/Electronic Snares/Electronic Snare D1 34.exs
Logic	exs	Electronic Snare D1 35	/Library/Application Support/Logic/Sampler Instruments/03 Drums & Percussion/03 Single Drums/02 Snares/Electronic Snares/Electronic Snare D1 35.exs
Logic	exs	Electronic Snare D1 36	/Library/Application Support/Logic/Sampler Instruments/03 Drums & Percussion/03 Single Drums/02 Snares/Electronic Snares/Electronic Snare D1 36.exs
Logic	exs	Electronic Snare D1 37	/Library/Application Support/Logic/Sampler Instruments/03 Drums & Percussion/03 Single Drums/02 Snares/Electronic Snares/Electronic Snare D1 37.exs
Logic	exs	Electronic Snare D1 38	/Library/Application Support/Logic/Sampler Instruments/03 Drums & Percussion/03 Single Drums/02 Snares/Electronic Snares/Electronic Snare D1 38.exs
Logic	exs	Electronic Snare D1 39	/Library/Application Support/Logic/Sampler Instruments/03 Drums & Percussion/03 Single Drums/02 Snares/Electronic Snares/Electronic Snare D1 39.exs
Logic	exs	Electronic Snare D1 4	/Library/Application Support/Logic/Sampler Instruments/03 Drums & Percussion/03 Single Drums/02 Snares/Electronic Snares/Electronic Snare D1 4.exs
Logic	exs	Electronic Snare D1 40	/Library/Application Support/Logic/Sampler Instruments/03 Drums & Percussion/03 Single Drums/02 Snares/Electronic Snares/Electronic Snare D1 40.exs
Logic	exs	Electronic Snare D1 41	/Library/Application Support/Logic/Sampler Instruments/03 Drums & Percussion/03 Single Drums/02 Snares/Electronic Snares/Electronic Snare D1 41.exs
Logic	exs	Electronic Snare D1 42	/Library/Application Support/Logic/Sampler Instruments/03 Drums & Percussion/03 Single Drums/02 Snares/Electronic Snares/Electronic Snare D1 42.exs
Logic	exs	Electronic Snare D1 43	/Library/Application Support/Logic/Sampler Instruments/03 Drums & Percussion/03 Single Drums/02 Snares/Electronic Snares/Electronic Snare D1 43.exs
Logic	exs	Electronic Snare D1 44	/Library/Application Support/Logic/Sampler Instruments/03 Drums & Percussion/03 Single Drums/02 Snares/Electronic Snares/Electronic Snare D1 44.exs
Logic	exs	Electronic Snare D1 45	/Library/Application Support/Logic/Sampler Instruments/03 Drums & Percussion/03 Single Drums/02 Snares/Electronic Snares/Electronic Snare D1 45.exs
Logic	exs	Electronic Snare D1 46	/Library/Application Support/Logic/Sampler Instruments/03 Drums & Percussion/03 Single Drums/02 Snares/Electronic Snares/Electronic Snare D1 46.exs
Logic	exs	Electronic Snare D1 47	/Library/Application Support/Logic/Sampler Instruments/03 Drums & Percussion/03 Single Drums/02 Snares/Electronic Snares/Electronic Snare D1 47.exs
Logic	exs	Electronic Snare D1 48	/Library/Application Support/Logic/Sampler Instruments/03 Drums & Percussion/03 Single Drums/02 Snares/Electronic Snares/Electronic Snare D1 48.exs
Logic	exs	Electronic Snare D1 49	/Library/Application Support/Logic/Sampler Instruments/03 Drums & Percussion/03 Single Drums/02 Snares/Electronic Snares/Electronic Snare D1 49.exs
Logic	exs	Electronic Snare D1 5	/Library/Application Support/Logic/Sampler Instruments/03 Drums & Percussion/03 Single Drums/02 Snares/Electronic Snares/Electronic Snare D1 5.exs
Logic	exs	Electronic Snare D1 50	/Library/Application Support/Logic/Sampler Instruments/03 Drums & Percussion/03 Single Drums/02 Snares/Electronic Snares/Electronic Snare D1 50.exs
Logic	exs	Electronic Snare D1 51	/Library/Application Support/Logic/Sampler Instruments/03 Drums & Percussion/03 Single Drums/02 Snares/Electronic Snares/Electronic Snare D1 51.exs
Logic	exs	Electronic Snare D1 52	/Library/Application Support/Logic/Sampler Instruments/03 Drums & Percussion/03 Single Drums/02 Snares/Electronic Snares/Electronic Snare D1 52.exs
Logic	exs	Electronic Snare D1 53	/Library/Application Support/Logic/Sampler Instruments/03 Drums & Percussion/03 Single Drums/02 Snares/Electronic Snares/Electronic Snare D1 53.exs
Logic	exs	Electronic Snare D1 54	/Library/Application Support/Logic/Sampler Instruments/03 Drums & Percussion/03 Single Drums/02 Snares/Electronic Snares/Electronic Snare D1 54.exs
Logic	exs	Electronic Snare D1 55	/Library/Application Support/Logic/Sampler Instruments/03 Drums & Percussion/03 Single Drums/02 Snares/Electronic Snares/Electronic Snare D1 55.exs
Logic	exs	Electronic Snare D1 56	/Library/Application Support/Logic/Sampler Instruments/03 Drums & Percussion/03 Single Drums/02 Snares/Electronic Snares/Electronic Snare D1 56.exs
Logic	exs	Electronic Snare D1 57	/Library/Application Support/Logic/Sampler Instruments/03 Drums & Percussion/03 Single Drums/02 Snares/Electronic Snares/Electronic Snare D1 57.exs
Logic	exs	Electronic Snare D1 58	/Library/Application Support/Logic/Sampler Instruments/03 Drums & Percussion/03 Single Drums/02 Snares/Electronic Snares/Electronic Snare D1 58.exs
Logic	exs	Electronic Snare D1 59	/Library/Application Support/Logic/Sampler Instruments/03 Drums & Percussion/03 Single Drums/02 Snares/Electronic Snares/Electronic Snare D1 59.exs
Logic	exs	Electronic Snare D1 6	/Library/Application Support/Logic/Sampler Instruments/03 Drums & Percussion/03 Single Drums/02 Snares/Electronic Snares/Electronic Snare D1 6.exs
Logic	exs	Electronic Snare D1 60	/Library/Application Support/Logic/Sampler Instruments/03 Drums & Percussion/03 Single Drums/02 Snares/Electronic Snares/Electronic Snare D1 60.exs
Logic	exs	Electronic Snare D1 61	/Library/Application Support/Logic/Sampler Instruments/03 Drums & Percussion/03 Single Drums/02 Snares/Electronic Snares/Electronic Snare D1 61.exs
Logic	exs	Electronic Snare D1 62	/Library/Application Support/Logic/Sampler Instruments/03 Drums & Percussion/03 Single Drums/02 Snares/Electronic Snares/Electronic Snare D1 62.exs
Logic	exs	Electronic Snare D1 63	/Library/Application Support/Logic/Sampler Instruments/03 Drums & Percussion/03 Single Drums/02 Snares/Electronic Snares/Electronic Snare D1 63.exs
Logic	exs	Electronic Snare D1 64	/Library/Application Support/Logic/Sampler Instruments/03 Drums & Percussion/03 Single Drums/02 Snares/Electronic Snares/Electronic Snare D1 64.exs
Logic	exs	Electronic Snare D1 65	/Library/Application Support/Logic/Sampler Instruments/03 Drums & Percussion/03 Single Drums/02 Snares/Electronic Snares/Electronic Snare D1 65.exs
Logic	exs	Electronic Snare D1 66	/Library/Application Support/Logic/Sampler Instruments/03 Drums & Percussion/03 Single Drums/02 Snares/Electronic Snares/Electronic Snare D1 66.exs
Logic	exs	Electronic Snare D1 67	/Library/Application Support/Logic/Sampler Instruments/03 Drums & Percussion/03 Single Drums/02 Snares/Electronic Snares/Electronic Snare D1 67.exs
Logic	exs	Electronic Snare D1 7	/Library/Application Support/Logic/Sampler Instruments/03 Drums & Percussion/03 Single Drums/02 Snares/Electronic Snares/Electronic Snare D1 7.exs
Logic	exs	Electronic Snare D1 8	/Library/Application Support/Logic/Sampler Instruments/03 Drums & Percussion/03 Single Drums/02 Snares/Electronic Snares/Electronic Snare D1 8.exs
Logic	exs	Electronic Snare D1 9	/Library/Application Support/Logic/Sampler Instruments/03 Drums & Percussion/03 Single Drums/02 Snares/Electronic Snares/Electronic Snare D1 9.exs
Logic	exs	Body Snare D1 01	/Library/Application Support/Logic/Sampler Instruments/03 Drums & Percussion/03 Single Drums/02 Snares/Layer Snares/Body Snare D1 01.exs
Logic	exs	Body Snare D1 02	/Library/Application Support/Logic/Sampler Instruments/03 Drums & Percussion/03 Single Drums/02 Snares/Layer Snares/Body Snare D1 02.exs
Logic	exs	Body Snare D1 03	/Library/Application Support/Logic/Sampler Instruments/03 Drums & Percussion/03 Single Drums/02 Snares/Layer Snares/Body Snare D1 03.exs
Logic	exs	Body Snare D1 04	/Library/Application Support/Logic/Sampler Instruments/03 Drums & Percussion/03 Single Drums/02 Snares/Layer Snares/Body Snare D1 04.exs
Logic	exs	Body Snare D1 05	/Library/Application Support/Logic/Sampler Instruments/03 Drums & Percussion/03 Single Drums/02 Snares/Layer Snares/Body Snare D1 05.exs
Logic	exs	Body Snare D1 06	/Library/Application Support/Logic/Sampler Instruments/03 Drums & Percussion/03 Single Drums/02 Snares/Layer Snares/Body Snare D1 06.exs
Logic	exs	Body Snare D1 07	/Library/Application Support/Logic/Sampler Instruments/03 Drums & Percussion/03 Single Drums/02 Snares/Layer Snares/Body Snare D1 07.exs
Logic	exs	Body Snare D1 08	/Library/Application Support/Logic/Sampler Instruments/03 Drums & Percussion/03 Single Drums/02 Snares/Layer Snares/Body Snare D1 08.exs
Logic	exs	Body Snare D1 09	/Library/Application Support/Logic/Sampler Instruments/03 Drums & Percussion/03 Single Drums/02 Snares/Layer Snares/Body Snare D1 09.exs
Logic	exs	Body Snare D1 10	/Library/Application Support/Logic/Sampler Instruments/03 Drums & Percussion/03 Single Drums/02 Snares/Layer Snares/Body Snare D1 10.exs
Logic	exs	Body Snare D1 11	/Library/Application Support/Logic/Sampler Instruments/03 Drums & Percussion/03 Single Drums/02 Snares/Layer Snares/Body Snare D1 11.exs
Logic	exs	Body Snare D1 12	/Library/Application Support/Logic/Sampler Instruments/03 Drums & Percussion/03 Single Drums/02 Snares/Layer Snares/Body Snare D1 12.exs
Logic	exs	Body Snare D1 13	/Library/Application Support/Logic/Sampler Instruments/03 Drums & Percussion/03 Single Drums/02 Snares/Layer Snares/Body Snare D1 13.exs
Logic	exs	Body Snare D1 14	/Library/Application Support/Logic/Sampler Instruments/03 Drums & Percussion/03 Single Drums/02 Snares/Layer Snares/Body Snare D1 14.exs
Logic	exs	Body Snare D1 15	/Library/Application Support/Logic/Sampler Instruments/03 Drums & Percussion/03 Single Drums/02 Snares/Layer Snares/Body Snare D1 15.exs
Logic	exs	Body Snare D1 16	/Library/Application Support/Logic/Sampler Instruments/03 Drums & Percussion/03 Single Drums/02 Snares/Layer Snares/Body Snare D1 16.exs
Logic	exs	Body Snare D1 17	/Library/Application Support/Logic/Sampler Instruments/03 Drums & Percussion/03 Single Drums/02 Snares/Layer Snares/Body Snare D1 17.exs
Logic	exs	Transient Snare D1 01	/Library/Application Support/Logic/Sampler Instruments/03 Drums & Percussion/03 Single Drums/02 Snares/Layer Snares/Transient Snare D1 01.exs
Logic	exs	Transient Snare D1 02	/Library/Application Support/Logic/Sampler Instruments/03 Drums & Percussion/03 Single Drums/02 Snares/Layer Snares/Transient Snare D1 02.exs
Logic	exs	Transient Snare D1 03	/Library/Application Support/Logic/Sampler Instruments/03 Drums & Percussion/03 Single Drums/02 Snares/Layer Snares/Transient Snare D1 03.exs
Logic	exs	Transient Snare D1 04	/Library/Application Support/Logic/Sampler Instruments/03 Drums & Percussion/03 Single Drums/02 Snares/Layer Snares/Transient Snare D1 04.exs
Logic	exs	Transient Snare D1 05	/Library/Application Support/Logic/Sampler Instruments/03 Drums & Percussion/03 Single Drums/02 Snares/Layer Snares/Transient Snare D1 05.exs
Logic	exs	Transient Snare D1 06	/Library/Application Support/Logic/Sampler Instruments/03 Drums & Percussion/03 Single Drums/02 Snares/Layer Snares/Transient Snare D1 06.exs
Logic	exs	Transient Snare D1 07	/Library/Application Support/Logic/Sampler Instruments/03 Drums & Percussion/03 Single Drums/02 Snares/Layer Snares/Transient Snare D1 07.exs
Logic	exs	Transient Snare D1 08	/Library/Application Support/Logic/Sampler Instruments/03 Drums & Percussion/03 Single Drums/02 Snares/Layer Snares/Transient Snare D1 08.exs
Logic	exs	Transient Snare D1 09	/Library/Application Support/Logic/Sampler Instruments/03 Drums & Percussion/03 Single Drums/02 Snares/Layer Snares/Transient Snare D1 09.exs
Logic	exs	Transient Snare D1 10	/Library/Application Support/Logic/Sampler Instruments/03 Drums & Percussion/03 Single Drums/02 Snares/Layer Snares/Transient Snare D1 10.exs
Logic	exs	Transient Snare D1 11	/Library/Application Support/Logic/Sampler Instruments/03 Drums & Percussion/03 Single Drums/02 Snares/Layer Snares/Transient Snare D1 11.exs
Logic	exs	Transient Snare D1 12	/Library/Application Support/Logic/Sampler Instruments/03 Drums & Percussion/03 Single Drums/02 Snares/Layer Snares/Transient Snare D1 12.exs
Logic	exs	Transient Snare D1 13	/Library/Application Support/Logic/Sampler Instruments/03 Drums & Percussion/03 Single Drums/02 Snares/Layer Snares/Transient Snare D1 13.exs
Logic	exs	Transient Snare D1 14	/Library/Application Support/Logic/Sampler Instruments/03 Drums & Percussion/03 Single Drums/02 Snares/Layer Snares/Transient Snare D1 14.exs
Logic	exs	Transient Snare D1 15	/Library/Application Support/Logic/Sampler Instruments/03 Drums & Percussion/03 Single Drums/02 Snares/Layer Snares/Transient Snare D1 15.exs
Logic	exs	Transient Snare D1 16	/Library/Application Support/Logic/Sampler Instruments/03 Drums & Percussion/03 Single Drums/02 Snares/Layer Snares/Transient Snare D1 16.exs
Logic	exs	Transient Snare D1 17	/Library/Application Support/Logic/Sampler Instruments/03 Drums & Percussion/03 Single Drums/02 Snares/Layer Snares/Transient Snare D1 17.exs
Logic	exs	Transient Snare D1 18	/Library/Application Support/Logic/Sampler Instruments/03 Drums & Percussion/03 Single Drums/02 Snares/Layer Snares/Transient Snare D1 18.exs
Logic	exs	Acoustic 10" Tom C2 1	/Library/Application Support/Logic/Sampler Instruments/03 Drums & Percussion/03 Single Drums/03 Toms/Acoustic Toms/Acoustic 10" Tom C2 1.exs
Logic	exs	Acoustic 10" Tom C2 10	/Library/Application Support/Logic/Sampler Instruments/03 Drums & Percussion/03 Single Drums/03 Toms/Acoustic Toms/Acoustic 10" Tom C2 10.exs
Logic	exs	Acoustic 10" Tom C2 11	/Library/Application Support/Logic/Sampler Instruments/03 Drums & Percussion/03 Single Drums/03 Toms/Acoustic Toms/Acoustic 10" Tom C2 11.exs
Logic	exs	Acoustic 10" Tom C2 12	/Library/Application Support/Logic/Sampler Instruments/03 Drums & Percussion/03 Single Drums/03 Toms/Acoustic Toms/Acoustic 10" Tom C2 12.exs
Logic	exs	Acoustic 10" Tom C2 2	/Library/Application Support/Logic/Sampler Instruments/03 Drums & Percussion/03 Single Drums/03 Toms/Acoustic Toms/Acoustic 10" Tom C2 2.exs
Logic	exs	Acoustic 10" Tom C2 3	/Library/Application Support/Logic/Sampler Instruments/03 Drums & Percussion/03 Single Drums/03 Toms/Acoustic Toms/Acoustic 10" Tom C2 3.exs
Logic	exs	Acoustic 10" Tom C2 4	/Library/Application Support/Logic/Sampler Instruments/03 Drums & Percussion/03 Single Drums/03 Toms/Acoustic Toms/Acoustic 10" Tom C2 4.exs
Logic	exs	Acoustic 10" Tom C2 5	/Library/Application Support/Logic/Sampler Instruments/03 Drums & Percussion/03 Single Drums/03 Toms/Acoustic Toms/Acoustic 10" Tom C2 5.exs
Logic	exs	Acoustic 10" Tom C2 6	/Library/Application Support/Logic/Sampler Instruments/03 Drums & Percussion/03 Single Drums/03 Toms/Acoustic Toms/Acoustic 10" Tom C2 6.exs
Logic	exs	Acoustic 10" Tom C2 7	/Library/Application Support/Logic/Sampler Instruments/03 Drums & Percussion/03 Single Drums/03 Toms/Acoustic Toms/Acoustic 10" Tom C2 7.exs
Logic	exs	Acoustic 10" Tom C2 8	/Library/Application Support/Logic/Sampler Instruments/03 Drums & Percussion/03 Single Drums/03 Toms/Acoustic Toms/Acoustic 10" Tom C2 8.exs
Logic	exs	Acoustic 10" Tom C2 9	/Library/Application Support/Logic/Sampler Instruments/03 Drums & Percussion/03 Single Drums/03 Toms/Acoustic Toms/Acoustic 10" Tom C2 9.exs
Logic	exs	Acoustic 12" Tom B1 1	/Library/Application Support/Logic/Sampler Instruments/03 Drums & Percussion/03 Single Drums/03 Toms/Acoustic Toms/Acoustic 12" Tom B1 1.exs
Logic	exs	Acoustic 12" Tom B1 10	/Library/Application Support/Logic/Sampler Instruments/03 Drums & Percussion/03 Single Drums/03 Toms/Acoustic Toms/Acoustic 12" Tom B1 10.exs
Logic	exs	Acoustic 12" Tom B1 11	/Library/Application Support/Logic/Sampler Instruments/03 Drums & Percussion/03 Single Drums/03 Toms/Acoustic Toms/Acoustic 12" Tom B1 11.exs
Logic	exs	Acoustic 12" Tom B1 12	/Library/Application Support/Logic/Sampler Instruments/03 Drums & Percussion/03 Single Drums/03 Toms/Acoustic Toms/Acoustic 12" Tom B1 12.exs
Logic	exs	Acoustic 12" Tom B1 13	/Library/Application Support/Logic/Sampler Instruments/03 Drums & Percussion/03 Single Drums/03 Toms/Acoustic Toms/Acoustic 12" Tom B1 13.exs
Logic	exs	Acoustic 12" Tom B1 2	/Library/Application Support/Logic/Sampler Instruments/03 Drums & Percussion/03 Single Drums/03 Toms/Acoustic Toms/Acoustic 12" Tom B1 2.exs
Logic	exs	Acoustic 12" Tom B1 3	/Library/Application Support/Logic/Sampler Instruments/03 Drums & Percussion/03 Single Drums/03 Toms/Acoustic Toms/Acoustic 12" Tom B1 3.exs
Logic	exs	Acoustic 12" Tom B1 4	/Library/Application Support/Logic/Sampler Instruments/03 Drums & Percussion/03 Single Drums/03 Toms/Acoustic Toms/Acoustic 12" Tom B1 4.exs
Logic	exs	Acoustic 12" Tom B1 5	/Library/Application Support/Logic/Sampler Instruments/03 Drums & Percussion/03 Single Drums/03 Toms/Acoustic Toms/Acoustic 12" Tom B1 5.exs
Logic	exs	Acoustic 12" Tom B1 6	/Library/Application Support/Logic/Sampler Instruments/03 Drums & Percussion/03 Single Drums/03 Toms/Acoustic Toms/Acoustic 12" Tom B1 6.exs
Logic	exs	Acoustic 12" Tom B1 7	/Library/Application Support/Logic/Sampler Instruments/03 Drums & Percussion/03 Single Drums/03 Toms/Acoustic Toms/Acoustic 12" Tom B1 7.exs
Logic	exs	Acoustic 12" Tom B1 8	/Library/Application Support/Logic/Sampler Instruments/03 Drums & Percussion/03 Single Drums/03 Toms/Acoustic Toms/Acoustic 12" Tom B1 8.exs
Logic	exs	Acoustic 12" Tom B1 9	/Library/Application Support/Logic/Sampler Instruments/03 Drums & Percussion/03 Single Drums/03 Toms/Acoustic Toms/Acoustic 12" Tom B1 9.exs
Logic	exs	Acoustic 13" Tom A1 1	/Library/Application Support/Logic/Sampler Instruments/03 Drums & Percussion/03 Single Drums/03 Toms/Acoustic Toms/Acoustic 13" Tom A1 1.exs
Logic	exs	Acoustic 13" Tom A1 2	/Library/Application Support/Logic/Sampler Instruments/03 Drums & Percussion/03 Single Drums/03 Toms/Acoustic Toms/Acoustic 13" Tom A1 2.exs
Logic	exs	Acoustic 13" Tom A1 3	/Library/Application Support/Logic/Sampler Instruments/03 Drums & Percussion/03 Single Drums/03 Toms/Acoustic Toms/Acoustic 13" Tom A1 3.exs
Logic	exs	Acoustic 13" Tom A1 4	/Library/Application Support/Logic/Sampler Instruments/03 Drums & Percussion/03 Single Drums/03 Toms/Acoustic Toms/Acoustic 13" Tom A1 4.exs
Logic	exs	Acoustic 13" Tom A1 5	/Library/Application Support/Logic/Sampler Instruments/03 Drums & Percussion/03 Single Drums/03 Toms/Acoustic Toms/Acoustic 13" Tom A1 5.exs
Logic	exs	Acoustic 14" Tom G1 1	/Library/Application Support/Logic/Sampler Instruments/03 Drums & Percussion/03 Single Drums/03 Toms/Acoustic Toms/Acoustic 14" Tom G1 1.exs
Logic	exs	Acoustic 14" Tom G1 10	/Library/Application Support/Logic/Sampler Instruments/03 Drums & Percussion/03 Single Drums/03 Toms/Acoustic Toms/Acoustic 14" Tom G1 10.exs
Logic	exs	Acoustic 14" Tom G1 11	/Library/Application Support/Logic/Sampler Instruments/03 Drums & Percussion/03 Single Drums/03 Toms/Acoustic Toms/Acoustic 14" Tom G1 11.exs
Logic	exs	Acoustic 14" Tom G1 2	/Library/Application Support/Logic/Sampler Instruments/03 Drums & Percussion/03 Single Drums/03 Toms/Acoustic Toms/Acoustic 14" Tom G1 2.exs
Logic	exs	Acoustic 14" Tom G1 3	/Library/Application Support/Logic/Sampler Instruments/03 Drums & Percussion/03 Single Drums/03 Toms/Acoustic Toms/Acoustic 14" Tom G1 3.exs
Logic	exs	Acoustic 14" Tom G1 4	/Library/Application Support/Logic/Sampler Instruments/03 Drums & Percussion/03 Single Drums/03 Toms/Acoustic Toms/Acoustic 14" Tom G1 4.exs
Logic	exs	Acoustic 14" Tom G1 5	/Library/Application Support/Logic/Sampler Instruments/03 Drums & Percussion/03 Single Drums/03 Toms/Acoustic Toms/Acoustic 14" Tom G1 5.exs
Logic	exs	Acoustic 14" Tom G1 6	/Library/Application Support/Logic/Sampler Instruments/03 Drums & Percussion/03 Single Drums/03 Toms/Acoustic Toms/Acoustic 14" Tom G1 6.exs
Logic	exs	Acoustic 14" Tom G1 7	/Library/Application Support/Logic/Sampler Instruments/03 Drums & Percussion/03 Single Drums/03 Toms/Acoustic Toms/Acoustic 14" Tom G1 7.exs
Logic	exs	Acoustic 14" Tom G1 8	/Library/Application Support/Logic/Sampler Instruments/03 Drums & Percussion/03 Single Drums/03 Toms/Acoustic Toms/Acoustic 14" Tom G1 8.exs
Logic	exs	Acoustic 14" Tom G1 9	/Library/Application Support/Logic/Sampler Instruments/03 Drums & Percussion/03 Single Drums/03 Toms/Acoustic Toms/Acoustic 14" Tom G1 9.exs
Logic	exs	Acoustic 16" Tom F1 1	/Library/Application Support/Logic/Sampler Instruments/03 Drums & Percussion/03 Single Drums/03 Toms/Acoustic Toms/Acoustic 16" Tom F1 1.exs
Logic	exs	Acoustic 16" Tom F1 2	/Library/Application Support/Logic/Sampler Instruments/03 Drums & Percussion/03 Single Drums/03 Toms/Acoustic Toms/Acoustic 16" Tom F1 2.exs
Logic	exs	Acoustic 16" Tom F1 3	/Library/Application Support/Logic/Sampler Instruments/03 Drums & Percussion/03 Single Drums/03 Toms/Acoustic Toms/Acoustic 16" Tom F1 3.exs
Logic	exs	Acoustic 16" Tom F1 4	/Library/Application Support/Logic/Sampler Instruments/03 Drums & Percussion/03 Single Drums/03 Toms/Acoustic Toms/Acoustic 16" Tom F1 4.exs
Logic	exs	Acoustic 16" Tom F1 5	/Library/Application Support/Logic/Sampler Instruments/03 Drums & Percussion/03 Single Drums/03 Toms/Acoustic Toms/Acoustic 16" Tom F1 5.exs
Logic	exs	Acoustic 16" Tom F1 6	/Library/Application Support/Logic/Sampler Instruments/03 Drums & Percussion/03 Single Drums/03 Toms/Acoustic Toms/Acoustic 16" Tom F1 6.exs
Logic	exs	Acoustic 8" Tom D2 1	/Library/Application Support/Logic/Sampler Instruments/03 Drums & Percussion/03 Single Drums/03 Toms/Acoustic Toms/Acoustic 8" Tom D2 1.exs
Logic	exs	Acoustic 8" Tom D2 2	/Library/Application Support/Logic/Sampler Instruments/03 Drums & Percussion/03 Single Drums/03 Toms/Acoustic Toms/Acoustic 8" Tom D2 2.exs
Logic	exs	Acoustic 8" Tom D2 3	/Library/Application Support/Logic/Sampler Instruments/03 Drums & Percussion/03 Single Drums/03 Toms/Acoustic Toms/Acoustic 8" Tom D2 3.exs
Logic	exs	Acoustic 8" Tom D2 4	/Library/Application Support/Logic/Sampler Instruments/03 Drums & Percussion/03 Single Drums/03 Toms/Acoustic Toms/Acoustic 8" Tom D2 4.exs
Logic	exs	Acoustic 8" Tom D2 5	/Library/Application Support/Logic/Sampler Instruments/03 Drums & Percussion/03 Single Drums/03 Toms/Acoustic Toms/Acoustic 8" Tom D2 5.exs
Logic	exs	Acoustic 8" Tom D2 6	/Library/Application Support/Logic/Sampler Instruments/03 Drums & Percussion/03 Single Drums/03 Toms/Acoustic Toms/Acoustic 8" Tom D2 6.exs
Logic	exs	Electronic 10" Tom C2 1	/Library/Application Support/Logic/Sampler Instruments/03 Drums & Percussion/03 Single Drums/03 Toms/Electronic Toms/Electronic 10" Tom C2 1.exs
Logic	exs	Electronic 10" Tom C2 2	/Library/Application Support/Logic/Sampler Instruments/03 Drums & Percussion/03 Single Drums/03 Toms/Electronic Toms/Electronic 10" Tom C2 2.exs
Logic	exs	Electronic 10" Tom C2 3	/Library/Application Support/Logic/Sampler Instruments/03 Drums & Percussion/03 Single Drums/03 Toms/Electronic Toms/Electronic 10" Tom C2 3.exs
Logic	exs	Electronic 10" Tom C2 4	/Library/Application Support/Logic/Sampler Instruments/03 Drums & Percussion/03 Single Drums/03 Toms/Electronic Toms/Electronic 10" Tom C2 4.exs
Logic	exs	Electronic 10" Tom C2 5	/Library/Application Support/Logic/Sampler Instruments/03 Drums & Percussion/03 Single Drums/03 Toms/Electronic Toms/Electronic 10" Tom C2 5.exs
Logic	exs	Electronic 10" Tom C2 6	/Library/Application Support/Logic/Sampler Instruments/03 Drums & Percussion/03 Single Drums/03 Toms/Electronic Toms/Electronic 10" Tom C2 6.exs
Logic	exs	Electronic 10" Tom C2 7	/Library/Application Support/Logic/Sampler Instruments/03 Drums & Percussion/03 Single Drums/03 Toms/Electronic Toms/Electronic 10" Tom C2 7.exs
Logic	exs	Electronic 10" Tom C2 8	/Library/Application Support/Logic/Sampler Instruments/03 Drums & Percussion/03 Single Drums/03 Toms/Electronic Toms/Electronic 10" Tom C2 8.exs
Logic	exs	Electronic 10" Tom C2 9	/Library/Application Support/Logic/Sampler Instruments/03 Drums & Percussion/03 Single Drums/03 Toms/Electronic Toms/Electronic 10" Tom C2 9.exs
Logic	exs	Electronic 12" Tom B1 1	/Library/Application Support/Logic/Sampler Instruments/03 Drums & Percussion/03 Single Drums/03 Toms/Electronic Toms/Electronic 12" Tom B1 1.exs
Logic	exs	Electronic 12" Tom B1 2	/Library/Application Support/Logic/Sampler Instruments/03 Drums & Percussion/03 Single Drums/03 Toms/Electronic Toms/Electronic 12" Tom B1 2.exs
Logic	exs	Electronic 12" Tom B1 3	/Library/Application Support/Logic/Sampler Instruments/03 Drums & Percussion/03 Single Drums/03 Toms/Electronic Toms/Electronic 12" Tom B1 3.exs
Logic	exs	Electronic 12" Tom B1 4	/Library/Application Support/Logic/Sampler Instruments/03 Drums & Percussion/03 Single Drums/03 Toms/Electronic Toms/Electronic 12" Tom B1 4.exs
Logic	exs	Electronic 12" Tom B1 5	/Library/Application Support/Logic/Sampler Instruments/03 Drums & Percussion/03 Single Drums/03 Toms/Electronic Toms/Electronic 12" Tom B1 5.exs
Logic	exs	Electronic 12" Tom B1 6	/Library/Application Support/Logic/Sampler Instruments/03 Drums & Percussion/03 Single Drums/03 Toms/Electronic Toms/Electronic 12" Tom B1 6.exs
Logic	exs	Electronic 12" Tom B1 7	/Library/Application Support/Logic/Sampler Instruments/03 Drums & Percussion/03 Single Drums/03 Toms/Electronic Toms/Electronic 12" Tom B1 7.exs
Logic	exs	Electronic 13" Tom A1 1	/Library/Application Support/Logic/Sampler Instruments/03 Drums & Percussion/03 Single Drums/03 Toms/Electronic Toms/Electronic 13" Tom A1 1.exs
Logic	exs	Electronic 13" Tom A1 2	/Library/Application Support/Logic/Sampler Instruments/03 Drums & Percussion/03 Single Drums/03 Toms/Electronic Toms/Electronic 13" Tom A1 2.exs
Logic	exs	Electronic 13" Tom A1 3	/Library/Application Support/Logic/Sampler Instruments/03 Drums & Percussion/03 Single Drums/03 Toms/Electronic Toms/Electronic 13" Tom A1 3.exs
Logic	exs	Electronic 13" Tom A1 4	/Library/Application Support/Logic/Sampler Instruments/03 Drums & Percussion/03 Single Drums/03 Toms/Electronic Toms/Electronic 13" Tom A1 4.exs
Logic	exs	Electronic 13" Tom A1 5	/Library/Application Support/Logic/Sampler Instruments/03 Drums & Percussion/03 Single Drums/03 Toms/Electronic Toms/Electronic 13" Tom A1 5.exs
Logic	exs	Electronic 13" Tom A1 6	/Library/Application Support/Logic/Sampler Instruments/03 Drums & Percussion/03 Single Drums/03 Toms/Electronic Toms/Electronic 13" Tom A1 6.exs
Logic	exs	Electronic 13" Tom A1 7	/Library/Application Support/Logic/Sampler Instruments/03 Drums & Percussion/03 Single Drums/03 Toms/Electronic Toms/Electronic 13" Tom A1 7.exs
Logic	exs	Electronic 13" Tom A1 8	/Library/Application Support/Logic/Sampler Instruments/03 Drums & Percussion/03 Single Drums/03 Toms/Electronic Toms/Electronic 13" Tom A1 8.exs
Logic	exs	Electronic 14" Tom G1 1	/Library/Application Support/Logic/Sampler Instruments/03 Drums & Percussion/03 Single Drums/03 Toms/Electronic Toms/Electronic 14" Tom G1 1.exs
Logic	exs	Electronic 14" Tom G1 2	/Library/Application Support/Logic/Sampler Instruments/03 Drums & Percussion/03 Single Drums/03 Toms/Electronic Toms/Electronic 14" Tom G1 2.exs
Logic	exs	Electronic 14" Tom G1 3	/Library/Application Support/Logic/Sampler Instruments/03 Drums & Percussion/03 Single Drums/03 Toms/Electronic Toms/Electronic 14" Tom G1 3.exs
Logic	exs	Electronic 14" Tom G1 4	/Library/Application Support/Logic/Sampler Instruments/03 Drums & Percussion/03 Single Drums/03 Toms/Electronic Toms/Electronic 14" Tom G1 4.exs
Logic	exs	Electronic 14" Tom G1 5	/Library/Application Support/Logic/Sampler Instruments/03 Drums & Percussion/03 Single Drums/03 Toms/Electronic Toms/Electronic 14" Tom G1 5.exs
Logic	exs	Electronic 14" Tom G1 6	/Library/Application Support/Logic/Sampler Instruments/03 Drums & Percussion/03 Single Drums/03 Toms/Electronic Toms/Electronic 14" Tom G1 6.exs
Logic	exs	Electronic 16" Tom F1 1	/Library/Application Support/Logic/Sampler Instruments/03 Drums & Percussion/03 Single Drums/03 Toms/Electronic Toms/Electronic 16" Tom F1 1.exs
Logic	exs	Electronic 16" Tom F1 2	/Library/Application Support/Logic/Sampler Instruments/03 Drums & Percussion/03 Single Drums/03 Toms/Electronic Toms/Electronic 16" Tom F1 2.exs
Logic	exs	Electronic 16" Tom F1 3	/Library/Application Support/Logic/Sampler Instruments/03 Drums & Percussion/03 Single Drums/03 Toms/Electronic Toms/Electronic 16" Tom F1 3.exs
Logic	exs	Electronic 16" Tom F1 4	/Library/Application Support/Logic/Sampler Instruments/03 Drums & Percussion/03 Single Drums/03 Toms/Electronic Toms/Electronic 16" Tom F1 4.exs
Logic	exs	Electronic 16" Tom F1 5	/Library/Application Support/Logic/Sampler Instruments/03 Drums & Percussion/03 Single Drums/03 Toms/Electronic Toms/Electronic 16" Tom F1 5.exs
Logic	exs	Electronic 16" Tom F1 6	/Library/Application Support/Logic/Sampler Instruments/03 Drums & Percussion/03 Single Drums/03 Toms/Electronic Toms/Electronic 16" Tom F1 6.exs
Logic	exs	Electronic 16" Tom F1 7	/Library/Application Support/Logic/Sampler Instruments/03 Drums & Percussion/03 Single Drums/03 Toms/Electronic Toms/Electronic 16" Tom F1 7.exs
Logic	exs	Electronic 16" Tom F1 8	/Library/Application Support/Logic/Sampler Instruments/03 Drums & Percussion/03 Single Drums/03 Toms/Electronic Toms/Electronic 16" Tom F1 8.exs
Logic	exs	Electronic 16" Tom F1 9	/Library/Application Support/Logic/Sampler Instruments/03 Drums & Percussion/03 Single Drums/03 Toms/Electronic Toms/Electronic 16" Tom F1 9.exs
Logic	exs	Electronic 8" Tom D2 1	/Library/Application Support/Logic/Sampler Instruments/03 Drums & Percussion/03 Single Drums/03 Toms/Electronic Toms/Electronic 8" Tom D2 1.exs
Logic	exs	Electronic 8" Tom D2 2	/Library/Application Support/Logic/Sampler Instruments/03 Drums & Percussion/03 Single Drums/03 Toms/Electronic Toms/Electronic 8" Tom D2 2.exs
Logic	exs	Electronic 8" Tom D2 3	/Library/Application Support/Logic/Sampler Instruments/03 Drums & Percussion/03 Single Drums/03 Toms/Electronic Toms/Electronic 8" Tom D2 3.exs
Logic	exs	Electronic 8" Tom D2 4	/Library/Application Support/Logic/Sampler Instruments/03 Drums & Percussion/03 Single Drums/03 Toms/Electronic Toms/Electronic 8" Tom D2 4.exs
Logic	exs	Electronic 8" Tom D2 5	/Library/Application Support/Logic/Sampler Instruments/03 Drums & Percussion/03 Single Drums/03 Toms/Electronic Toms/Electronic 8" Tom D2 5.exs
Logic	exs	Body Tom 1	/Library/Application Support/Logic/Sampler Instruments/03 Drums & Percussion/03 Single Drums/03 Toms/Layer Toms/Body Tom 1.exs
Logic	exs	Body Tom 10	/Library/Application Support/Logic/Sampler Instruments/03 Drums & Percussion/03 Single Drums/03 Toms/Layer Toms/Body Tom 10.exs
Logic	exs	Body Tom 11	/Library/Application Support/Logic/Sampler Instruments/03 Drums & Percussion/03 Single Drums/03 Toms/Layer Toms/Body Tom 11.exs
Logic	exs	Body Tom 12	/Library/Application Support/Logic/Sampler Instruments/03 Drums & Percussion/03 Single Drums/03 Toms/Layer Toms/Body Tom 12.exs
Logic	exs	Body Tom 2	/Library/Application Support/Logic/Sampler Instruments/03 Drums & Percussion/03 Single Drums/03 Toms/Layer Toms/Body Tom 2.exs
Logic	exs	Body Tom 3	/Library/Application Support/Logic/Sampler Instruments/03 Drums & Percussion/03 Single Drums/03 Toms/Layer Toms/Body Tom 3.exs
Logic	exs	Body Tom 4	/Library/Application Support/Logic/Sampler Instruments/03 Drums & Percussion/03 Single Drums/03 Toms/Layer Toms/Body Tom 4.exs
Logic	exs	Body Tom 5	/Library/Application Support/Logic/Sampler Instruments/03 Drums & Percussion/03 Single Drums/03 Toms/Layer Toms/Body Tom 5.exs
Logic	exs	Body Tom 6	/Library/Application Support/Logic/Sampler Instruments/03 Drums & Percussion/03 Single Drums/03 Toms/Layer Toms/Body Tom 6.exs
Logic	exs	Body Tom 7	/Library/Application Support/Logic/Sampler Instruments/03 Drums & Percussion/03 Single Drums/03 Toms/Layer Toms/Body Tom 7.exs
Logic	exs	Body Tom 8	/Library/Application Support/Logic/Sampler Instruments/03 Drums & Percussion/03 Single Drums/03 Toms/Layer Toms/Body Tom 8.exs
Logic	exs	Body Tom 9	/Library/Application Support/Logic/Sampler Instruments/03 Drums & Percussion/03 Single Drums/03 Toms/Layer Toms/Body Tom 9.exs
Logic	exs	Transient Tom 1	/Library/Application Support/Logic/Sampler Instruments/03 Drums & Percussion/03 Single Drums/03 Toms/Layer Toms/Transient Tom 1.exs
Logic	exs	Transient Tom 10	/Library/Application Support/Logic/Sampler Instruments/03 Drums & Percussion/03 Single Drums/03 Toms/Layer Toms/Transient Tom 10.exs
Logic	exs	Transient Tom 11	/Library/Application Support/Logic/Sampler Instruments/03 Drums & Percussion/03 Single Drums/03 Toms/Layer Toms/Transient Tom 11.exs
Logic	exs	Transient Tom 12	/Library/Application Support/Logic/Sampler Instruments/03 Drums & Percussion/03 Single Drums/03 Toms/Layer Toms/Transient Tom 12.exs
Logic	exs	Transient Tom 2	/Library/Application Support/Logic/Sampler Instruments/03 Drums & Percussion/03 Single Drums/03 Toms/Layer Toms/Transient Tom 2.exs
Logic	exs	Transient Tom 3	/Library/Application Support/Logic/Sampler Instruments/03 Drums & Percussion/03 Single Drums/03 Toms/Layer Toms/Transient Tom 3.exs
Logic	exs	Transient Tom 4	/Library/Application Support/Logic/Sampler Instruments/03 Drums & Percussion/03 Single Drums/03 Toms/Layer Toms/Transient Tom 4.exs
Logic	exs	Transient Tom 5	/Library/Application Support/Logic/Sampler Instruments/03 Drums & Percussion/03 Single Drums/03 Toms/Layer Toms/Transient Tom 5.exs
Logic	exs	Transient Tom 6	/Library/Application Support/Logic/Sampler Instruments/03 Drums & Percussion/03 Single Drums/03 Toms/Layer Toms/Transient Tom 6.exs
Logic	exs	Transient Tom 7	/Library/Application Support/Logic/Sampler Instruments/03 Drums & Percussion/03 Single Drums/03 Toms/Layer Toms/Transient Tom 7.exs
Logic	exs	Transient Tom 8	/Library/Application Support/Logic/Sampler Instruments/03 Drums & Percussion/03 Single Drums/03 Toms/Layer Toms/Transient Tom 8.exs
Logic	exs	Transient Tom 9	/Library/Application Support/Logic/Sampler Instruments/03 Drums & Percussion/03 Single Drums/03 Toms/Layer Toms/Transient Tom 9.exs
Logic	exs	AP v1 Claps	/Library/Application Support/Logic/Sampler Instruments/03 Drums & Percussion/04 Drum Kit Designer/Drum Kit Designer Claps/AP v1 Claps.exs
Logic	exs	AP v2 Claps	/Library/Application Support/Logic/Sampler Instruments/03 Drums & Percussion/04 Drum Kit Designer/Drum Kit Designer Claps/AP v2 Claps.exs
Logic	exs	AP v3 Claps	/Library/Application Support/Logic/Sampler Instruments/03 Drums & Percussion/04 Drum Kit Designer/Drum Kit Designer Claps/AP v3 Claps.exs
Logic	exs	AP v1 Claps	/Library/Application Support/Logic/Sampler Instruments/03 Drums & Percussion/04 Drum Kit Designer/Drum Kit Designer Claps/Stereo/AP v1 Claps.exs
Logic	exs	AP v2 Claps	/Library/Application Support/Logic/Sampler Instruments/03 Drums & Percussion/04 Drum Kit Designer/Drum Kit Designer Claps/Stereo/AP v2 Claps.exs
Logic	exs	AP v3 Claps	/Library/Application Support/Logic/Sampler Instruments/03 Drums & Percussion/04 Drum Kit Designer/Drum Kit Designer Claps/Stereo/AP v3 Claps.exs
Logic	exs	AP v1 Cowbell	/Library/Application Support/Logic/Sampler Instruments/03 Drums & Percussion/04 Drum Kit Designer/Drum Kit Designer Cowbell/AP v1 Cowbell.exs
Logic	exs	AP v1 Cowbell	/Library/Application Support/Logic/Sampler Instruments/03 Drums & Percussion/04 Drum Kit Designer/Drum Kit Designer Cowbell/Stereo/AP v1 Cowbell.exs
Logic	exs	Birch Kit Crash	/Library/Application Support/Logic/Sampler Instruments/03 Drums & Percussion/04 Drum Kit Designer/Drum Kit Designer Crash/Birch Kit Crash.exs
Logic	exs	Classic Sixties Kit Crash	/Library/Application Support/Logic/Sampler Instruments/03 Drums & Percussion/04 Drum Kit Designer/Drum Kit Designer Crash/Classic Sixties Kit Crash.exs
Logic	exs	Modern Maple Kit Crash	/Library/Application Support/Logic/Sampler Instruments/03 Drums & Percussion/04 Drum Kit Designer/Drum Kit Designer Crash/Modern Maple Kit Crash.exs
Logic	exs	Pawn Shop Kit Crash	/Library/Application Support/Logic/Sampler Instruments/03 Drums & Percussion/04 Drum Kit Designer/Drum Kit Designer Crash/Pawn Shop Kit Crash.exs
Logic	exs	Stadium Kit Crash	/Library/Application Support/Logic/Sampler Instruments/03 Drums & Percussion/04 Drum Kit Designer/Drum Kit Designer Crash/Stadium Kit Crash.exs
Logic	exs	Studio Kit Crash	/Library/Application Support/Logic/Sampler Instruments/03 Drums & Percussion/04 Drum Kit Designer/Drum Kit Designer Crash/Studio Kit Crash.exs
Logic	exs	Tight Maple Kit Crash	/Library/Application Support/Logic/Sampler Instruments/03 Drums & Percussion/04 Drum Kit Designer/Drum Kit Designer Crash/Tight Maple Kit Crash.exs
Logic	exs	Vintage Kit Crash Brushes	/Library/Application Support/Logic/Sampler Instruments/03 Drums & Percussion/04 Drum Kit Designer/Drum Kit Designer Crash/Vintage Kit Crash Brushes.exs
Logic	exs	Vintage Kit Crash Rods	/Library/Application Support/Logic/Sampler Instruments/03 Drums & Percussion/04 Drum Kit Designer/Drum Kit Designer Crash/Vintage Kit Crash Rods.exs
Logic	exs	Classic Sixties Kit HiHat	/Library/Application Support/Logic/Sampler Instruments/03 Drums & Percussion/04 Drum Kit Designer/Drum Kit Designer HiHat/Classic Sixties Kit HiHat.exs
Logic	exs	Modern Maple Kit HiHat	/Library/Application Support/Logic/Sampler Instruments/03 Drums & Percussion/04 Drum Kit Designer/Drum Kit Designer HiHat/Modern Maple Kit HiHat.exs
Logic	exs	Pawn Shop Kit HiHat	/Library/Application Support/Logic/Sampler Instruments/03 Drums & Percussion/04 Drum Kit Designer/Drum Kit Designer HiHat/Pawn Shop Kit HiHat.exs
Logic	exs	Stadium Kit HiHat	/Library/Application Support/Logic/Sampler Instruments/03 Drums & Percussion/04 Drum Kit Designer/Drum Kit Designer HiHat/Stadium Kit HiHat.exs
Logic	exs	Studio Kit HiHat	/Library/Application Support/Logic/Sampler Instruments/03 Drums & Percussion/04 Drum Kit Designer/Drum Kit Designer HiHat/Studio Kit HiHat.exs
Logic	exs	Tight Maple Kit HiHat	/Library/Application Support/Logic/Sampler Instruments/03 Drums & Percussion/04 Drum Kit Designer/Drum Kit Designer HiHat/Tight Maple Kit HiHat.exs
Logic	exs	Vintage Kit HiHat Brushes	/Library/Application Support/Logic/Sampler Instruments/03 Drums & Percussion/04 Drum Kit Designer/Drum Kit Designer HiHat/Vintage Kit HiHat Brushes.exs
Logic	exs	Vintage Kit HiHat Rods	/Library/Application Support/Logic/Sampler Instruments/03 Drums & Percussion/04 Drum Kit Designer/Drum Kit Designer HiHat/Vintage Kit HiHat Rods.exs
Logic	exs	Birch Kit Kick	/Library/Application Support/Logic/Sampler Instruments/03 Drums & Percussion/04 Drum Kit Designer/Drum Kit Designer Kick/Birch Kit Kick.exs
Logic	exs	Classic Sixties Kit Kick	/Library/Application Support/Logic/Sampler Instruments/03 Drums & Percussion/04 Drum Kit Designer/Drum Kit Designer Kick/Classic Sixties Kit Kick.exs
Logic	exs	Classic Sixties Kit Kick2	/Library/Application Support/Logic/Sampler Instruments/03 Drums & Percussion/04 Drum Kit Designer/Drum Kit Designer Kick/Classic Sixties Kit Kick2.exs
Logic	exs	Modern Maple Kit Kick	/Library/Application Support/Logic/Sampler Instruments/03 Drums & Percussion/04 Drum Kit Designer/Drum Kit Designer Kick/Modern Maple Kit Kick.exs
Logic	exs	Modern Maple Kit Kick2	/Library/Application Support/Logic/Sampler Instruments/03 Drums & Percussion/04 Drum Kit Designer/Drum Kit Designer Kick/Modern Maple Kit Kick2.exs
Logic	exs	Pawn Shop Kit Kick	/Library/Application Support/Logic/Sampler Instruments/03 Drums & Percussion/04 Drum Kit Designer/Drum Kit Designer Kick/Pawn Shop Kit Kick.exs
Logic	exs	Pawn Shop Kit Kick2	/Library/Application Support/Logic/Sampler Instruments/03 Drums & Percussion/04 Drum Kit Designer/Drum Kit Designer Kick/Pawn Shop Kit Kick2.exs
Logic	exs	Seventies Plexi Kit Kick	/Library/Application Support/Logic/Sampler Instruments/03 Drums & Percussion/04 Drum Kit Designer/Drum Kit Designer Kick/Seventies Plexi Kit Kick.exs
Logic	exs	Seventies Plexi Kit Kick2	/Library/Application Support/Logic/Sampler Instruments/03 Drums & Percussion/04 Drum Kit Designer/Drum Kit Designer Kick/Seventies Plexi Kit Kick2.exs
Logic	exs	Stadium Kit Kick	/Library/Application Support/Logic/Sampler Instruments/03 Drums & Percussion/04 Drum Kit Designer/Drum Kit Designer Kick/Stadium Kit Kick.exs
Logic	exs	Blue Ridge Kit Kick	/Library/Application Support/Logic/Sampler Instruments/03 Drums & Percussion/04 Drum Kit Designer/Drum Kit Designer Kick/Stereo/Blue Ridge Kit/Blue Ridge Kit Kick.exs
Logic	exs	Blue Ridge Kit Kick2	/Library/Application Support/Logic/Sampler Instruments/03 Drums & Percussion/04 Drum Kit Designer/Drum Kit Designer Kick/Stereo/Blue Ridge Kit/Blue Ridge Kit Kick2.exs
Logic	exs	Blue Ridge Kit Kick3	/Library/Application Support/Logic/Sampler Instruments/03 Drums & Percussion/04 Drum Kit Designer/Drum Kit Designer Kick/Stereo/Blue Ridge Kit/Blue Ridge Kit Kick3.exs
Logic	exs	Bluebird Kit Kick	/Library/Application Support/Logic/Sampler Instruments/03 Drums & Percussion/04 Drum Kit Designer/Drum Kit Designer Kick/Stereo/Bluebird Kit/Bluebird Kit Kick.exs
Logic	exs	Bluebird Kit Kick2	/Library/Application Support/Logic/Sampler Instruments/03 Drums & Percussion/04 Drum Kit Designer/Drum Kit Designer Kick/Stereo/Bluebird Kit/Bluebird Kit Kick2.exs
Logic	exs	Bluebird Kit Kick3	/Library/Application Support/Logic/Sampler Instruments/03 Drums & Percussion/04 Drum Kit Designer/Drum Kit Designer Kick/Stereo/Bluebird Kit/Bluebird Kit Kick3.exs
Logic	exs	Brooklyn Kit Kick	/Library/Application Support/Logic/Sampler Instruments/03 Drums & Percussion/04 Drum Kit Designer/Drum Kit Designer Kick/Stereo/Brooklyn Kit/Brooklyn Kit Kick.exs
Logic	exs	Brooklyn Kit Kick2	/Library/Application Support/Logic/Sampler Instruments/03 Drums & Percussion/04 Drum Kit Designer/Drum Kit Designer Kick/Stereo/Brooklyn Kit/Brooklyn Kit Kick2.exs
Logic	exs	Brooklyn Kit Kick3	/Library/Application Support/Logic/Sampler Instruments/03 Drums & Percussion/04 Drum Kit Designer/Drum Kit Designer Kick/Stereo/Brooklyn Kit/Brooklyn Kit Kick3.exs
Logic	exs	Detroit Garage Kit Kick	/Library/Application Support/Logic/Sampler Instruments/03 Drums & Percussion/04 Drum Kit Designer/Drum Kit Designer Kick/Stereo/Detroit Garage Kit/Detroit Garage Kit Kick.exs
Logic	exs	Detroit Garage Kit Kick2	/Library/Application Support/Logic/Sampler Instruments/03 Drums & Percussion/04 Drum Kit Designer/Drum Kit Designer Kick/Stereo/Detroit Garage Kit/Detroit Garage Kit Kick2.exs
Logic	exs	Detroit Garage Kit Kick3	/Library/Application Support/Logic/Sampler Instruments/03 Drums & Percussion/04 Drum Kit Designer/Drum Kit Designer Kick/Stereo/Detroit Garage Kit/Detroit Garage Kit Kick3.exs
Logic	exs	East Bay Kit Kick	/Library/Application Support/Logic/Sampler Instruments/03 Drums & Percussion/04 Drum Kit Designer/Drum Kit Designer Kick/Stereo/East Bay Kit/East Bay Kit Kick.exs
Logic	exs	East Bay Kit Kick2	/Library/Application Support/Logic/Sampler Instruments/03 Drums & Percussion/04 Drum Kit Designer/Drum Kit Designer Kick/Stereo/East Bay Kit/East Bay Kit Kick2.exs
Logic	exs	East Bay Kit Kick3	/Library/Application Support/Logic/Sampler Instruments/03 Drums & Percussion/04 Drum Kit Designer/Drum Kit Designer Kick/Stereo/East Bay Kit/East Bay Kit Kick3.exs
Logic	exs	Four on the Floor Kit Kick	/Library/Application Support/Logic/Sampler Instruments/03 Drums & Percussion/04 Drum Kit Designer/Drum Kit Designer Kick/Stereo/Four on the Floor Kit/Four on the Floor Kit Kick.exs
Logic	exs	Four on the Floor Kit Kick2	/Library/Application Support/Logic/Sampler Instruments/03 Drums & Percussion/04 Drum Kit Designer/Drum Kit Designer Kick/Stereo/Four on the Floor Kit/Four on the Floor Kit Kick2.exs
Logic	exs	Four on the Floor Kit Kick3	/Library/Application Support/Logic/Sampler Instruments/03 Drums & Percussion/04 Drum Kit Designer/Drum Kit Designer Kick/Stereo/Four on the Floor Kit/Four on the Floor Kit Kick3.exs
Logic	exs	Heavy Kit Kick	/Library/Application Support/Logic/Sampler Instruments/03 Drums & Percussion/04 Drum Kit Designer/Drum Kit Designer Kick/Stereo/Heavy Kit/Heavy Kit Kick.exs
Logic	exs	Heavy Kit Kick2	/Library/Application Support/Logic/Sampler Instruments/03 Drums & Percussion/04 Drum Kit Designer/Drum Kit Designer Kick/Stereo/Heavy Kit/Heavy Kit Kick2.exs
Logic	exs	Heavy Kit Kick3	/Library/Application Support/Logic/Sampler Instruments/03 Drums & Percussion/04 Drum Kit Designer/Drum Kit Designer Kick/Stereo/Heavy Kit/Heavy Kit Kick3.exs
Logic	exs	Liverpool Kit Kick	/Library/Application Support/Logic/Sampler Instruments/03 Drums & Percussion/04 Drum Kit Designer/Drum Kit Designer Kick/Stereo/Liverpool Kit/Liverpool Kit Kick.exs
Logic	exs	Liverpool Kit Kick2	/Library/Application Support/Logic/Sampler Instruments/03 Drums & Percussion/04 Drum Kit Designer/Drum Kit Designer Kick/Stereo/Liverpool Kit/Liverpool Kit Kick2.exs
Logic	exs	Liverpool Kit Kick3	/Library/Application Support/Logic/Sampler Instruments/03 Drums & Percussion/04 Drum Kit Designer/Drum Kit Designer Kick/Stereo/Liverpool Kit/Liverpool Kit Kick3.exs
Logic	exs	Manchester Kit Kick	/Library/Application Support/Logic/Sampler Instruments/03 Drums & Percussion/04 Drum Kit Designer/Drum Kit Designer Kick/Stereo/Manchester Kit/Manchester Kit Kick.exs
Logic	exs	Manchester Kit Kick2	/Library/Application Support/Logic/Sampler Instruments/03 Drums & Percussion/04 Drum Kit Designer/Drum Kit Designer Kick/Stereo/Manchester Kit/Manchester Kit Kick2.exs
Logic	exs	Manchester Kit Kick3	/Library/Application Support/Logic/Sampler Instruments/03 Drums & Percussion/04 Drum Kit Designer/Drum Kit Designer Kick/Stereo/Manchester Kit/Manchester Kit Kick3.exs
Logic	exs	Motown Revisited Kit Kick	/Library/Application Support/Logic/Sampler Instruments/03 Drums & Percussion/04 Drum Kit Designer/Drum Kit Designer Kick/Stereo/Motown Revisited Kit/Motown Revisited Kit Kick.exs
Logic	exs	Motown Revisited Kit Kick2	/Library/Application Support/Logic/Sampler Instruments/03 Drums & Percussion/04 Drum Kit Designer/Drum Kit Designer Kick/Stereo/Motown Revisited Kit/Motown Revisited Kit Kick2.exs
Logic	exs	Motown Revisited Kit Kick3	/Library/Application Support/Logic/Sampler Instruments/03 Drums & Percussion/04 Drum Kit Designer/Drum Kit Designer Kick/Stereo/Motown Revisited Kit/Motown Revisited Kit Kick3.exs
Logic	exs	Neo Soul Kit Kick	/Library/Application Support/Logic/Sampler Instruments/03 Drums & Percussion/04 Drum Kit Designer/Drum Kit Designer Kick/Stereo/Neo Soul Kit/Neo Soul Kit Kick.exs
Logic	exs	Neo Soul Kit Kick2	/Library/Application Support/Logic/Sampler Instruments/03 Drums & Percussion/04 Drum Kit Designer/Drum Kit Designer Kick/Stereo/Neo Soul Kit/Neo Soul Kit Kick2.exs
Logic	exs	Neo Soul Kit Kick3	/Library/Application Support/Logic/Sampler Instruments/03 Drums & Percussion/04 Drum Kit Designer/Drum Kit Designer Kick/Stereo/Neo Soul Kit/Neo Soul Kit Kick3.exs
Logic	exs	Portland Kit Kick	/Library/Application Support/Logic/Sampler Instruments/03 Drums & Percussion/04 Drum Kit Designer/Drum Kit Designer Kick/Stereo/Portland Kit/Portland Kit Kick.exs
Logic	exs	Portland Kit Kick2	/Library/Application Support/Logic/Sampler Instruments/03 Drums & Percussion/04 Drum Kit Designer/Drum Kit Designer Kick/Stereo/Portland Kit/Portland Kit Kick2.exs
Logic	exs	Portland Kit Kick3	/Library/Application Support/Logic/Sampler Instruments/03 Drums & Percussion/04 Drum Kit Designer/Drum Kit Designer Kick/Stereo/Portland Kit/Portland Kit Kick3.exs
Logic	exs	Retro Rock Kit Kick	/Library/Application Support/Logic/Sampler Instruments/03 Drums & Percussion/04 Drum Kit Designer/Drum Kit Designer Kick/Stereo/Retro Rock Kit/Retro Rock Kit Kick.exs
Logic	exs	Retro Rock Kit Kick2	/Library/Application Support/Logic/Sampler Instruments/03 Drums & Percussion/04 Drum Kit Designer/Drum Kit Designer Kick/Stereo/Retro Rock Kit/Retro Rock Kit Kick2.exs
Logic	exs	Retro Rock Kit Kick3	/Library/Application Support/Logic/Sampler Instruments/03 Drums & Percussion/04 Drum Kit Designer/Drum Kit Designer Kick/Stereo/Retro Rock Kit/Retro Rock Kit Kick3.exs
Logic	exs	Roots Kit Kick	/Library/Application Support/Logic/Sampler Instruments/03 Drums & Percussion/04 Drum Kit Designer/Drum Kit Designer Kick/Stereo/Roots Kit/Roots Kit Kick.exs
Logic	exs	Roots Kit Kick2	/Library/Application Support/Logic/Sampler Instruments/03 Drums & Percussion/04 Drum Kit Designer/Drum Kit Designer Kick/Stereo/Roots Kit/Roots Kit Kick2.exs
Logic	exs	Roots Kit Kick3	/Library/Application Support/Logic/Sampler Instruments/03 Drums & Percussion/04 Drum Kit Designer/Drum Kit Designer Kick/Stereo/Roots Kit/Roots Kit Kick3.exs
Logic	exs	Scientific Method Kit Kick	/Library/Application Support/Logic/Sampler Instruments/03 Drums & Percussion/04 Drum Kit Designer/Drum Kit Designer Kick/Stereo/Scientific Method Kit/Scientific Method Kit Kick.exs
Logic	exs	Scientific Method Kit Kick2	/Library/Application Support/Logic/Sampler Instruments/03 Drums & Percussion/04 Drum Kit Designer/Drum Kit Designer Kick/Stereo/Scientific Method Kit/Scientific Method Kit Kick2.exs
Logic	exs	Scientific Method Kit Kick3	/Library/Application Support/Logic/Sampler Instruments/03 Drums & Percussion/04 Drum Kit Designer/Drum Kit Designer Kick/Stereo/Scientific Method Kit/Scientific Method Kit Kick3.exs
Logic	exs	Slow Jam Kit Kick	/Library/Application Support/Logic/Sampler Instruments/03 Drums & Percussion/04 Drum Kit Designer/Drum Kit Designer Kick/Stereo/Slow Jam Kit/Slow Jam Kit Kick.exs
Logic	exs	Slow Jam Kit Kick2	/Library/Application Support/Logic/Sampler Instruments/03 Drums & Percussion/04 Drum Kit Designer/Drum Kit Designer Kick/Stereo/Slow Jam Kit/Slow Jam Kit Kick2.exs
Logic	exs	Slow Jam Kit Kick3	/Library/Application Support/Logic/Sampler Instruments/03 Drums & Percussion/04 Drum Kit Designer/Drum Kit Designer Kick/Stereo/Slow Jam Kit/Slow Jam Kit Kick3.exs
Logic	exs	Smash Kit Kick	/Library/Application Support/Logic/Sampler Instruments/03 Drums & Percussion/04 Drum Kit Designer/Drum Kit Designer Kick/Stereo/Smash Kit/Smash Kit Kick.exs
Logic	exs	Smash Kit Kick2	/Library/Application Support/Logic/Sampler Instruments/03 Drums & Percussion/04 Drum Kit Designer/Drum Kit Designer Kick/Stereo/Smash Kit/Smash Kit Kick2.exs
Logic	exs	Smash Kit Kick3	/Library/Application Support/Logic/Sampler Instruments/03 Drums & Percussion/04 Drum Kit Designer/Drum Kit Designer Kick/Stereo/Smash Kit/Smash Kit Kick3.exs
Logic	exs	SoCal Kit Kick	/Library/Application Support/Logic/Sampler Instruments/03 Drums & Percussion/04 Drum Kit Designer/Drum Kit Designer Kick/Stereo/SoCal Kit/SoCal Kit Kick.exs
Logic	exs	SoCal Kit Kick2	/Library/Application Support/Logic/Sampler Instruments/03 Drums & Percussion/04 Drum Kit Designer/Drum Kit Designer Kick/Stereo/SoCal Kit/SoCal Kit Kick2.exs
Logic	exs	SoCal Kit Kick3	/Library/Application Support/Logic/Sampler Instruments/03 Drums & Percussion/04 Drum Kit Designer/Drum Kit Designer Kick/Stereo/SoCal Kit/SoCal Kit Kick3.exs
Logic	exs	Speakeasy Kit Kick	/Library/Application Support/Logic/Sampler Instruments/03 Drums & Percussion/04 Drum Kit Designer/Drum Kit Designer Kick/Stereo/Speakeasy Kit/Speakeasy Kit Kick.exs
Logic	exs	Speakeasy Kit Kick2	/Library/Application Support/Logic/Sampler Instruments/03 Drums & Percussion/04 Drum Kit Designer/Drum Kit Designer Kick/Stereo/Speakeasy Kit/Speakeasy Kit Kick2.exs
Logic	exs	Speakeasy Kit Kick3	/Library/Application Support/Logic/Sampler Instruments/03 Drums & Percussion/04 Drum Kit Designer/Drum Kit Designer Kick/Stereo/Speakeasy Kit/Speakeasy Kit Kick3.exs
Logic	exs	Sunset Kit Kick	/Library/Application Support/Logic/Sampler Instruments/03 Drums & Percussion/04 Drum Kit Designer/Drum Kit Designer Kick/Stereo/Sunset Kit/Sunset Kit Kick.exs
Logic	exs	Sunset Kit Kick2	/Library/Application Support/Logic/Sampler Instruments/03 Drums & Percussion/04 Drum Kit Designer/Drum Kit Designer Kick/Stereo/Sunset Kit/Sunset Kit Kick2.exs
Logic	exs	Sunset Kit Kick3	/Library/Application Support/Logic/Sampler Instruments/03 Drums & Percussion/04 Drum Kit Designer/Drum Kit Designer Kick/Stereo/Sunset Kit/Sunset Kit Kick3.exs
Logic	exs	Studio Kit Kick	/Library/Application Support/Logic/Sampler Instruments/03 Drums & Percussion/04 Drum Kit Designer/Drum Kit Designer Kick/Studio Kit Kick.exs
Logic	exs	Studio Kit Kick2	/Library/Application Support/Logic/Sampler Instruments/03 Drums & Percussion/04 Drum Kit Designer/Drum Kit Designer Kick/Studio Kit Kick2.exs
Logic	exs	Tight Maple Kit Kick	/Library/Application Support/Logic/Sampler Instruments/03 Drums & Percussion/04 Drum Kit Designer/Drum Kit Designer Kick/Tight Maple Kit Kick.exs
Logic	exs	Vintage Kit Kick1	/Library/Application Support/Logic/Sampler Instruments/03 Drums & Percussion/04 Drum Kit Designer/Drum Kit Designer Kick/Vintage Kit Kick1.exs
Logic	exs	Vintage Kit Kick2	/Library/Application Support/Logic/Sampler Instruments/03 Drums & Percussion/04 Drum Kit Designer/Drum Kit Designer Kick/Vintage Kit Kick2.exs
Logic	exs	Vintage Kit Kick3	/Library/Application Support/Logic/Sampler Instruments/03 Drums & Percussion/04 Drum Kit Designer/Drum Kit Designer Kick/Vintage Kit Kick3.exs
Logic	exs	Vintage Kit Kick4	/Library/Application Support/Logic/Sampler Instruments/03 Drums & Percussion/04 Drum Kit Designer/Drum Kit Designer Kick/Vintage Kit Kick4.exs
Logic	exs	Birch Kit Ride	/Library/Application Support/Logic/Sampler Instruments/03 Drums & Percussion/04 Drum Kit Designer/Drum Kit Designer Ride/Birch Kit Ride.exs
Logic	exs	Classic Sixties Kit Ride	/Library/Application Support/Logic/Sampler Instruments/03 Drums & Percussion/04 Drum Kit Designer/Drum Kit Designer Ride/Classic Sixties Kit Ride.exs
Logic	exs	Modern Maple Kit Ride	/Library/Application Support/Logic/Sampler Instruments/03 Drums & Percussion/04 Drum Kit Designer/Drum Kit Designer Ride/Modern Maple Kit Ride.exs
Logic	exs	Pawn Shop Kit Ride	/Library/Application Support/Logic/Sampler Instruments/03 Drums & Percussion/04 Drum Kit Designer/Drum Kit Designer Ride/Pawn Shop Kit Ride.exs
Logic	exs	Stadium Kit Ride	/Library/Application Support/Logic/Sampler Instruments/03 Drums & Percussion/04 Drum Kit Designer/Drum Kit Designer Ride/Stadium Kit Ride.exs
Logic	exs	Studio Kit Ride	/Library/Application Support/Logic/Sampler Instruments/03 Drums & Percussion/04 Drum Kit Designer/Drum Kit Designer Ride/Studio Kit Ride.exs
Logic	exs	Tight Maple Kit Ride	/Library/Application Support/Logic/Sampler Instruments/03 Drums & Percussion/04 Drum Kit Designer/Drum Kit Designer Ride/Tight Maple Kit Ride.exs
Logic	exs	Vintage Kit Ride 1 Brushes	/Library/Application Support/Logic/Sampler Instruments/03 Drums & Percussion/04 Drum Kit Designer/Drum Kit Designer Ride/Vintage Kit Ride 1 Brushes.exs
Logic	exs	Vintage Kit Ride 2 Brushes	/Library/Application Support/Logic/Sampler Instruments/03 Drums & Percussion/04 Drum Kit Designer/Drum Kit Designer Ride/Vintage Kit Ride 2 Brushes.exs
Logic	exs	Vintage Kit Ride 2 Rods	/Library/Application Support/Logic/Sampler Instruments/03 Drums & Percussion/04 Drum Kit Designer/Drum Kit Designer Ride/Vintage Kit Ride 2 Rods.exs
Logic	exs	AP v1 Shaker	/Library/Application Support/Logic/Sampler Instruments/03 Drums & Percussion/04 Drum Kit Designer/Drum Kit Designer Shaker/AP v1 Shaker.exs
Logic	exs	AP v2 Shaker	/Library/Application Support/Logic/Sampler Instruments/03 Drums & Percussion/04 Drum Kit Designer/Drum Kit Designer Shaker/AP v2 Shaker.exs
Logic	exs	AP v3 Shaker	/Library/Application Support/Logic/Sampler Instruments/03 Drums & Percussion/04 Drum Kit Designer/Drum Kit Designer Shaker/AP v3 Shaker.exs
Logic	exs	AP v1 Shaker	/Library/Application Support/Logic/Sampler Instruments/03 Drums & Percussion/04 Drum Kit Designer/Drum Kit Designer Shaker/Stereo/AP v1 Shaker.exs
Logic	exs	AP v2 Shaker	/Library/Application Support/Logic/Sampler Instruments/03 Drums & Percussion/04 Drum Kit Designer/Drum Kit Designer Shaker/Stereo/AP v2 Shaker.exs
Logic	exs	AP v3 Shaker	/Library/Application Support/Logic/Sampler Instruments/03 Drums & Percussion/04 Drum Kit Designer/Drum Kit Designer Shaker/Stereo/AP v3 Shaker.exs
Logic	exs	Birch Kit Snare	/Library/Application Support/Logic/Sampler Instruments/03 Drums & Percussion/04 Drum Kit Designer/Drum Kit Designer Snare/Birch Kit Snare.exs
Logic	exs	Birch Kit Snare2	/Library/Application Support/Logic/Sampler Instruments/03 Drums & Percussion/04 Drum Kit Designer/Drum Kit Designer Snare/Birch Kit Snare2.exs
Logic	exs	Classic Sixties Kit Snare	/Library/Application Support/Logic/Sampler Instruments/03 Drums & Percussion/04 Drum Kit Designer/Drum Kit Designer Snare/Classic Sixties Kit Snare.exs
Logic	exs	Classic Sixties Kit Snare2	/Library/Application Support/Logic/Sampler Instruments/03 Drums & Percussion/04 Drum Kit Designer/Drum Kit Designer Snare/Classic Sixties Kit Snare2.exs
Logic	exs	Modern Maple Kit Snare	/Library/Application Support/Logic/Sampler Instruments/03 Drums & Percussion/04 Drum Kit Designer/Drum Kit Designer Snare/Modern Maple Kit Snare.exs
Logic	exs	Modern Maple Kit Snare2	/Library/Application Support/Logic/Sampler Instruments/03 Drums & Percussion/04 Drum Kit Designer/Drum Kit Designer Snare/Modern Maple Kit Snare2.exs
Logic	exs	Pawn Shop Kit Snare	/Library/Application Support/Logic/Sampler Instruments/03 Drums & Percussion/04 Drum Kit Designer/Drum Kit Designer Snare/Pawn Shop Kit Snare.exs
Logic	exs	Pawn Shop Kit Snare2	/Library/Application Support/Logic/Sampler Instruments/03 Drums & Percussion/04 Drum Kit Designer/Drum Kit Designer Snare/Pawn Shop Kit Snare2.exs
Logic	exs	Seventies Plexi Kit Snare	/Library/Application Support/Logic/Sampler Instruments/03 Drums & Percussion/04 Drum Kit Designer/Drum Kit Designer Snare/Seventies Plexi Kit Snare.exs
Logic	exs	Seventies Plexi Kit Snare2	/Library/Application Support/Logic/Sampler Instruments/03 Drums & Percussion/04 Drum Kit Designer/Drum Kit Designer Snare/Seventies Plexi Kit Snare2.exs
Logic	exs	Stadium Kit Snare	/Library/Application Support/Logic/Sampler Instruments/03 Drums & Percussion/04 Drum Kit Designer/Drum Kit Designer Snare/Stadium Kit Snare.exs
Logic	exs	Stadium Kit Snare2	/Library/Application Support/Logic/Sampler Instruments/03 Drums & Percussion/04 Drum Kit Designer/Drum Kit Designer Snare/Stadium Kit Snare2.exs
Logic	exs	Blue Ridge Kit Snare	/Library/Application Support/Logic/Sampler Instruments/03 Drums & Percussion/04 Drum Kit Designer/Drum Kit Designer Snare/Stereo/Blue Ridge Kit/Blue Ridge Kit Snare.exs
Logic	exs	Blue Ridge Kit Snare2	/Library/Application Support/Logic/Sampler Instruments/03 Drums & Percussion/04 Drum Kit Designer/Drum Kit Designer Snare/Stereo/Blue Ridge Kit/Blue Ridge Kit Snare2.exs
Logic	exs	Blue Ridge Kit Snare3	/Library/Application Support/Logic/Sampler Instruments/03 Drums & Percussion/04 Drum Kit Designer/Drum Kit Designer Snare/Stereo/Blue Ridge Kit/Blue Ridge Kit Snare3.exs
Logic	exs	Bluebird Kit Snare	/Library/Application Support/Logic/Sampler Instruments/03 Drums & Percussion/04 Drum Kit Designer/Drum Kit Designer Snare/Stereo/Bluebird Kit/Bluebird Kit Snare.exs
Logic	exs	Bluebird Kit Snare2	/Library/Application Support/Logic/Sampler Instruments/03 Drums & Percussion/04 Drum Kit Designer/Drum Kit Designer Snare/Stereo/Bluebird Kit/Bluebird Kit Snare2.exs
Logic	exs	Bluebird Kit Snare3	/Library/Application Support/Logic/Sampler Instruments/03 Drums & Percussion/04 Drum Kit Designer/Drum Kit Designer Snare/Stereo/Bluebird Kit/Bluebird Kit Snare3.exs
Logic	exs	Brooklyn Kit Snare	/Library/Application Support/Logic/Sampler Instruments/03 Drums & Percussion/04 Drum Kit Designer/Drum Kit Designer Snare/Stereo/Brooklyn Kit/Brooklyn Kit Snare.exs
Logic	exs	Brooklyn Kit Snare2	/Library/Application Support/Logic/Sampler Instruments/03 Drums & Percussion/04 Drum Kit Designer/Drum Kit Designer Snare/Stereo/Brooklyn Kit/Brooklyn Kit Snare2.exs
Logic	exs	Brooklyn Kit Snare3	/Library/Application Support/Logic/Sampler Instruments/03 Drums & Percussion/04 Drum Kit Designer/Drum Kit Designer Snare/Stereo/Brooklyn Kit/Brooklyn Kit Snare3.exs
Logic	exs	Detroit Garage Kit Snare	/Library/Application Support/Logic/Sampler Instruments/03 Drums & Percussion/04 Drum Kit Designer/Drum Kit Designer Snare/Stereo/Detroit Garage Kit/Detroit Garage Kit Snare.exs
Logic	exs	Detroit Garage Kit Snare2	/Library/Application Support/Logic/Sampler Instruments/03 Drums & Percussion/04 Drum Kit Designer/Drum Kit Designer Snare/Stereo/Detroit Garage Kit/Detroit Garage Kit Snare2.exs
Logic	exs	Detroit Garage Kit Snare3	/Library/Application Support/Logic/Sampler Instruments/03 Drums & Percussion/04 Drum Kit Designer/Drum Kit Designer Snare/Stereo/Detroit Garage Kit/Detroit Garage Kit Snare3.exs
Logic	exs	East Bay Kit Snare	/Library/Application Support/Logic/Sampler Instruments/03 Drums & Percussion/04 Drum Kit Designer/Drum Kit Designer Snare/Stereo/East Bay Kit/East Bay Kit Snare.exs
Logic	exs	East Bay Kit Snare2	/Library/Application Support/Logic/Sampler Instruments/03 Drums & Percussion/04 Drum Kit Designer/Drum Kit Designer Snare/Stereo/East Bay Kit/East Bay Kit Snare2.exs
Logic	exs	East Bay Kit Snare3	/Library/Application Support/Logic/Sampler Instruments/03 Drums & Percussion/04 Drum Kit Designer/Drum Kit Designer Snare/Stereo/East Bay Kit/East Bay Kit Snare3.exs
Logic	exs	Four on the Floor Kit Snare	/Library/Application Support/Logic/Sampler Instruments/03 Drums & Percussion/04 Drum Kit Designer/Drum Kit Designer Snare/Stereo/Four on the Floor Kit/Four on the Floor Kit Snare.exs
Logic	exs	Four on the Floor Kit Snare2	/Library/Application Support/Logic/Sampler Instruments/03 Drums & Percussion/04 Drum Kit Designer/Drum Kit Designer Snare/Stereo/Four on the Floor Kit/Four on the Floor Kit Snare2.exs
Logic	exs	Four on the Floor Kit Snare3	/Library/Application Support/Logic/Sampler Instruments/03 Drums & Percussion/04 Drum Kit Designer/Drum Kit Designer Snare/Stereo/Four on the Floor Kit/Four on the Floor Kit Snare3.exs
Logic	exs	Heavy Kit Snare	/Library/Application Support/Logic/Sampler Instruments/03 Drums & Percussion/04 Drum Kit Designer/Drum Kit Designer Snare/Stereo/Heavy Kit/Heavy Kit Snare.exs
Logic	exs	Heavy Kit Snare2	/Library/Application Support/Logic/Sampler Instruments/03 Drums & Percussion/04 Drum Kit Designer/Drum Kit Designer Snare/Stereo/Heavy Kit/Heavy Kit Snare2.exs
Logic	exs	Heavy Kit Snare3	/Library/Application Support/Logic/Sampler Instruments/03 Drums & Percussion/04 Drum Kit Designer/Drum Kit Designer Snare/Stereo/Heavy Kit/Heavy Kit Snare3.exs
Logic	exs	Liverpool Kit Snare	/Library/Application Support/Logic/Sampler Instruments/03 Drums & Percussion/04 Drum Kit Designer/Drum Kit Designer Snare/Stereo/Liverpool Kit/Liverpool Kit Snare.exs
Logic	exs	Liverpool Kit Snare2	/Library/Application Support/Logic/Sampler Instruments/03 Drums & Percussion/04 Drum Kit Designer/Drum Kit Designer Snare/Stereo/Liverpool Kit/Liverpool Kit Snare2.exs
Logic	exs	Liverpool Kit Snare3	/Library/Application Support/Logic/Sampler Instruments/03 Drums & Percussion/04 Drum Kit Designer/Drum Kit Designer Snare/Stereo/Liverpool Kit/Liverpool Kit Snare3.exs
Logic	exs	Manchester Kit Snare	/Library/Application Support/Logic/Sampler Instruments/03 Drums & Percussion/04 Drum Kit Designer/Drum Kit Designer Snare/Stereo/Manchester Kit/Manchester Kit Snare.exs
Logic	exs	Manchester Kit Snare2	/Library/Application Support/Logic/Sampler Instruments/03 Drums & Percussion/04 Drum Kit Designer/Drum Kit Designer Snare/Stereo/Manchester Kit/Manchester Kit Snare2.exs
Logic	exs	Manchester Kit Snare3	/Library/Application Support/Logic/Sampler Instruments/03 Drums & Percussion/04 Drum Kit Designer/Drum Kit Designer Snare/Stereo/Manchester Kit/Manchester Kit Snare3.exs
Logic	exs	Motown Revisited Kit Snare	/Library/Application Support/Logic/Sampler Instruments/03 Drums & Percussion/04 Drum Kit Designer/Drum Kit Designer Snare/Stereo/Motown Revisited Kit/Motown Revisited Kit Snare.exs
Logic	exs	Motown Revisited Kit Snare2	/Library/Application Support/Logic/Sampler Instruments/03 Drums & Percussion/04 Drum Kit Designer/Drum Kit Designer Snare/Stereo/Motown Revisited Kit/Motown Revisited Kit Snare2.exs
Logic	exs	Motown Revisited Kit Snare3	/Library/Application Support/Logic/Sampler Instruments/03 Drums & Percussion/04 Drum Kit Designer/Drum Kit Designer Snare/Stereo/Motown Revisited Kit/Motown Revisited Kit Snare3.exs
Logic	exs	Neo Soul Kit Snare	/Library/Application Support/Logic/Sampler Instruments/03 Drums & Percussion/04 Drum Kit Designer/Drum Kit Designer Snare/Stereo/Neo Soul Kit/Neo Soul Kit Snare.exs
Logic	exs	Neo Soul Kit Snare2	/Library/Application Support/Logic/Sampler Instruments/03 Drums & Percussion/04 Drum Kit Designer/Drum Kit Designer Snare/Stereo/Neo Soul Kit/Neo Soul Kit Snare2.exs
Logic	exs	Neo Soul Kit Snare3	/Library/Application Support/Logic/Sampler Instruments/03 Drums & Percussion/04 Drum Kit Designer/Drum Kit Designer Snare/Stereo/Neo Soul Kit/Neo Soul Kit Snare3.exs
Logic	exs	Portland Kit Snare	/Library/Application Support/Logic/Sampler Instruments/03 Drums & Percussion/04 Drum Kit Designer/Drum Kit Designer Snare/Stereo/Portland Kit/Portland Kit Snare.exs
Logic	exs	Portland Kit Snare2	/Library/Application Support/Logic/Sampler Instruments/03 Drums & Percussion/04 Drum Kit Designer/Drum Kit Designer Snare/Stereo/Portland Kit/Portland Kit Snare2.exs
Logic	exs	Portland Kit Snare3	/Library/Application Support/Logic/Sampler Instruments/03 Drums & Percussion/04 Drum Kit Designer/Drum Kit Designer Snare/Stereo/Portland Kit/Portland Kit Snare3.exs
Logic	exs	Retro Rock Kit Snare	/Library/Application Support/Logic/Sampler Instruments/03 Drums & Percussion/04 Drum Kit Designer/Drum Kit Designer Snare/Stereo/Retro Rock Kit/Retro Rock Kit Snare.exs
Logic	exs	Retro Rock Kit Snare2	/Library/Application Support/Logic/Sampler Instruments/03 Drums & Percussion/04 Drum Kit Designer/Drum Kit Designer Snare/Stereo/Retro Rock Kit/Retro Rock Kit Snare2.exs
Logic	exs	Retro Rock Kit Snare3	/Library/Application Support/Logic/Sampler Instruments/03 Drums & Percussion/04 Drum Kit Designer/Drum Kit Designer Snare/Stereo/Retro Rock Kit/Retro Rock Kit Snare3.exs
Logic	exs	Roots Kit Snare	/Library/Application Support/Logic/Sampler Instruments/03 Drums & Percussion/04 Drum Kit Designer/Drum Kit Designer Snare/Stereo/Roots Kit/Roots Kit Snare.exs
Logic	exs	Roots Kit Snare2	/Library/Application Support/Logic/Sampler Instruments/03 Drums & Percussion/04 Drum Kit Designer/Drum Kit Designer Snare/Stereo/Roots Kit/Roots Kit Snare2.exs
Logic	exs	Roots Kit Snare3	/Library/Application Support/Logic/Sampler Instruments/03 Drums & Percussion/04 Drum Kit Designer/Drum Kit Designer Snare/Stereo/Roots Kit/Roots Kit Snare3.exs
Logic	exs	Scientific Method Kit Snare	/Library/Application Support/Logic/Sampler Instruments/03 Drums & Percussion/04 Drum Kit Designer/Drum Kit Designer Snare/Stereo/Scientific Method Kit/Scientific Method Kit Snare.exs
Logic	exs	Scientific Method Kit Snare2	/Library/Application Support/Logic/Sampler Instruments/03 Drums & Percussion/04 Drum Kit Designer/Drum Kit Designer Snare/Stereo/Scientific Method Kit/Scientific Method Kit Snare2.exs
Logic	exs	Scientific Method Kit Snare3	/Library/Application Support/Logic/Sampler Instruments/03 Drums & Percussion/04 Drum Kit Designer/Drum Kit Designer Snare/Stereo/Scientific Method Kit/Scientific Method Kit Snare3.exs
Logic	exs	Slow Jam Kit Snare	/Library/Application Support/Logic/Sampler Instruments/03 Drums & Percussion/04 Drum Kit Designer/Drum Kit Designer Snare/Stereo/Slow Jam Kit/Slow Jam Kit Snare.exs
Logic	exs	Slow Jam Kit Snare2	/Library/Application Support/Logic/Sampler Instruments/03 Drums & Percussion/04 Drum Kit Designer/Drum Kit Designer Snare/Stereo/Slow Jam Kit/Slow Jam Kit Snare2.exs
Logic	exs	Slow Jam Kit Snare3	/Library/Application Support/Logic/Sampler Instruments/03 Drums & Percussion/04 Drum Kit Designer/Drum Kit Designer Snare/Stereo/Slow Jam Kit/Slow Jam Kit Snare3.exs
Logic	exs	Smash Kit Snare	/Library/Application Support/Logic/Sampler Instruments/03 Drums & Percussion/04 Drum Kit Designer/Drum Kit Designer Snare/Stereo/Smash Kit/Smash Kit Snare.exs
Logic	exs	Smash Kit Snare2	/Library/Application Support/Logic/Sampler Instruments/03 Drums & Percussion/04 Drum Kit Designer/Drum Kit Designer Snare/Stereo/Smash Kit/Smash Kit Snare2.exs
Logic	exs	Smash Kit Snare3	/Library/Application Support/Logic/Sampler Instruments/03 Drums & Percussion/04 Drum Kit Designer/Drum Kit Designer Snare/Stereo/Smash Kit/Smash Kit Snare3.exs
Logic	exs	SoCal Kit Snare	/Library/Application Support/Logic/Sampler Instruments/03 Drums & Percussion/04 Drum Kit Designer/Drum Kit Designer Snare/Stereo/SoCal Kit/SoCal Kit Snare.exs
Logic	exs	SoCal Kit Snare2	/Library/Application Support/Logic/Sampler Instruments/03 Drums & Percussion/04 Drum Kit Designer/Drum Kit Designer Snare/Stereo/SoCal Kit/SoCal Kit Snare2.exs
Logic	exs	SoCal Kit Snare3	/Library/Application Support/Logic/Sampler Instruments/03 Drums & Percussion/04 Drum Kit Designer/Drum Kit Designer Snare/Stereo/SoCal Kit/SoCal Kit Snare3.exs
Logic	exs	Speakeasy Kit Snare	/Library/Application Support/Logic/Sampler Instruments/03 Drums & Percussion/04 Drum Kit Designer/Drum Kit Designer Snare/Stereo/Speakeasy Kit/Speakeasy Kit Snare.exs
Logic	exs	Speakeasy Kit Snare2	/Library/Application Support/Logic/Sampler Instruments/03 Drums & Percussion/04 Drum Kit Designer/Drum Kit Designer Snare/Stereo/Speakeasy Kit/Speakeasy Kit Snare2.exs
Logic	exs	Speakeasy Kit Snare3	/Library/Application Support/Logic/Sampler Instruments/03 Drums & Percussion/04 Drum Kit Designer/Drum Kit Designer Snare/Stereo/Speakeasy Kit/Speakeasy Kit Snare3.exs
Logic	exs	Sunset Kit Snare	/Library/Application Support/Logic/Sampler Instruments/03 Drums & Percussion/04 Drum Kit Designer/Drum Kit Designer Snare/Stereo/Sunset Kit/Sunset Kit Snare.exs
Logic	exs	Sunset Kit Snare2	/Library/Application Support/Logic/Sampler Instruments/03 Drums & Percussion/04 Drum Kit Designer/Drum Kit Designer Snare/Stereo/Sunset Kit/Sunset Kit Snare2.exs
Logic	exs	Sunset Kit Snare3	/Library/Application Support/Logic/Sampler Instruments/03 Drums & Percussion/04 Drum Kit Designer/Drum Kit Designer Snare/Stereo/Sunset Kit/Sunset Kit Snare3.exs
Logic	exs	Studio Kit Snare	/Library/Application Support/Logic/Sampler Instruments/03 Drums & Percussion/04 Drum Kit Designer/Drum Kit Designer Snare/Studio Kit Snare.exs
Logic	exs	Tight Maple Kit Snare	/Library/Application Support/Logic/Sampler Instruments/03 Drums & Percussion/04 Drum Kit Designer/Drum Kit Designer Snare/Tight Maple Kit Snare.exs
Logic	exs	Tight Maple Kit Snare2	/Library/Application Support/Logic/Sampler Instruments/03 Drums & Percussion/04 Drum Kit Designer/Drum Kit Designer Snare/Tight Maple Kit Snare2.exs
Logic	exs	Vintage Kit Snare 1 Brushes	/Library/Application Support/Logic/Sampler Instruments/03 Drums & Percussion/04 Drum Kit Designer/Drum Kit Designer Snare/Vintage Kit Snare 1 Brushes.exs
Logic	exs	Vintage Kit Snare 2 Brushes	/Library/Application Support/Logic/Sampler Instruments/03 Drums & Percussion/04 Drum Kit Designer/Drum Kit Designer Snare/Vintage Kit Snare 2 Brushes.exs
Logic	exs	Vintage Kit Snare 2 Rods	/Library/Application Support/Logic/Sampler Instruments/03 Drums & Percussion/04 Drum Kit Designer/Drum Kit Designer Snare/Vintage Kit Snare 2 Rods.exs
Logic	exs	Vintage Kit Snare 2 Sticks	/Library/Application Support/Logic/Sampler Instruments/03 Drums & Percussion/04 Drum Kit Designer/Drum Kit Designer Snare/Vintage Kit Snare 2 Sticks.exs
Logic	exs	Vintage Kit Snare 3 Brushes	/Library/Application Support/Logic/Sampler Instruments/03 Drums & Percussion/04 Drum Kit Designer/Drum Kit Designer Snare/Vintage Kit Snare 3 Brushes.exs
Logic	exs	AP v1 Sticks	/Library/Application Support/Logic/Sampler Instruments/03 Drums & Percussion/04 Drum Kit Designer/Drum Kit Designer Sticks/AP v1 Sticks.exs
Logic	exs	AP v1 Sticks	/Library/Application Support/Logic/Sampler Instruments/03 Drums & Percussion/04 Drum Kit Designer/Drum Kit Designer Sticks/Stereo/AP v1 Sticks.exs
Logic	exs	AP v1 Tambourine	/Library/Application Support/Logic/Sampler Instruments/03 Drums & Percussion/04 Drum Kit Designer/Drum Kit Designer Tambourine/AP v1 Tambourine.exs
Logic	exs	AP v2 Tambourine	/Library/Application Support/Logic/Sampler Instruments/03 Drums & Percussion/04 Drum Kit Designer/Drum Kit Designer Tambourine/AP v2 Tambourine.exs
Logic	exs	AP v3 Tambourine	/Library/Application Support/Logic/Sampler Instruments/03 Drums & Percussion/04 Drum Kit Designer/Drum Kit Designer Tambourine/AP v3 Tambourine.exs
Logic	exs	AP v4 Tambourine	/Library/Application Support/Logic/Sampler Instruments/03 Drums & Percussion/04 Drum Kit Designer/Drum Kit Designer Tambourine/AP v4 Tambourine.exs
Logic	exs	AP v1 Tambourine	/Library/Application Support/Logic/Sampler Instruments/03 Drums & Percussion/04 Drum Kit Designer/Drum Kit Designer Tambourine/Stereo/AP v1 Tambourine.exs
Logic	exs	AP v2 Tambourine	/Library/Application Support/Logic/Sampler Instruments/03 Drums & Percussion/04 Drum Kit Designer/Drum Kit Designer Tambourine/Stereo/AP v2 Tambourine.exs
Logic	exs	AP v3 Tambourine	/Library/Application Support/Logic/Sampler Instruments/03 Drums & Percussion/04 Drum Kit Designer/Drum Kit Designer Tambourine/Stereo/AP v3 Tambourine.exs
Logic	exs	AP v4 Tambourine	/Library/Application Support/Logic/Sampler Instruments/03 Drums & Percussion/04 Drum Kit Designer/Drum Kit Designer Tambourine/Stereo/AP v4 Tambourine.exs
Logic	exs	Birch Kit Toms	/Library/Application Support/Logic/Sampler Instruments/03 Drums & Percussion/04 Drum Kit Designer/Drum Kit Designer Toms/Birch Kit Toms.exs
Logic	exs	Classic Sixties Kit Toms	/Library/Application Support/Logic/Sampler Instruments/03 Drums & Percussion/04 Drum Kit Designer/Drum Kit Designer Toms/Classic Sixties Kit Toms.exs
Logic	exs	Modern Maple Kit Toms	/Library/Application Support/Logic/Sampler Instruments/03 Drums & Percussion/04 Drum Kit Designer/Drum Kit Designer Toms/Modern Maple Kit Toms.exs
Logic	exs	Pawn Shop Kit Toms	/Library/Application Support/Logic/Sampler Instruments/03 Drums & Percussion/04 Drum Kit Designer/Drum Kit Designer Toms/Pawn Shop Kit Toms.exs
Logic	exs	Seventies Plexi Kit Toms	/Library/Application Support/Logic/Sampler Instruments/03 Drums & Percussion/04 Drum Kit Designer/Drum Kit Designer Toms/Seventies Plexi Kit Toms.exs
Logic	exs	Stadium Kit Toms	/Library/Application Support/Logic/Sampler Instruments/03 Drums & Percussion/04 Drum Kit Designer/Drum Kit Designer Toms/Stadium Kit Toms.exs
Logic	exs	Studio Kit Toms	/Library/Application Support/Logic/Sampler Instruments/03 Drums & Percussion/04 Drum Kit Designer/Drum Kit Designer Toms/Studio Kit Toms.exs
Logic	exs	Tight Maple Kit Toms	/Library/Application Support/Logic/Sampler Instruments/03 Drums & Percussion/04 Drum Kit Designer/Drum Kit Designer Toms/Tight Maple Kit Toms.exs
Logic	exs	Vintage Kit Toms Brushes	/Library/Application Support/Logic/Sampler Instruments/03 Drums & Percussion/04 Drum Kit Designer/Drum Kit Designer Toms/Vintage Kit Toms Brushes.exs
Logic	exs	Vintage Kit Toms Rods	/Library/Application Support/Logic/Sampler Instruments/03 Drums & Percussion/04 Drum Kit Designer/Drum Kit Designer Toms/Vintage Kit Toms Rods.exs
Logic	exs	Vintage Kit Toms Sticks	/Library/Application Support/Logic/Sampler Instruments/03 Drums & Percussion/04 Drum Kit Designer/Drum Kit Designer Toms/Vintage Kit Toms Sticks.exs
Logic	exs	Birch Kit	/Library/Application Support/Logic/Sampler Instruments/03 Drums & Percussion/04 Drum Kit Designer/Drum Kit Designer/Birch Kit.exs
Logic	exs	Classic Sixties Kit	/Library/Application Support/Logic/Sampler Instruments/03 Drums & Percussion/04 Drum Kit Designer/Drum Kit Designer/Classic Sixties Kit.exs
Logic	exs	Modern Maple Kit	/Library/Application Support/Logic/Sampler Instruments/03 Drums & Percussion/04 Drum Kit Designer/Drum Kit Designer/Modern Maple Kit.exs
Logic	exs	Pawn Shop Kit	/Library/Application Support/Logic/Sampler Instruments/03 Drums & Percussion/04 Drum Kit Designer/Drum Kit Designer/Pawn Shop Kit.exs
Logic	exs	Seventies Plexi Kit	/Library/Application Support/Logic/Sampler Instruments/03 Drums & Percussion/04 Drum Kit Designer/Drum Kit Designer/Seventies Plexi Kit.exs
Logic	exs	Stadium Kit	/Library/Application Support/Logic/Sampler Instruments/03 Drums & Percussion/04 Drum Kit Designer/Drum Kit Designer/Stadium Kit.exs
Logic	exs	Bluebird Kit v2	/Library/Application Support/Logic/Sampler Instruments/03 Drums & Percussion/04 Drum Kit Designer/Drum Kit Designer/Stereo v2/Bluebird Kit v2.exs
Logic	exs	Brooklyn Kit v2	/Library/Application Support/Logic/Sampler Instruments/03 Drums & Percussion/04 Drum Kit Designer/Drum Kit Designer/Stereo v2/Brooklyn Kit v2.exs
Logic	exs	Detroit Garage Kit v2	/Library/Application Support/Logic/Sampler Instruments/03 Drums & Percussion/04 Drum Kit Designer/Drum Kit Designer/Stereo v2/Detroit Garage Kit v2.exs
Logic	exs	East Bay Kit v2	/Library/Application Support/Logic/Sampler Instruments/03 Drums & Percussion/04 Drum Kit Designer/Drum Kit Designer/Stereo v2/East Bay Kit v2.exs
Logic	exs	Four on the Floor Kit v2	/Library/Application Support/Logic/Sampler Instruments/03 Drums & Percussion/04 Drum Kit Designer/Drum Kit Designer/Stereo v2/Four on the Floor Kit v2.exs
Logic	exs	Heavy Kit v2	/Library/Application Support/Logic/Sampler Instruments/03 Drums & Percussion/04 Drum Kit Designer/Drum Kit Designer/Stereo v2/Heavy Kit v2.exs
Logic	exs	Liverpool Kit v2	/Library/Application Support/Logic/Sampler Instruments/03 Drums & Percussion/04 Drum Kit Designer/Drum Kit Designer/Stereo v2/Liverpool Kit v2.exs
Logic	exs	Manchester Kit v2	/Library/Application Support/Logic/Sampler Instruments/03 Drums & Percussion/04 Drum Kit Designer/Drum Kit Designer/Stereo v2/Manchester Kit v2.exs
Logic	exs	Motown Revisited Kit v2	/Library/Application Support/Logic/Sampler Instruments/03 Drums & Percussion/04 Drum Kit Designer/Drum Kit Designer/Stereo v2/Motown Revisited Kit v2.exs
Logic	exs	Neo Soul Kit v2	/Library/Application Support/Logic/Sampler Instruments/03 Drums & Percussion/04 Drum Kit Designer/Drum Kit Designer/Stereo v2/Neo Soul Kit v2.exs
Logic	exs	Portland Kit v2	/Library/Application Support/Logic/Sampler Instruments/03 Drums & Percussion/04 Drum Kit Designer/Drum Kit Designer/Stereo v2/Portland Kit v2.exs
Logic	exs	Retro Rock Kit v2	/Library/Application Support/Logic/Sampler Instruments/03 Drums & Percussion/04 Drum Kit Designer/Drum Kit Designer/Stereo v2/Retro Rock Kit v2.exs
Logic	exs	Roots Kit v2	/Library/Application Support/Logic/Sampler Instruments/03 Drums & Percussion/04 Drum Kit Designer/Drum Kit Designer/Stereo v2/Roots Kit v2.exs
Logic	exs	Scientific Method Kit v2	/Library/Application Support/Logic/Sampler Instruments/03 Drums & Percussion/04 Drum Kit Designer/Drum Kit Designer/Stereo v2/Scientific Method Kit v2.exs
Logic	exs	Slow Jam Kit v2	/Library/Application Support/Logic/Sampler Instruments/03 Drums & Percussion/04 Drum Kit Designer/Drum Kit Designer/Stereo v2/Slow Jam Kit v2.exs
Logic	exs	Smash Kit v2	/Library/Application Support/Logic/Sampler Instruments/03 Drums & Percussion/04 Drum Kit Designer/Drum Kit Designer/Stereo v2/Smash Kit v2.exs
Logic	exs	SoCal Kit v2	/Library/Application Support/Logic/Sampler Instruments/03 Drums & Percussion/04 Drum Kit Designer/Drum Kit Designer/Stereo v2/SoCal Kit v2.exs
Logic	exs	Sunset Kit v2	/Library/Application Support/Logic/Sampler Instruments/03 Drums & Percussion/04 Drum Kit Designer/Drum Kit Designer/Stereo v2/Sunset Kit v2.exs
Logic	exs	Blue Ridge Kit	/Library/Application Support/Logic/Sampler Instruments/03 Drums & Percussion/04 Drum Kit Designer/Drum Kit Designer/Stereo/Blue Ridge Kit.exs
Logic	exs	Bluebird Kit	/Library/Application Support/Logic/Sampler Instruments/03 Drums & Percussion/04 Drum Kit Designer/Drum Kit Designer/Stereo/Bluebird Kit.exs
Logic	exs	Brooklyn Kit	/Library/Application Support/Logic/Sampler Instruments/03 Drums & Percussion/04 Drum Kit Designer/Drum Kit Designer/Stereo/Brooklyn Kit.exs
Logic	exs	Detroit Garage Kit	/Library/Application Support/Logic/Sampler Instruments/03 Drums & Percussion/04 Drum Kit Designer/Drum Kit Designer/Stereo/Detroit Garage Kit.exs
Logic	exs	East Bay Kit	/Library/Application Support/Logic/Sampler Instruments/03 Drums & Percussion/04 Drum Kit Designer/Drum Kit Designer/Stereo/East Bay Kit.exs
Logic	exs	Four on the Floor Kit	/Library/Application Support/Logic/Sampler Instruments/03 Drums & Percussion/04 Drum Kit Designer/Drum Kit Designer/Stereo/Four on the Floor Kit.exs
Logic	exs	Heavy Kit	/Library/Application Support/Logic/Sampler Instruments/03 Drums & Percussion/04 Drum Kit Designer/Drum Kit Designer/Stereo/Heavy Kit.exs
Logic	exs	Liverpool Kit	/Library/Application Support/Logic/Sampler Instruments/03 Drums & Percussion/04 Drum Kit Designer/Drum Kit Designer/Stereo/Liverpool Kit.exs
Logic	exs	Manchester Kit	/Library/Application Support/Logic/Sampler Instruments/03 Drums & Percussion/04 Drum Kit Designer/Drum Kit Designer/Stereo/Manchester Kit.exs
Logic	exs	Motown Revisited Kit	/Library/Application Support/Logic/Sampler Instruments/03 Drums & Percussion/04 Drum Kit Designer/Drum Kit Designer/Stereo/Motown Revisited Kit.exs
Logic	exs	Neo Soul Kit	/Library/Application Support/Logic/Sampler Instruments/03 Drums & Percussion/04 Drum Kit Designer/Drum Kit Designer/Stereo/Neo Soul Kit.exs
Logic	exs	Portland Kit	/Library/Application Support/Logic/Sampler Instruments/03 Drums & Percussion/04 Drum Kit Designer/Drum Kit Designer/Stereo/Portland Kit.exs
Logic	exs	Retro Rock Kit	/Library/Application Support/Logic/Sampler Instruments/03 Drums & Percussion/04 Drum Kit Designer/Drum Kit Designer/Stereo/Retro Rock Kit.exs
Logic	exs	Roots Kit	/Library/Application Support/Logic/Sampler Instruments/03 Drums & Percussion/04 Drum Kit Designer/Drum Kit Designer/Stereo/Roots Kit.exs
Logic	exs	Scientific Method Kit	/Library/Application Support/Logic/Sampler Instruments/03 Drums & Percussion/04 Drum Kit Designer/Drum Kit Designer/Stereo/Scientific Method Kit.exs
Logic	exs	Slow Jam Kit	/Library/Application Support/Logic/Sampler Instruments/03 Drums & Percussion/04 Drum Kit Designer/Drum Kit Designer/Stereo/Slow Jam Kit.exs
Logic	exs	Smash Kit	/Library/Application Support/Logic/Sampler Instruments/03 Drums & Percussion/04 Drum Kit Designer/Drum Kit Designer/Stereo/Smash Kit.exs
Logic	exs	SoCal Kit	/Library/Application Support/Logic/Sampler Instruments/03 Drums & Percussion/04 Drum Kit Designer/Drum Kit Designer/Stereo/SoCal Kit.exs
Logic	exs	Speakeasy Kit	/Library/Application Support/Logic/Sampler Instruments/03 Drums & Percussion/04 Drum Kit Designer/Drum Kit Designer/Stereo/Speakeasy Kit.exs
Logic	exs	Sunset Kit	/Library/Application Support/Logic/Sampler Instruments/03 Drums & Percussion/04 Drum Kit Designer/Drum Kit Designer/Stereo/Sunset Kit.exs
Logic	exs	Studio Kit	/Library/Application Support/Logic/Sampler Instruments/03 Drums & Percussion/04 Drum Kit Designer/Drum Kit Designer/Studio Kit.exs
Logic	exs	Tight Maple Kit	/Library/Application Support/Logic/Sampler Instruments/03 Drums & Percussion/04 Drum Kit Designer/Drum Kit Designer/Tight Maple Kit.exs
Logic	exs	Vintage Kit Brushes	/Library/Application Support/Logic/Sampler Instruments/03 Drums & Percussion/04 Drum Kit Designer/Drum Kit Designer/Vintage Kit Brushes.exs
Logic	exs	Vintage Kit Rods	/Library/Application Support/Logic/Sampler Instruments/03 Drums & Percussion/04 Drum Kit Designer/Drum Kit Designer/Vintage Kit Rods.exs
Logic	exs	Coffee Shop Percussion	/Library/Application Support/Logic/Sampler Instruments/03 Drums & Percussion/05 Percussion/Coffee Shop Percussion.exs
Logic	exs	Latin Percussion	/Library/Application Support/Logic/Sampler Instruments/03 Drums & Percussion/05 Percussion/Latin Percussion.exs
Logic	exs	Blocks & Bells Performance	/Library/Application Support/Logic/Sampler Instruments/03 Drums & Percussion/05 Percussion/Performance Instruments/Blocks & Bells Performance.exs
Logic	exs	Bongos Performance	/Library/Application Support/Logic/Sampler Instruments/03 Drums & Percussion/05 Percussion/Performance Instruments/Bongos Performance.exs
Logic	exs	Bongos Stick Performance	/Library/Application Support/Logic/Sampler Instruments/03 Drums & Percussion/05 Percussion/Performance Instruments/Bongos Stick Performance.exs
Logic	exs	Cajon Performance	/Library/Application Support/Logic/Sampler Instruments/03 Drums & Percussion/05 Percussion/Performance Instruments/Cajon Performance.exs
Logic	exs	Claps & Snaps Performance	/Library/Application Support/Logic/Sampler Instruments/03 Drums & Percussion/05 Percussion/Performance Instruments/Claps & Snaps Performance.exs
Logic	exs	Conga Bright Performance	/Library/Application Support/Logic/Sampler Instruments/03 Drums & Percussion/05 Percussion/Performance Instruments/Conga Bright Performance.exs
Logic	exs	Conga Performance	/Library/Application Support/Logic/Sampler Instruments/03 Drums & Percussion/05 Percussion/Performance Instruments/Conga Performance.exs
Logic	exs	Shaker 1 Performance	/Library/Application Support/Logic/Sampler Instruments/03 Drums & Percussion/05 Percussion/Performance Instruments/Shaker 1 Performance.exs
Logic	exs	Shaker 2 Performance	/Library/Application Support/Logic/Sampler Instruments/03 Drums & Percussion/05 Percussion/Performance Instruments/Shaker 2 Performance.exs
Logic	exs	Tambourines Performance	/Library/Application Support/Logic/Sampler Instruments/03 Drums & Percussion/05 Percussion/Performance Instruments/Tambourines Performance.exs
Logic	exs	Timbales Performance	/Library/Application Support/Logic/Sampler Instruments/03 Drums & Percussion/05 Percussion/Performance Instruments/Timbales Performance.exs
Logic	exs	Agogo High	/Library/Application Support/Logic/Sampler Instruments/03 Drums & Percussion/05 Percussion/Single Instruments/Agogo High.exs
Logic	exs	Agogo Low	/Library/Application Support/Logic/Sampler Instruments/03 Drums & Percussion/05 Percussion/Single Instruments/Agogo Low.exs
Logic	exs	Bongo High Stick	/Library/Application Support/Logic/Sampler Instruments/03 Drums & Percussion/05 Percussion/Single Instruments/Bongo High Stick.exs
Logic	exs	Bongo High	/Library/Application Support/Logic/Sampler Instruments/03 Drums & Percussion/05 Percussion/Single Instruments/Bongo High.exs
Logic	exs	Bongo Low Stick	/Library/Application Support/Logic/Sampler Instruments/03 Drums & Percussion/05 Percussion/Single Instruments/Bongo Low Stick.exs
Logic	exs	Bongo Low	/Library/Application Support/Logic/Sampler Instruments/03 Drums & Percussion/05 Percussion/Single Instruments/Bongo Low.exs
Logic	exs	Cabasa	/Library/Application Support/Logic/Sampler Instruments/03 Drums & Percussion/05 Percussion/Single Instruments/Cabasa.exs
Logic	exs	Cajon Bass	/Library/Application Support/Logic/Sampler Instruments/03 Drums & Percussion/05 Percussion/Single Instruments/Cajon Bass.exs
Logic	exs	Cajon Snare	/Library/Application Support/Logic/Sampler Instruments/03 Drums & Percussion/05 Percussion/Single Instruments/Cajon Snare.exs
Logic	exs	Castanets	/Library/Application Support/Logic/Sampler Instruments/03 Drums & Percussion/05 Percussion/Single Instruments/Castanets.exs
Logic	exs	Chimes	/Library/Application Support/Logic/Sampler Instruments/03 Drums & Percussion/05 Percussion/Single Instruments/Chimes.exs
Logic	exs	Claps	/Library/Application Support/Logic/Sampler Instruments/03 Drums & Percussion/05 Percussion/Single Instruments/Claps.exs
Logic	exs	Claves	/Library/Application Support/Logic/Sampler Instruments/03 Drums & Percussion/05 Percussion/Single Instruments/Claves.exs
Logic	exs	Conga Bright High	/Library/Application Support/Logic/Sampler Instruments/03 Drums & Percussion/05 Percussion/Single Instruments/Conga Bright High.exs
Logic	exs	Conga Bright Low	/Library/Application Support/Logic/Sampler Instruments/03 Drums & Percussion/05 Percussion/Single Instruments/Conga Bright Low.exs
Logic	exs	Conga High	/Library/Application Support/Logic/Sampler Instruments/03 Drums & Percussion/05 Percussion/Single Instruments/Conga High.exs
Logic	exs	Conga Low	/Library/Application Support/Logic/Sampler Instruments/03 Drums & Percussion/05 Percussion/Single Instruments/Conga Low.exs
Logic	exs	Cowbell Dry	/Library/Application Support/Logic/Sampler Instruments/03 Drums & Percussion/05 Percussion/Single Instruments/Cowbell Dry.exs
Logic	exs	Cowbell	/Library/Application Support/Logic/Sampler Instruments/03 Drums & Percussion/05 Percussion/Single Instruments/Cowbell.exs
Logic	exs	Jam Block High	/Library/Application Support/Logic/Sampler Instruments/03 Drums & Percussion/05 Percussion/Single Instruments/Jam Block High.exs
Logic	exs	Jam Block Low	/Library/Application Support/Logic/Sampler Instruments/03 Drums & Percussion/05 Percussion/Single Instruments/Jam Block Low.exs
Logic	exs	Maracas Dark	/Library/Application Support/Logic/Sampler Instruments/03 Drums & Percussion/05 Percussion/Single Instruments/Maracas Dark.exs
Logic	exs	Maracas	/Library/Application Support/Logic/Sampler Instruments/03 Drums & Percussion/05 Percussion/Single Instruments/Maracas.exs
Logic	exs	Shaker Caxixi	/Library/Application Support/Logic/Sampler Instruments/03 Drums & Percussion/05 Percussion/Single Instruments/Shaker Caxixi.exs
Logic	exs	Shaker Heavy	/Library/Application Support/Logic/Sampler Instruments/03 Drums & Percussion/05 Percussion/Single Instruments/Shaker Heavy.exs
Logic	exs	Shaker Studio	/Library/Application Support/Logic/Sampler Instruments/03 Drums & Percussion/05 Percussion/Single Instruments/Shaker Studio.exs
Logic	exs	Shekere	/Library/Application Support/Logic/Sampler Instruments/03 Drums & Percussion/05 Percussion/Single Instruments/Shekere.exs
Logic	exs	Sleigh Bells Vintage	/Library/Application Support/Logic/Sampler Instruments/03 Drums & Percussion/05 Percussion/Single Instruments/Sleigh Bells Vintage.exs
Logic	exs	Sleigh Bells	/Library/Application Support/Logic/Sampler Instruments/03 Drums & Percussion/05 Percussion/Single Instruments/Sleigh Bells.exs
Logic	exs	Snaps	/Library/Application Support/Logic/Sampler Instruments/03 Drums & Percussion/05 Percussion/Single Instruments/Snaps.exs
Logic	exs	Stomps	/Library/Application Support/Logic/Sampler Instruments/03 Drums & Percussion/05 Percussion/Single Instruments/Stomps.exs
Logic	exs	Tambourine Dimple	/Library/Application Support/Logic/Sampler Instruments/03 Drums & Percussion/05 Percussion/Single Instruments/Tambourine Dimple.exs
Logic	exs	Tambourine Vintage	/Library/Application Support/Logic/Sampler Instruments/03 Drums & Percussion/05 Percussion/Single Instruments/Tambourine Vintage.exs
Logic	exs	Tambourine	/Library/Application Support/Logic/Sampler Instruments/03 Drums & Percussion/05 Percussion/Single Instruments/Tambourine.exs
Logic	exs	Timbale High	/Library/Application Support/Logic/Sampler Instruments/03 Drums & Percussion/05 Percussion/Single Instruments/Timbale High.exs
Logic	exs	Timbale Low	/Library/Application Support/Logic/Sampler Instruments/03 Drums & Percussion/05 Percussion/Single Instruments/Timbale Low.exs
Logic	exs	Timbale Mid	/Library/Application Support/Logic/Sampler Instruments/03 Drums & Percussion/05 Percussion/Single Instruments/Timbale Mid.exs
Logic	exs	Triangle Mute	/Library/Application Support/Logic/Sampler Instruments/03 Drums & Percussion/05 Percussion/Single Instruments/Triangle Mute.exs
Logic	exs	Triangle	/Library/Application Support/Logic/Sampler Instruments/03 Drums & Percussion/05 Percussion/Single Instruments/Triangle.exs
Logic	exs	Wood Block High	/Library/Application Support/Logic/Sampler Instruments/03 Drums & Percussion/05 Percussion/Single Instruments/Wood Block High.exs
Logic	exs	Wood Block Low	/Library/Application Support/Logic/Sampler Instruments/03 Drums & Percussion/05 Percussion/Single Instruments/Wood Block Low.exs
Logic	exs	Studio Percussion	/Library/Application Support/Logic/Sampler Instruments/03 Drums & Percussion/05 Percussion/Studio Percussion.exs
Logic	exs	Electric Stage MkII	/Library/Application Support/Logic/Sampler Instruments/04 Keyboards/01 Electric Pianos/Electric Stage MkII.exs
Logic	exs	Suitcase Electric Piano	/Library/Application Support/Logic/Sampler Instruments/04 Keyboards/01 Electric Pianos/Suitcase Electric Piano.exs
Logic	exs	Marimba	/Library/Application Support/Logic/Sampler Instruments/04 Keyboards/02 Mallets/Marimba.exs
Logic	exs	Rotary Vibraphone	/Library/Application Support/Logic/Sampler Instruments/04 Keyboards/02 Mallets/Rotary Vibraphone.exs
Logic	exs	Vibraphone+Bass	/Library/Application Support/Logic/Sampler Instruments/04 Keyboards/02 Mallets/Vibraphone+Bass.exs
Logic	exs	80s Bitrate Synth	/Library/Application Support/Logic/Sampler Instruments/04 Keyboards/Keyboard Collection/80s Bitrate Synth.exs
Logic	exs	80s Chime Vibe	/Library/Application Support/Logic/Sampler Instruments/04 Keyboards/Keyboard Collection/80s Chime Vibe.exs
Logic	exs	80s Signature Keyboard	/Library/Application Support/Logic/Sampler Instruments/04 Keyboards/Keyboard Collection/80s Signature Keyboard.exs
Logic	exs	Amplified Piano	/Library/Application Support/Logic/Sampler Instruments/04 Keyboards/Keyboard Collection/Amplified Piano.exs
Logic	exs	Below The Surface Piano	/Library/Application Support/Logic/Sampler Instruments/04 Keyboards/Keyboard Collection/Below The Surface Piano.exs
Logic	exs	Boogie Man Piano	/Library/Application Support/Logic/Sampler Instruments/04 Keyboards/Keyboard Collection/Boogie Man Piano.exs
Logic	exs	Claverotor	/Library/Application Support/Logic/Sampler Instruments/04 Keyboards/Keyboard Collection/Claverotor.exs
Logic	exs	Different Phases Clav	/Library/Application Support/Logic/Sampler Instruments/04 Keyboards/Keyboard Collection/Different Phases Clav.exs
Logic	exs	Double Tracked Wurli	/Library/Application Support/Logic/Sampler Instruments/04 Keyboards/Keyboard Collection/Double Tracked Wurli.exs
Logic	exs	Electric Sheep Synth	/Library/Application Support/Logic/Sampler Instruments/04 Keyboards/Keyboard Collection/Electric Sheep Synth.exs
Logic	exs	Electromagnetic Keys	/Library/Application Support/Logic/Sampler Instruments/04 Keyboards/Keyboard Collection/Electromagnetic Keys.exs
Logic	exs	Fairytales Bells	/Library/Application Support/Logic/Sampler Instruments/04 Keyboards/Keyboard Collection/Fairytales Bells.exs
Logic	exs	Feedback Rhodes	/Library/Application Support/Logic/Sampler Instruments/04 Keyboards/Keyboard Collection/Feedback Rhodes.exs
Logic	exs	Flea Market Wurli	/Library/Application Support/Logic/Sampler Instruments/04 Keyboards/Keyboard Collection/Flea Market Wurli.exs
Logic	exs	Gamer's Organ	/Library/Application Support/Logic/Sampler Instruments/04 Keyboards/Keyboard Collection/Gamer's Organ.exs
Logic	exs	Granular Vibraphone	/Library/Application Support/Logic/Sampler Instruments/04 Keyboards/Keyboard Collection/Granular Vibraphone.exs
Logic	exs	Hit Record Marimba	/Library/Application Support/Logic/Sampler Instruments/04 Keyboards/Keyboard Collection/Hit Record Marimba.exs
Logic	exs	Industrial Design Organ	/Library/Application Support/Logic/Sampler Instruments/04 Keyboards/Keyboard Collection/Industrial Design Organ.exs
Logic	exs	Learner's Piano	/Library/Application Support/Logic/Sampler Instruments/04 Keyboards/Keyboard Collection/Learner's Piano.exs
Logic	exs	Liquid Synth Keys	/Library/Application Support/Logic/Sampler Instruments/04 Keyboards/Keyboard Collection/Liquid Synth Keys.exs
Logic	exs	Lullaby Vibes	/Library/Application Support/Logic/Sampler Instruments/04 Keyboards/Keyboard Collection/Lullaby Vibes.exs
Logic	exs	Mellow Vibe Piano	/Library/Application Support/Logic/Sampler Instruments/04 Keyboards/Keyboard Collection/Mellow Vibe Piano.exs
Logic	exs	More Modulation Piano	/Library/Application Support/Logic/Sampler Instruments/04 Keyboards/Keyboard Collection/More Modulation Piano.exs
Logic	exs	Muted Clank Keys	/Library/Application Support/Logic/Sampler Instruments/04 Keyboards/Keyboard Collection/Muted Clank Keys.exs
Logic	exs	New Carnival Synth	/Library/Application Support/Logic/Sampler Instruments/04 Keyboards/Keyboard Collection/New Carnival Synth.exs
Logic	exs	Old VHS Tape Synth	/Library/Application Support/Logic/Sampler Instruments/04 Keyboards/Keyboard Collection/Old VHS Tape Synth.exs
Logic	exs	Old-Time Recording Keys	/Library/Application Support/Logic/Sampler Instruments/04 Keyboards/Keyboard Collection/Old-Time Recording Keys.exs
Logic	exs	Parallel Earth Piano	/Library/Application Support/Logic/Sampler Instruments/04 Keyboards/Keyboard Collection/Parallel Earth Piano.exs
Logic	exs	Perfect Mix Piano	/Library/Application Support/Logic/Sampler Instruments/04 Keyboards/Keyboard Collection/Perfect Mix Piano.exs
Logic	exs	Pop Producer Keys	/Library/Application Support/Logic/Sampler Instruments/04 Keyboards/Keyboard Collection/Pop Producer Keys.exs
Logic	exs	Powered Tube Piano	/Library/Application Support/Logic/Sampler Instruments/04 Keyboards/Keyboard Collection/Powered Tube Piano.exs
Logic	exs	Pure Digital Piano	/Library/Application Support/Logic/Sampler Instruments/04 Keyboards/Keyboard Collection/Pure Digital Piano.exs
Logic	exs	Record Collection Grand	/Library/Application Support/Logic/Sampler Instruments/04 Keyboards/Keyboard Collection/Record Collection Grand.exs
Logic	exs	Reversing Mood Keys	/Library/Application Support/Logic/Sampler Instruments/04 Keyboards/Keyboard Collection/Reversing Mood Keys.exs
Logic	exs	Rise Above Piano	/Library/Application Support/Logic/Sampler Instruments/04 Keyboards/Keyboard Collection/Rise Above Piano.exs
Logic	exs	Rusty Piano	/Library/Application Support/Logic/Sampler Instruments/04 Keyboards/Keyboard Collection/Rusty Piano.exs
Logic	exs	Simple Physics Piano	/Library/Application Support/Logic/Sampler Instruments/04 Keyboards/Keyboard Collection/Simple Physics Piano.exs
Logic	exs	Subtle Dynamics Piano	/Library/Application Support/Logic/Sampler Instruments/04 Keyboards/Keyboard Collection/Subtle Dynamics Piano.exs
Logic	exs	Supporting Cast Piano	/Library/Application Support/Logic/Sampler Instruments/04 Keyboards/Keyboard Collection/Supporting Cast Piano.exs
Logic	exs	Taped Marimba	/Library/Application Support/Logic/Sampler Instruments/04 Keyboards/Keyboard Collection/Taped Marimba.exs
Logic	exs	Worn Tape Piano	/Library/Application Support/Logic/Sampler Instruments/04 Keyboards/Keyboard Collection/Worn Tape Piano.exs
Logic	exs	Glass Marimba Hard Mallet	/Library/Application Support/Logic/Sampler Instruments/04 Keyboards/Mallets/Glass Marimba Hard Mallet.exs
Logic	exs	Glass Marimba Muted	/Library/Application Support/Logic/Sampler Instruments/04 Keyboards/Mallets/Glass Marimba Muted.exs
Logic	exs	Glass Marimba Soft Mallet	/Library/Application Support/Logic/Sampler Instruments/04 Keyboards/Mallets/Glass Marimba Soft Mallet.exs
Logic	exs	Mini Marimba	/Library/Application Support/Logic/Sampler Instruments/04 Keyboards/Mallets/Mini Marimba.exs
Logic	exs	Toy Glockenspiel	/Library/Application Support/Logic/Sampler Instruments/04 Keyboards/Mallets/Toy Glockenspiel.exs
Logic	exs	Vibraphone	/Library/Application Support/Logic/Sampler Instruments/04 Keyboards/Mallets/Vibraphone.exs
Logic	exs	Music Box	/Library/Application Support/Logic/Sampler Instruments/04 Keyboards/Music Box.exs
Logic	exs	80s Pluck Bass	/Library/Application Support/Logic/Sampler Instruments/04 Keyboards/Producer Packs/80s Pluck Bass.exs
Logic	exs	Alphabet City 808 Bass	/Library/Application Support/Logic/Sampler Instruments/04 Keyboards/Producer Packs/Alphabet City 808 Bass.exs
Logic	exs	Analog Sweep Bass	/Library/Application Support/Logic/Sampler Instruments/04 Keyboards/Producer Packs/Analog Sweep Bass.exs
Logic	exs	Ancient Singing Bowl	/Library/Application Support/Logic/Sampler Instruments/04 Keyboards/Producer Packs/Ancient Singing Bowl.exs
Logic	exs	Auten Road Interaction Bass	/Library/Application Support/Logic/Sampler Instruments/04 Keyboards/Producer Packs/Auten Road Interaction Bass.exs
Logic	exs	Azure Crystal Synth Bells	/Library/Application Support/Logic/Sampler Instruments/04 Keyboards/Producer Packs/Azure Crystal Synth Bells.exs
Logic	exs	Big Horn	/Library/Application Support/Logic/Sampler Instruments/04 Keyboards/Producer Packs/Big Horn.exs
Logic	exs	Breathless Synth Bass	/Library/Application Support/Logic/Sampler Instruments/04 Keyboards/Producer Packs/Breathless Synth Bass.exs
Logic	exs	Broadway Big Dreamer Pad	/Library/Application Support/Logic/Sampler Instruments/04 Keyboards/Producer Packs/Broadway Big Dreamer Pad.exs
Logic	exs	Broome Street Significant Synth	/Library/Application Support/Logic/Sampler Instruments/04 Keyboards/Producer Packs/Broome Street Significant Synth.exs
Logic	exs	Cortlandt Alley River Bass	/Library/Application Support/Logic/Sampler Instruments/04 Keyboards/Producer Packs/Cortlandt Alley River Bass.exs
Logic	exs	Cortlandt Alley River Synth	/Library/Application Support/Logic/Sampler Instruments/04 Keyboards/Producer Packs/Cortlandt Alley River Synth.exs
Logic	exs	Creepy Bells	/Library/Application Support/Logic/Sampler Instruments/04 Keyboards/Producer Packs/Creepy Bells.exs
Logic	exs	Dark Lo-Fi Piano	/Library/Application Support/Logic/Sampler Instruments/04 Keyboards/Producer Packs/Dark Lo-Fi Piano.exs
Logic	exs	Deep Moves Bass	/Library/Application Support/Logic/Sampler Instruments/04 Keyboards/Producer Packs/Deep Moves Bass.exs
Logic	exs	Deep Texture Bass	/Library/Application Support/Logic/Sampler Instruments/04 Keyboards/Producer Packs/Deep Texture Bass.exs
Logic	exs	Dreamy Smooth Vox	/Library/Application Support/Logic/Sampler Instruments/04 Keyboards/Producer Packs/Dreamy Smooth Vox.exs
Logic	exs	FM Bell Swells	/Library/Application Support/Logic/Sampler Instruments/04 Keyboards/Producer Packs/FM Bell Swells.exs
Logic	exs	Flanged Wobble	/Library/Application Support/Logic/Sampler Instruments/04 Keyboards/Producer Packs/Flanged Wobble.exs
Logic	exs	Floating Flugels	/Library/Application Support/Logic/Sampler Instruments/04 Keyboards/Producer Packs/Floating Flugels.exs
Logic	exs	Heavenly Voices Choir	/Library/Application Support/Logic/Sampler Instruments/04 Keyboards/Producer Packs/Heavenly Voices Choir.exs
Logic	exs	I-95 Bass Meter	/Library/Application Support/Logic/Sampler Instruments/04 Keyboards/Producer Packs/I-95 Bass Meter.exs
Logic	exs	I-95 Chronicle Piano	/Library/Application Support/Logic/Sampler Instruments/04 Keyboards/Producer Packs/I-95 Chronicle Piano.exs
Logic	exs	I-95 Silicon Pluck	/Library/Application Support/Logic/Sampler Instruments/04 Keyboards/Producer Packs/I-95 Silicon Pluck.exs
Logic	exs	I-95 Specter Lead	/Library/Application Support/Logic/Sampler Instruments/04 Keyboards/Producer Packs/I-95 Specter Lead.exs
Logic	exs	Jane Street Rampart Synth	/Library/Application Support/Logic/Sampler Instruments/04 Keyboards/Producer Packs/Jane Street Rampart Synth.exs
Logic	exs	Kenmare Heroic Synth	/Library/Application Support/Logic/Sampler Instruments/04 Keyboards/Producer Packs/Kenmare Heroic Synth.exs
Logic	exs	Lime Drops Synth Pluck	/Library/Application Support/Logic/Sampler Instruments/04 Keyboards/Producer Packs/Lime Drops Synth Pluck.exs
Logic	exs	Low Growl Bass	/Library/Application Support/Logic/Sampler Instruments/04 Keyboards/Producer Packs/Low Growl Bass.exs
Logic	exs	Luscious Swirls Synth Pad	/Library/Application Support/Logic/Sampler Instruments/04 Keyboards/Producer Packs/Luscious Swirls Synth Pad.exs
Logic	exs	Mellotron Flutes	/Library/Application Support/Logic/Sampler Instruments/04 Keyboards/Producer Packs/Mellotron Flutes.exs
Logic	exs	Mellowed Out Keys	/Library/Application Support/Logic/Sampler Instruments/04 Keyboards/Producer Packs/Mellowed Out Keys.exs
Logic	exs	Mercer Memories Synth	/Library/Application Support/Logic/Sampler Instruments/04 Keyboards/Producer Packs/Mercer Memories Synth.exs
Logic	exs	Metallic Memories Bowl	/Library/Application Support/Logic/Sampler Instruments/04 Keyboards/Producer Packs/Metallic Memories Bowl.exs
Logic	exs	Modern Mystic Bowl	/Library/Application Support/Logic/Sampler Instruments/04 Keyboards/Producer Packs/Modern Mystic Bowl.exs
Logic	exs	Mott Street Conquest Synth	/Library/Application Support/Logic/Sampler Instruments/04 Keyboards/Producer Packs/Mott Street Conquest Synth.exs
Logic	exs	Mythic Sky Synth Lead	/Library/Application Support/Logic/Sampler Instruments/04 Keyboards/Producer Packs/Mythic Sky Synth Lead.exs
Logic	exs	Oak Piano Dream Synth	/Library/Application Support/Logic/Sampler Instruments/04 Keyboards/Producer Packs/Oak Piano Dream Synth.exs
Logic	exs	Phasing Guitar Plucks	/Library/Application Support/Logic/Sampler Instruments/04 Keyboards/Producer Packs/Phasing Guitar Plucks.exs
Logic	exs	Psychic Energy Piano	/Library/Application Support/Logic/Sampler Instruments/04 Keyboards/Producer Packs/Psychic Energy Piano.exs
Logic	exs	Rough Waves Bass	/Library/Application Support/Logic/Sampler Instruments/04 Keyboards/Producer Packs/Rough Waves Bass.exs
Logic	exs	Route 22 Revelation Synth	/Library/Application Support/Logic/Sampler Instruments/04 Keyboards/Producer Packs/Route 22 Revelation Synth.exs
Logic	exs	Scarlet Synth Chimes	/Library/Application Support/Logic/Sampler Instruments/04 Keyboards/Producer Packs/Scarlet Synth Chimes.exs
Logic	exs	Shelburne Road Anthem Synth	/Library/Application Support/Logic/Sampler Instruments/04 Keyboards/Producer Packs/Shelburne Road Anthem Synth.exs
Logic	exs	Shelburne Road Attention Lead	/Library/Application Support/Logic/Sampler Instruments/04 Keyboards/Producer Packs/Shelburne Road Attention Lead.exs
Logic	exs	Shelburne Road State Bass	/Library/Application Support/Logic/Sampler Instruments/04 Keyboards/Producer Packs/Shelburne Road State Bass.exs
Logic	exs	Shimmering Electric Piano	/Library/Application Support/Logic/Sampler Instruments/04 Keyboards/Producer Packs/Shimmering Electric Piano.exs
Logic	exs	Shimmering Voice Texture	/Library/Application Support/Logic/Sampler Instruments/04 Keyboards/Producer Packs/Shimmering Voice Texture.exs
Logic	exs	Silky Smooth Bass	/Library/Application Support/Logic/Sampler Instruments/04 Keyboards/Producer Packs/Silky Smooth Bass.exs
Logic	exs	Slide Attack Bass	/Library/Application Support/Logic/Sampler Instruments/04 Keyboards/Producer Packs/Slide Attack Bass.exs
Logic	exs	Small Amped Acoustic Piano	/Library/Application Support/Logic/Sampler Instruments/04 Keyboards/Producer Packs/Small Amped Acoustic Piano.exs
Logic	exs	Small Time Piano	/Library/Application Support/Logic/Sampler Instruments/04 Keyboards/Producer Packs/Small Time Piano.exs
Logic	exs	Snappy Bass	/Library/Application Support/Logic/Sampler Instruments/04 Keyboards/Producer Packs/Snappy Bass.exs
Logic	exs	Solid Soul Electric Bass	/Library/Application Support/Logic/Sampler Instruments/04 Keyboards/Producer Packs/Solid Soul Electric Bass.exs
Logic	exs	Star Villain Bass	/Library/Application Support/Logic/Sampler Instruments/04 Keyboards/Producer Packs/Star Villain Bass.exs
Logic	exs	Sub Tone Bass	/Library/Application Support/Logic/Sampler Instruments/04 Keyboards/Producer Packs/Sub Tone Bass.exs
Logic	exs	Supreme Lead Synth	/Library/Application Support/Logic/Sampler Instruments/04 Keyboards/Producer Packs/Supreme Lead Synth.exs
Logic	exs	Sweet Dream Flute	/Library/Application Support/Logic/Sampler Instruments/04 Keyboards/Producer Packs/Sweet Dream Flute.exs
Logic	exs	Sweet Overdrive Kalimba	/Library/Application Support/Logic/Sampler Instruments/04 Keyboards/Producer Packs/Sweet Overdrive Kalimba.exs
Logic	exs	Velvetine Synth Pad	/Library/Application Support/Logic/Sampler Instruments/04 Keyboards/Producer Packs/Velvetine Synth Pad.exs
Logic	exs	Vocal Star	/Library/Application Support/Logic/Sampler Instruments/04 Keyboards/Producer Packs/Vocal Star.exs
Logic	exs	Warbly Keys	/Library/Application Support/Logic/Sampler Instruments/04 Keyboards/Producer Packs/Warbly Keys.exs
Logic	exs	Washington Street Credit Synth	/Library/Application Support/Logic/Sampler Instruments/04 Keyboards/Producer Packs/Washington Street Credit Synth.exs
Logic	exs	Worn Tape Flutes	/Library/Application Support/Logic/Sampler Instruments/04 Keyboards/Producer Packs/Worn Tape Flutes.exs
Logic	exs	Toy Celesta	/Library/Application Support/Logic/Sampler Instruments/04 Keyboards/Toy Celesta.exs
Logic	exs	Toy Melodica	/Library/Application Support/Logic/Sampler Instruments/04 Keyboards/Toy Melodica.exs
Logic	exs	Toy Piano	/Library/Application Support/Logic/Sampler Instruments/04 Keyboards/Toy Piano.exs
Logic	exs	Xylo Keyboard	/Library/Application Support/Logic/Sampler Instruments/04 Keyboards/Xylo Keyboard.exs
Logic	exs	Abraxas	/Library/Application Support/Logic/Sampler Instruments/05 Synthesizers/01 Synth Leads/Abraxas.exs
Logic	exs	Attacke	/Library/Application Support/Logic/Sampler Instruments/05 Synthesizers/01 Synth Leads/Attacke.exs
Logic	exs	Basic Cord	/Library/Application Support/Logic/Sampler Instruments/05 Synthesizers/01 Synth Leads/Basic Cord.exs
Logic	exs	Basic Decay 1	/Library/Application Support/Logic/Sampler Instruments/05 Synthesizers/01 Synth Leads/Basic Decay 1.exs
Logic	exs	Basic Decay 2	/Library/Application Support/Logic/Sampler Instruments/05 Synthesizers/01 Synth Leads/Basic Decay 2.exs
Logic	exs	Basic Synth Det	/Library/Application Support/Logic/Sampler Instruments/05 Synthesizers/01 Synth Leads/Basic Synth Det.exs
Logic	exs	Basic Synth Fifth	/Library/Application Support/Logic/Sampler Instruments/05 Synthesizers/01 Synth Leads/Basic Synth Fifth.exs
Logic	exs	Basic Synth Oct	/Library/Application Support/Logic/Sampler Instruments/05 Synthesizers/01 Synth Leads/Basic Synth Oct.exs
Logic	exs	Basic Synth	/Library/Application Support/Logic/Sampler Instruments/05 Synthesizers/01 Synth Leads/Basic Synth.exs
Logic	exs	Basic Velo	/Library/Application Support/Logic/Sampler Instruments/05 Synthesizers/01 Synth Leads/Basic Velo.exs
Logic	exs	Big Attack Lead	/Library/Application Support/Logic/Sampler Instruments/05 Synthesizers/01 Synth Leads/Big Attack Lead.exs
Logic	exs	Brassy Lead	/Library/Application Support/Logic/Sampler Instruments/05 Synthesizers/01 Synth Leads/Brassy Lead.exs
Logic	exs	Cheap Organ	/Library/Application Support/Logic/Sampler Instruments/05 Synthesizers/01 Synth Leads/Cheap Organ.exs
Logic	exs	Classic Synlead	/Library/Application Support/Logic/Sampler Instruments/05 Synthesizers/01 Synth Leads/Classic Synlead.exs
Logic	exs	Comp 12	/Library/Application Support/Logic/Sampler Instruments/05 Synthesizers/01 Synth Leads/Comp 12.exs
Logic	exs	Dance Basic	/Library/Application Support/Logic/Sampler Instruments/05 Synthesizers/01 Synth Leads/Dance Basic.exs
Logic	exs	Dancy Octave	/Library/Application Support/Logic/Sampler Instruments/05 Synthesizers/01 Synth Leads/Dancy Octave.exs
Logic	exs	Dirty Zap	/Library/Application Support/Logic/Sampler Instruments/05 Synthesizers/01 Synth Leads/Dirty Zap.exs
Logic	exs	FM Fairy Power	/Library/Application Support/Logic/Sampler Instruments/05 Synthesizers/01 Synth Leads/FM Fairy Power.exs
Logic	exs	FM Mega Octave	/Library/Application Support/Logic/Sampler Instruments/05 Synthesizers/01 Synth Leads/FM Mega Octave.exs
Logic	exs	FM Mega Oscillator	/Library/Application Support/Logic/Sampler Instruments/05 Synthesizers/01 Synth Leads/FM Mega Oscillator.exs
Logic	exs	FM Mega Stack	/Library/Application Support/Logic/Sampler Instruments/05 Synthesizers/01 Synth Leads/FM Mega Stack.exs
Logic	exs	FM Powerpoly	/Library/Application Support/Logic/Sampler Instruments/05 Synthesizers/01 Synth Leads/FM Powerpoly.exs
Logic	exs	FM Powersyn	/Library/Application Support/Logic/Sampler Instruments/05 Synthesizers/01 Synth Leads/FM Powersyn.exs
Logic	exs	Fat Digital Comp	/Library/Application Support/Logic/Sampler Instruments/05 Synthesizers/01 Synth Leads/Fat Digital Comp.exs
Logic	exs	Fat Sync	/Library/Application Support/Logic/Sampler Instruments/05 Synthesizers/01 Synth Leads/Fat Sync.exs
Logic	exs	Flange Saw A	/Library/Application Support/Logic/Sampler Instruments/05 Synthesizers/01 Synth Leads/Flange Saw A.exs
Logic	exs	Flange Saw B Velo	/Library/Application Support/Logic/Sampler Instruments/05 Synthesizers/01 Synth Leads/Flange Saw B Velo.exs
Logic	exs	Flange Saw B	/Library/Application Support/Logic/Sampler Instruments/05 Synthesizers/01 Synth Leads/Flange Saw B.exs
Logic	exs	Funky Lead	/Library/Application Support/Logic/Sampler Instruments/05 Synthesizers/01 Synth Leads/Funky Lead.exs
Logic	exs	Glide Boy	/Library/Application Support/Logic/Sampler Instruments/05 Synthesizers/01 Synth Leads/Glide Boy.exs
Logic	exs	JP8 Mini	/Library/Application Support/Logic/Sampler Instruments/05 Synthesizers/01 Synth Leads/JP8 Mini.exs
Logic	exs	JP8 Polyhook	/Library/Application Support/Logic/Sampler Instruments/05 Synthesizers/01 Synth Leads/JP8 Polyhook.exs
Logic	exs	JP8 Squarelead	/Library/Application Support/Logic/Sampler Instruments/05 Synthesizers/01 Synth Leads/JP8 Squarelead.exs
Logic	exs	JP8 Synclead	/Library/Application Support/Logic/Sampler Instruments/05 Synthesizers/01 Synth Leads/JP8 Synclead.exs
Logic	exs	JP8 Unison Saw	/Library/Application Support/Logic/Sampler Instruments/05 Synthesizers/01 Synth Leads/JP8 Unison Saw.exs
Logic	exs	Mega Fat Bass&Lead	/Library/Application Support/Logic/Sampler Instruments/05 Synthesizers/01 Synth Leads/Mega Fat Bass&Lead.exs
Logic	exs	Miami Lead	/Library/Application Support/Logic/Sampler Instruments/05 Synthesizers/01 Synth Leads/Miami Lead.exs
Logic	exs	Mini Saw Lead	/Library/Application Support/Logic/Sampler Instruments/05 Synthesizers/01 Synth Leads/Mini Saw Lead.exs
Logic	exs	My Wave Stacked	/Library/Application Support/Logic/Sampler Instruments/05 Synthesizers/01 Synth Leads/My Wave Stacked.exs
Logic	exs	My Wave	/Library/Application Support/Logic/Sampler Instruments/05 Synthesizers/01 Synth Leads/My Wave.exs
Logic	exs	PWM Hook	/Library/Application Support/Logic/Sampler Instruments/05 Synthesizers/01 Synth Leads/PWM Hook.exs
Logic	exs	Phat Fifth Lead	/Library/Application Support/Logic/Sampler Instruments/05 Synthesizers/01 Synth Leads/Phat Fifth Lead.exs
Logic	exs	Pop Comp	/Library/Application Support/Logic/Sampler Instruments/05 Synthesizers/01 Synth Leads/Pop Comp.exs
Logic	exs	Reso King MW	/Library/Application Support/Logic/Sampler Instruments/05 Synthesizers/01 Synth Leads/Reso King MW.exs
Logic	exs	Simple Saw	/Library/Application Support/Logic/Sampler Instruments/05 Synthesizers/01 Synth Leads/Simple Saw.exs
Logic	exs	Square Lead	/Library/Application Support/Logic/Sampler Instruments/05 Synthesizers/01 Synth Leads/Square Lead.exs
Logic	exs	Stacky Hook	/Library/Application Support/Logic/Sampler Instruments/05 Synthesizers/01 Synth Leads/Stacky Hook.exs
Logic	exs	Syn Oct Lead	/Library/Application Support/Logic/Sampler Instruments/05 Synthesizers/01 Synth Leads/Syn Oct Lead.exs
Logic	exs	Synth Fifth Comp	/Library/Application Support/Logic/Sampler Instruments/05 Synthesizers/01 Synth Leads/Synth Fifth Comp.exs
Logic	exs	Synth Oct Comp	/Library/Application Support/Logic/Sampler Instruments/05 Synthesizers/01 Synth Leads/Synth Oct Comp.exs
Logic	exs	Trancy Hook	/Library/Application Support/Logic/Sampler Instruments/05 Synthesizers/01 Synth Leads/Trancy Hook.exs
Logic	exs	Tune Hook	/Library/Application Support/Logic/Sampler Instruments/05 Synthesizers/01 Synth Leads/Tune Hook.exs
Logic	exs	Virtual Unison Hipalead	/Library/Application Support/Logic/Sampler Instruments/05 Synthesizers/01 Synth Leads/Virtual Unison Hipalead.exs
Logic	exs	Virtual Unison Rezzy	/Library/Application Support/Logic/Sampler Instruments/05 Synthesizers/01 Synth Leads/Virtual Unison Rezzy.exs
Logic	exs	Wish 75	/Library/Application Support/Logic/Sampler Instruments/05 Synthesizers/01 Synth Leads/Wish 75.exs
Logic	exs	XP Hooky	/Library/Application Support/Logic/Sampler Instruments/05 Synthesizers/01 Synth Leads/XP Hooky.exs
Logic	exs	Xtreme Rezzo	/Library/Application Support/Logic/Sampler Instruments/05 Synthesizers/01 Synth Leads/Xtreme Rezzo.exs
Logic	exs	Ambi Stack	/Library/Application Support/Logic/Sampler Instruments/05 Synthesizers/02 Synth Pads/Ambi Stack.exs
Logic	exs	Another Pad	/Library/Application Support/Logic/Sampler Instruments/05 Synthesizers/02 Synth Pads/Another Pad.exs
Logic	exs	Basic Pad	/Library/Application Support/Logic/Sampler Instruments/05 Synthesizers/02 Synth Pads/Basic Pad.exs
Logic	exs	Bellsphere Basic	/Library/Application Support/Logic/Sampler Instruments/05 Synthesizers/02 Synth Pads/Bellsphere Basic.exs
Logic	exs	Bellsphere Dark Filter	/Library/Application Support/Logic/Sampler Instruments/05 Synthesizers/02 Synth Pads/Bellsphere Dark Filter.exs
Logic	exs	Bellsphere Dark	/Library/Application Support/Logic/Sampler Instruments/05 Synthesizers/02 Synth Pads/Bellsphere Dark.exs
Logic	exs	Bellsphere HPF	/Library/Application Support/Logic/Sampler Instruments/05 Synthesizers/02 Synth Pads/Bellsphere HPF.exs
Logic	exs	Bellsphere Pad	/Library/Application Support/Logic/Sampler Instruments/05 Synthesizers/02 Synth Pads/Bellsphere Pad.exs
Logic	exs	Bellsphere_Forma Pad	/Library/Application Support/Logic/Sampler Instruments/05 Synthesizers/02 Synth Pads/Bellsphere_Forma Pad.exs
Logic	exs	Big 80ies Sweep	/Library/Application Support/Logic/Sampler Instruments/05 Synthesizers/02 Synth Pads/Big 80ies Sweep.exs
Logic	exs	Big 80ies	/Library/Application Support/Logic/Sampler Instruments/05 Synthesizers/02 Synth Pads/Big 80ies.exs
Logic	exs	Big Matrix Pad	/Library/Application Support/Logic/Sampler Instruments/05 Synthesizers/02 Synth Pads/Big Matrix Pad.exs
Logic	exs	Big Pad MW	/Library/Application Support/Logic/Sampler Instruments/05 Synthesizers/02 Synth Pads/Big Pad MW.exs
Logic	exs	Bit Surround Dark	/Library/Application Support/Logic/Sampler Instruments/05 Synthesizers/02 Synth Pads/Bit Surround Dark.exs
Logic	exs	Bit_Candle MorfModW	/Library/Application Support/Logic/Sampler Instruments/05 Synthesizers/02 Synth Pads/Bit_Candle MorfModW.exs
Logic	exs	Bit_Candle Pad	/Library/Application Support/Logic/Sampler Instruments/05 Synthesizers/02 Synth Pads/Bit_Candle Pad.exs
Logic	exs	Chill Keys_Filtered Pad	/Library/Application Support/Logic/Sampler Instruments/05 Synthesizers/02 Synth Pads/Chill Keys_Filtered Pad.exs
Logic	exs	Choirpad MW	/Library/Application Support/Logic/Sampler Instruments/05 Synthesizers/02 Synth Pads/Choirpad MW.exs
Logic	exs	Choirpad Velo	/Library/Application Support/Logic/Sampler Instruments/05 Synthesizers/02 Synth Pads/Choirpad Velo.exs
Logic	exs	Clouds MW	/Library/Application Support/Logic/Sampler Instruments/05 Synthesizers/02 Synth Pads/Clouds MW.exs
Logic	exs	Clouds Sweep	/Library/Application Support/Logic/Sampler Instruments/05 Synthesizers/02 Synth Pads/Clouds Sweep.exs
Logic	exs	Clouds	/Library/Application Support/Logic/Sampler Instruments/05 Synthesizers/02 Synth Pads/Clouds.exs
Logic	exs	Cold Mystery	/Library/Application Support/Logic/Sampler Instruments/05 Synthesizers/02 Synth Pads/Cold Mystery.exs
Logic	exs	Crosswaves Pad	/Library/Application Support/Logic/Sampler Instruments/05 Synthesizers/02 Synth Pads/Crosswaves Pad.exs
Logic	exs	Digi Ducks MW	/Library/Application Support/Logic/Sampler Instruments/05 Synthesizers/02 Synth Pads/Digi Ducks MW.exs
Logic	exs	Digital Pad	/Library/Application Support/Logic/Sampler Instruments/05 Synthesizers/02 Synth Pads/Digital Pad.exs
Logic	exs	Exception	/Library/Application Support/Logic/Sampler Instruments/05 Synthesizers/02 Synth Pads/Exception.exs
Logic	exs	FM E-Piano Attack	/Library/Application Support/Logic/Sampler Instruments/05 Synthesizers/02 Synth Pads/FM E-Piano Attack.exs
Logic	exs	FM Fairy Wah	/Library/Application Support/Logic/Sampler Instruments/05 Synthesizers/02 Synth Pads/FM Fairy Wah.exs
Logic	exs	FM Mega Attack MW	/Library/Application Support/Logic/Sampler Instruments/05 Synthesizers/02 Synth Pads/FM Mega Attack MW.exs
Logic	exs	FM Mega Octave Sweep	/Library/Application Support/Logic/Sampler Instruments/05 Synthesizers/02 Synth Pads/FM Mega Octave Sweep.exs
Logic	exs	FM Mega Osc Pad MW	/Library/Application Support/Logic/Sampler Instruments/05 Synthesizers/02 Synth Pads/FM Mega Osc Pad MW.exs
Logic	exs	FM Spectral Pad	/Library/Application Support/Logic/Sampler Instruments/05 Synthesizers/02 Synth Pads/FM Spectral Pad.exs
Logic	exs	FM Spectral Sweep	/Library/Application Support/Logic/Sampler Instruments/05 Synthesizers/02 Synth Pads/FM Spectral Sweep.exs
Logic	exs	FM Spectral	/Library/Application Support/Logic/Sampler Instruments/05 Synthesizers/02 Synth Pads/FM Spectral.exs
Logic	exs	Fast Attack Choir	/Library/Application Support/Logic/Sampler Instruments/05 Synthesizers/02 Synth Pads/Fast Attack Choir.exs
Logic	exs	Fat Digital Sweep	/Library/Application Support/Logic/Sampler Instruments/05 Synthesizers/02 Synth Pads/Fat Digital Sweep.exs
Logic	exs	Fat Jupi BPF	/Library/Application Support/Logic/Sampler Instruments/05 Synthesizers/02 Synth Pads/Fat Jupi BPF.exs
Logic	exs	Fat Jupi Darkpad	/Library/Application Support/Logic/Sampler Instruments/05 Synthesizers/02 Synth Pads/Fat Jupi Darkpad.exs
Logic	exs	Fifth Fiftie Pad	/Library/Application Support/Logic/Sampler Instruments/05 Synthesizers/02 Synth Pads/Fifth Fiftie Pad.exs
Logic	exs	Filterpad_Atlantis	/Library/Application Support/Logic/Sampler Instruments/05 Synthesizers/02 Synth Pads/Filterpad_Atlantis.exs
Logic	exs	Flange Saw A Sweep	/Library/Application Support/Logic/Sampler Instruments/05 Synthesizers/02 Synth Pads/Flange Saw A Sweep.exs
Logic	exs	Formant Choir	/Library/Application Support/Logic/Sampler Instruments/05 Synthesizers/02 Synth Pads/Formant Choir.exs
Logic	exs	Formant Decay	/Library/Application Support/Logic/Sampler Instruments/05 Synthesizers/02 Synth Pads/Formant Decay.exs
Logic	exs	Formant Pad MW	/Library/Application Support/Logic/Sampler Instruments/05 Synthesizers/02 Synth Pads/Formant Pad MW.exs
Logic	exs	Formant Sweep	/Library/Application Support/Logic/Sampler Instruments/05 Synthesizers/02 Synth Pads/Formant Sweep.exs
Logic	exs	Genius Chords	/Library/Application Support/Logic/Sampler Instruments/05 Synthesizers/02 Synth Pads/Genius Chords.exs
Logic	exs	Glacier Pad	/Library/Application Support/Logic/Sampler Instruments/05 Synthesizers/02 Synth Pads/Glacier Pad.exs
Logic	exs	Glowing Atmo	/Library/Application Support/Logic/Sampler Instruments/05 Synthesizers/02 Synth Pads/Glowing Atmo.exs
Logic	exs	Glowing Pad ModW	/Library/Application Support/Logic/Sampler Instruments/05 Synthesizers/02 Synth Pads/Glowing Pad ModW.exs
Logic	exs	HardFM_PWM MorfModW	/Library/Application Support/Logic/Sampler Instruments/05 Synthesizers/02 Synth Pads/HardFM_PWM MorfModW.exs
Logic	exs	Heavenly Chords	/Library/Application Support/Logic/Sampler Instruments/05 Synthesizers/02 Synth Pads/Heavenly Chords.exs
Logic	exs	LA Forever	/Library/Application Support/Logic/Sampler Instruments/05 Synthesizers/02 Synth Pads/LA Forever.exs
Logic	exs	LA Organ Pad	/Library/Application Support/Logic/Sampler Instruments/05 Synthesizers/02 Synth Pads/LA Organ Pad.exs
Logic	exs	LA Organ	/Library/Application Support/Logic/Sampler Instruments/05 Synthesizers/02 Synth Pads/LA Organ.exs
Logic	exs	LA Pad	/Library/Application Support/Logic/Sampler Instruments/05 Synthesizers/02 Synth Pads/LA Pad.exs
Logic	exs	Laizer	/Library/Application Support/Logic/Sampler Instruments/05 Synthesizers/02 Synth Pads/Laizer.exs
Logic	exs	Lightmachine Pad	/Library/Application Support/Logic/Sampler Instruments/05 Synthesizers/02 Synth Pads/Lightmachine Pad.exs
Logic	exs	LoFiPad Env	/Library/Application Support/Logic/Sampler Instruments/05 Synthesizers/02 Synth Pads/LoFiPad Env.exs
Logic	exs	LoFiPad MW	/Library/Application Support/Logic/Sampler Instruments/05 Synthesizers/02 Synth Pads/LoFiPad MW.exs
Logic	exs	LoFiPad	/Library/Application Support/Logic/Sampler Instruments/05 Synthesizers/02 Synth Pads/LoFiPad.exs
Logic	exs	Lucid Chords	/Library/Application Support/Logic/Sampler Instruments/05 Synthesizers/02 Synth Pads/Lucid Chords.exs
Logic	exs	Lucky Time	/Library/Application Support/Logic/Sampler Instruments/05 Synthesizers/02 Synth Pads/Lucky Time.exs
Logic	exs	Luscious Pad	/Library/Application Support/Logic/Sampler Instruments/05 Synthesizers/02 Synth Pads/Luscious Pad.exs
Logic	exs	Matrix Pad MW	/Library/Application Support/Logic/Sampler Instruments/05 Synthesizers/02 Synth Pads/Matrix Pad MW.exs
Logic	exs	Matrix12 Polysynth	/Library/Application Support/Logic/Sampler Instruments/05 Synthesizers/02 Synth Pads/Matrix12 Polysynth.exs
Logic	exs	Mega FM Pad	/Library/Application Support/Logic/Sampler Instruments/05 Synthesizers/02 Synth Pads/Mega FM Pad.exs
Logic	exs	Megfat_Superpad	/Library/Application Support/Logic/Sampler Instruments/05 Synthesizers/02 Synth Pads/Megfat_Superpad.exs
Logic	exs	Mini 3Osc Spacious	/Library/Application Support/Logic/Sampler Instruments/05 Synthesizers/02 Synth Pads/Mini 3Osc Spacious.exs
Logic	exs	Mini Unison HPF	/Library/Application Support/Logic/Sampler Instruments/05 Synthesizers/02 Synth Pads/Mini Unison HPF.exs
Logic	exs	PPGees	/Library/Application Support/Logic/Sampler Instruments/05 Synthesizers/02 Synth Pads/PPGees.exs
Logic	exs	Pad 1	/Library/Application Support/Logic/Sampler Instruments/05 Synthesizers/02 Synth Pads/Pad 1.exs
Logic	exs	Pink E-Piano	/Library/Application Support/Logic/Sampler Instruments/05 Synthesizers/02 Synth Pads/Pink E-Piano.exs
Logic	exs	Pitchy Vox	/Library/Application Support/Logic/Sampler Instruments/05 Synthesizers/02 Synth Pads/Pitchy Vox.exs
Logic	exs	Random Pad	/Library/Application Support/Logic/Sampler Instruments/05 Synthesizers/02 Synth Pads/Random Pad.exs
Logic	exs	Retro Fair MW	/Library/Application Support/Logic/Sampler Instruments/05 Synthesizers/02 Synth Pads/Retro Fair MW.exs
Logic	exs	Retro Fair	/Library/Application Support/Logic/Sampler Instruments/05 Synthesizers/02 Synth Pads/Retro Fair.exs
Logic	exs	Silent plus MW	/Library/Application Support/Logic/Sampler Instruments/05 Synthesizers/02 Synth Pads/Silent plus MW.exs
Logic	exs	Silver Lake Pad	/Library/Application Support/Logic/Sampler Instruments/05 Synthesizers/02 Synth Pads/Silver Lake Pad.exs
Logic	exs	Silver Lake	/Library/Application Support/Logic/Sampler Instruments/05 Synthesizers/02 Synth Pads/Silver Lake.exs
Logic	exs	Silver Pad	/Library/Application Support/Logic/Sampler Instruments/05 Synthesizers/02 Synth Pads/Silver Pad.exs
Logic	exs	Slow Vox	/Library/Application Support/Logic/Sampler Instruments/05 Synthesizers/02 Synth Pads/Slow Vox.exs
Logic	exs	SmoothDigi_Fifth Morf	/Library/Application Support/Logic/Sampler Instruments/05 Synthesizers/02 Synth Pads/SmoothDigi_Fifth Morf.exs
Logic	exs	Soft wave	/Library/Application Support/Logic/Sampler Instruments/05 Synthesizers/02 Synth Pads/Soft wave.exs
Logic	exs	Softpad 1	/Library/Application Support/Logic/Sampler Instruments/05 Synthesizers/02 Synth Pads/Softpad 1.exs
Logic	exs	Softpad 2	/Library/Application Support/Logic/Sampler Instruments/05 Synthesizers/02 Synth Pads/Softpad 2.exs
Logic	exs	Spacious Keys Pad	/Library/Application Support/Logic/Sampler Instruments/05 Synthesizers/02 Synth Pads/Spacious Keys Pad.exs
Logic	exs	Spacious Keys	/Library/Application Support/Logic/Sampler Instruments/05 Synthesizers/02 Synth Pads/Spacious Keys.exs
Logic	exs	Stacked Pad	/Library/Application Support/Logic/Sampler Instruments/05 Synthesizers/02 Synth Pads/Stacked Pad.exs
Logic	exs	Stereo FM E-Piano	/Library/Application Support/Logic/Sampler Instruments/05 Synthesizers/02 Synth Pads/Stereo FM E-Piano.exs
Logic	exs	Stringbells soft	/Library/Application Support/Logic/Sampler Instruments/05 Synthesizers/02 Synth Pads/Stringbells soft.exs
Logic	exs	Stringbells	/Library/Application Support/Logic/Sampler Instruments/05 Synthesizers/02 Synth Pads/Stringbells.exs
Logic	exs	Superstack Pad	/Library/Application Support/Logic/Sampler Instruments/05 Synthesizers/02 Synth Pads/Superstack Pad.exs
Logic	exs	Swell Bells 1	/Library/Application Support/Logic/Sampler Instruments/05 Synthesizers/02 Synth Pads/Swell Bells 1.exs
Logic	exs	Swell Bells 2	/Library/Application Support/Logic/Sampler Instruments/05 Synthesizers/02 Synth Pads/Swell Bells 2.exs
Logic	exs	Synth Oct Pad	/Library/Application Support/Logic/Sampler Instruments/05 Synthesizers/02 Synth Pads/Synth Oct Pad.exs
Logic	exs	Trance HPF	/Library/Application Support/Logic/Sampler Instruments/05 Synthesizers/02 Synth Pads/Trance HPF.exs
Logic	exs	Trance Oct Dark ModW	/Library/Application Support/Logic/Sampler Instruments/05 Synthesizers/02 Synth Pads/Trance Oct Dark ModW.exs
Logic	exs	Trancepad Oct	/Library/Application Support/Logic/Sampler Instruments/05 Synthesizers/02 Synth Pads/Trancepad Oct.exs
Logic	exs	Velocity Chords	/Library/Application Support/Logic/Sampler Instruments/05 Synthesizers/02 Synth Pads/Velocity Chords.exs
Logic	exs	Vocal PadDark ModW	/Library/Application Support/Logic/Sampler Instruments/05 Synthesizers/02 Synth Pads/Vocal PadDark ModW.exs
Logic	exs	Vocal_Superpad	/Library/Application Support/Logic/Sampler Instruments/05 Synthesizers/02 Synth Pads/Vocal_Superpad.exs
Logic	exs	Voltage Vox	/Library/Application Support/Logic/Sampler Instruments/05 Synthesizers/02 Synth Pads/Voltage Vox.exs
Logic	exs	Voxpad Spacious	/Library/Application Support/Logic/Sampler Instruments/05 Synthesizers/02 Synth Pads/Voxpad Spacious.exs
Logic	exs	Voxpad	/Library/Application Support/Logic/Sampler Instruments/05 Synthesizers/02 Synth Pads/Voxpad.exs
Logic	exs	Warm Digi Atmo	/Library/Application Support/Logic/Sampler Instruments/05 Synthesizers/02 Synth Pads/Warm Digi Atmo.exs
Logic	exs	Warm Glow Chords	/Library/Application Support/Logic/Sampler Instruments/05 Synthesizers/02 Synth Pads/Warm Glow Chords.exs
Logic	exs	Warm Pad	/Library/Application Support/Logic/Sampler Instruments/05 Synthesizers/02 Synth Pads/Warm Pad.exs
Logic	exs	Wave Pad MW	/Library/Application Support/Logic/Sampler Instruments/05 Synthesizers/02 Synth Pads/Wave Pad MW.exs
Logic	exs	Matrix12 Strings	/Library/Application Support/Logic/Sampler Instruments/05 Synthesizers/03 Synth Strings/Matrix12 Strings.exs
Logic	exs	Megfat_Superstrings	/Library/Application Support/Logic/Sampler Instruments/05 Synthesizers/03 Synth Strings/Megfat_Superstrings.exs
Logic	exs	Mini_Pro Chorus Warm	/Library/Application Support/Logic/Sampler Instruments/05 Synthesizers/03 Synth Strings/Mini_Pro Chorus Warm.exs
Logic	exs	PWM Strings	/Library/Application Support/Logic/Sampler Instruments/05 Synthesizers/03 Synth Strings/PWM Strings.exs
Logic	exs	PWM_Jupi Strings	/Library/Application Support/Logic/Sampler Instruments/05 Synthesizers/03 Synth Strings/PWM_Jupi Strings.exs
Logic	exs	Smooth Strings	/Library/Application Support/Logic/Sampler Instruments/05 Synthesizers/03 Synth Strings/Smooth Strings.exs
Logic	exs	Softstrings	/Library/Application Support/Logic/Sampler Instruments/05 Synthesizers/03 Synth Strings/Softstrings.exs
Logic	exs	Solina Strings	/Library/Application Support/Logic/Sampler Instruments/05 Synthesizers/03 Synth Strings/Solina Strings.exs
Logic	exs	Superstrings Dark	/Library/Application Support/Logic/Sampler Instruments/05 Synthesizers/03 Synth Strings/Superstrings Dark.exs
Logic	exs	Superstrings Oct ModW	/Library/Application Support/Logic/Sampler Instruments/05 Synthesizers/03 Synth Strings/Superstrings Oct ModW.exs
Logic	exs	Vocal_Superstrings	/Library/Application Support/Logic/Sampler Instruments/05 Synthesizers/03 Synth Strings/Vocal_Superstrings.exs
Logic	exs	XP Strings mono	/Library/Application Support/Logic/Sampler Instruments/05 Synthesizers/03 Synth Strings/XP Strings mono.exs
Logic	exs	Abfahrer	/Library/Application Support/Logic/Sampler Instruments/05 Synthesizers/04 Sequence Elements/Abfahrer.exs
Logic	exs	Abstracta	/Library/Application Support/Logic/Sampler Instruments/05 Synthesizers/04 Sequence Elements/Abstracta.exs
Logic	exs	Ambi Drobz	/Library/Application Support/Logic/Sampler Instruments/05 Synthesizers/04 Sequence Elements/Ambi Drobz.exs
Logic	exs	Ambi Perc	/Library/Application Support/Logic/Sampler Instruments/05 Synthesizers/04 Sequence Elements/Ambi Perc.exs
Logic	exs	Another Comp	/Library/Application Support/Logic/Sampler Instruments/05 Synthesizers/04 Sequence Elements/Another Comp.exs
Logic	exs	Attackbell	/Library/Application Support/Logic/Sampler Instruments/05 Synthesizers/04 Sequence Elements/Attackbell.exs
Logic	exs	Bapasweep	/Library/Application Support/Logic/Sampler Instruments/05 Synthesizers/04 Sequence Elements/Bapasweep.exs
Logic	exs	Beach Bells mono	/Library/Application Support/Logic/Sampler Instruments/05 Synthesizers/04 Sequence Elements/Beach Bells mono.exs
Logic	exs	Beach Bells	/Library/Application Support/Logic/Sampler Instruments/05 Synthesizers/04 Sequence Elements/Beach Bells.exs
Logic	exs	Bellsynth	/Library/Application Support/Logic/Sampler Instruments/05 Synthesizers/04 Sequence Elements/Bellsynth.exs
Logic	exs	Best Sync	/Library/Application Support/Logic/Sampler Instruments/05 Synthesizers/04 Sequence Elements/Best Sync.exs
Logic	exs	Big SQ	/Library/Application Support/Logic/Sampler Instruments/05 Synthesizers/04 Sequence Elements/Big SQ.exs
Logic	exs	Blech H	/Library/Application Support/Logic/Sampler Instruments/05 Synthesizers/04 Sequence Elements/Blech H.exs
Logic	exs	Blech L	/Library/Application Support/Logic/Sampler Instruments/05 Synthesizers/04 Sequence Elements/Blech L.exs
Logic	exs	Compusaw SQ	/Library/Application Support/Logic/Sampler Instruments/05 Synthesizers/04 Sequence Elements/Compusaw SQ.exs
Logic	exs	Crush Baby!	/Library/Application Support/Logic/Sampler Instruments/05 Synthesizers/04 Sequence Elements/Crush Baby!.exs
Logic	exs	Disty Crush	/Library/Application Support/Logic/Sampler Instruments/05 Synthesizers/04 Sequence Elements/Disty Crush.exs
Logic	exs	DnB Shot	/Library/Application Support/Logic/Sampler Instruments/05 Synthesizers/04 Sequence Elements/DnB Shot.exs
Logic	exs	FM Mega Octave Decay	/Library/Application Support/Logic/Sampler Instruments/05 Synthesizers/04 Sequence Elements/FM Mega Octave Decay.exs
Logic	exs	FM Metallic Perc	/Library/Application Support/Logic/Sampler Instruments/05 Synthesizers/04 Sequence Elements/FM Metallic Perc.exs
Logic	exs	FM Metallic PercL	/Library/Application Support/Logic/Sampler Instruments/05 Synthesizers/04 Sequence Elements/FM Metallic PercL.exs
Logic	exs	FM Percsyn 1 Hi	/Library/Application Support/Logic/Sampler Instruments/05 Synthesizers/04 Sequence Elements/FM Percsyn 1 Hi.exs
Logic	exs	FM Percsyn 1 Mid	/Library/Application Support/Logic/Sampler Instruments/05 Synthesizers/04 Sequence Elements/FM Percsyn 1 Mid.exs
Logic	exs	FM Percsyn 1 short	/Library/Application Support/Logic/Sampler Instruments/05 Synthesizers/04 Sequence Elements/FM Percsyn 1 short.exs
Logic	exs	FM Percsyn 2	/Library/Application Support/Logic/Sampler Instruments/05 Synthesizers/04 Sequence Elements/FM Percsyn 2.exs
Logic	exs	FM Pluck Soft	/Library/Application Support/Logic/Sampler Instruments/05 Synthesizers/04 Sequence Elements/FM Pluck Soft.exs
Logic	exs	FM Power Perc	/Library/Application Support/Logic/Sampler Instruments/05 Synthesizers/04 Sequence Elements/FM Power Perc.exs
Logic	exs	FM Power SQ	/Library/Application Support/Logic/Sampler Instruments/05 Synthesizers/04 Sequence Elements/FM Power SQ.exs
Logic	exs	FM att SQ	/Library/Application Support/Logic/Sampler Instruments/05 Synthesizers/04 Sequence Elements/FM att SQ.exs
Logic	exs	FM short SQ	/Library/Application Support/Logic/Sampler Instruments/05 Synthesizers/04 Sequence Elements/FM short SQ.exs
Logic	exs	Fat FM	/Library/Application Support/Logic/Sampler Instruments/05 Synthesizers/04 Sequence Elements/Fat FM.exs
Logic	exs	Fat Filt	/Library/Application Support/Logic/Sampler Instruments/05 Synthesizers/04 Sequence Elements/Fat Filt.exs
Logic	exs	Fat Sync SQ	/Library/Application Support/Logic/Sampler Instruments/05 Synthesizers/04 Sequence Elements/Fat Sync SQ.exs
Logic	exs	Fifth SQ 1	/Library/Application Support/Logic/Sampler Instruments/05 Synthesizers/04 Sequence Elements/Fifth SQ 1.exs
Logic	exs	Fifth SQ 2	/Library/Application Support/Logic/Sampler Instruments/05 Synthesizers/04 Sequence Elements/Fifth SQ 2.exs
Logic	exs	Fifth SQ velo	/Library/Application Support/Logic/Sampler Instruments/05 Synthesizers/04 Sequence Elements/Fifth SQ velo.exs
Logic	exs	Funky SQ	/Library/Application Support/Logic/Sampler Instruments/05 Synthesizers/04 Sequence Elements/Funky SQ.exs
Logic	exs	Hi Q 1	/Library/Application Support/Logic/Sampler Instruments/05 Synthesizers/04 Sequence Elements/Hi Q 1.exs
Logic	exs	Hi Q 2	/Library/Application Support/Logic/Sampler Instruments/05 Synthesizers/04 Sequence Elements/Hi Q 2.exs
Logic	exs	Hipasweep	/Library/Application Support/Logic/Sampler Instruments/05 Synthesizers/04 Sequence Elements/Hipasweep.exs
Logic	exs	Hyper Sync H	/Library/Application Support/Logic/Sampler Instruments/05 Synthesizers/04 Sequence Elements/Hyper Sync H.exs
Logic	exs	Hyper Sync L	/Library/Application Support/Logic/Sampler Instruments/05 Synthesizers/04 Sequence Elements/Hyper Sync L.exs
Logic	exs	JP8 Arpeggio	/Library/Application Support/Logic/Sampler Instruments/05 Synthesizers/04 Sequence Elements/JP8 Arpeggio.exs
Logic	exs	JP8 Cord SQ	/Library/Application Support/Logic/Sampler Instruments/05 Synthesizers/04 Sequence Elements/JP8 Cord SQ.exs
Logic	exs	JP8 Hybid SQ	/Library/Application Support/Logic/Sampler Instruments/05 Synthesizers/04 Sequence Elements/JP8 Hybid SQ.exs
Logic	exs	JP8 Perc Sync	/Library/Application Support/Logic/Sampler Instruments/05 Synthesizers/04 Sequence Elements/JP8 Perc Sync.exs
Logic	exs	JP8 Polysquare	/Library/Application Support/Logic/Sampler Instruments/05 Synthesizers/04 Sequence Elements/JP8 Polysquare.exs
Logic	exs	Klick Puls SQ	/Library/Application Support/Logic/Sampler Instruments/05 Synthesizers/04 Sequence Elements/Klick Puls SQ.exs
Logic	exs	Kraft SQ	/Library/Application Support/Logic/Sampler Instruments/05 Synthesizers/04 Sequence Elements/Kraft SQ.exs
Logic	exs	LA Pad Perc	/Library/Application Support/Logic/Sampler Instruments/05 Synthesizers/04 Sequence Elements/LA Pad Perc.exs
Logic	exs	Lucky Time Perc	/Library/Application Support/Logic/Sampler Instruments/05 Synthesizers/04 Sequence Elements/Lucky Time Perc.exs
Logic	exs	Mega FM SQ	/Library/Application Support/Logic/Sampler Instruments/05 Synthesizers/04 Sequence Elements/Mega FM SQ.exs
Logic	exs	Megapoly Glide	/Library/Application Support/Logic/Sampler Instruments/05 Synthesizers/04 Sequence Elements/Megapoly Glide.exs
Logic	exs	Megapoly LFO	/Library/Application Support/Logic/Sampler Instruments/05 Synthesizers/04 Sequence Elements/Megapoly LFO.exs
Logic	exs	Megapoly	/Library/Application Support/Logic/Sampler Instruments/05 Synthesizers/04 Sequence Elements/Megapoly.exs
Logic	exs	Minitune Tekk	/Library/Application Support/Logic/Sampler Instruments/05 Synthesizers/04 Sequence Elements/Minitune Tekk.exs
Logic	exs	Murder	/Library/Application Support/Logic/Sampler Instruments/05 Synthesizers/04 Sequence Elements/Murder.exs
Logic	exs	No Res SQ	/Library/Application Support/Logic/Sampler Instruments/05 Synthesizers/04 Sequence Elements/No Res SQ.exs
Logic	exs	Noise Comp	/Library/Application Support/Logic/Sampler Instruments/05 Synthesizers/04 Sequence Elements/Noise Comp.exs
Logic	exs	Nordsequence C	/Library/Application Support/Logic/Sampler Instruments/05 Synthesizers/04 Sequence Elements/Nordsequence C.exs
Logic	exs	PPGees Perc	/Library/Application Support/Logic/Sampler Instruments/05 Synthesizers/04 Sequence Elements/PPGees Perc.exs
Logic	exs	PWM Hard SQ	/Library/Application Support/Logic/Sampler Instruments/05 Synthesizers/04 Sequence Elements/PWM Hard SQ.exs
Logic	exs	PWM Medium SQ	/Library/Application Support/Logic/Sampler Instruments/05 Synthesizers/04 Sequence Elements/PWM Medium SQ.exs
Logic	exs	PWM SQ	/Library/Application Support/Logic/Sampler Instruments/05 Synthesizers/04 Sequence Elements/PWM SQ.exs
Logic	exs	PWM VeloSQ	/Library/Application Support/Logic/Sampler Instruments/05 Synthesizers/04 Sequence Elements/PWM VeloSQ.exs
Logic	exs	PWM Velopoly	/Library/Application Support/Logic/Sampler Instruments/05 Synthesizers/04 Sequence Elements/PWM Velopoly.exs
Logic	exs	PWM_Jupi Stack Decay	/Library/Application Support/Logic/Sampler Instruments/05 Synthesizers/04 Sequence Elements/PWM_Jupi Stack Decay.exs
Logic	exs	Perc Cord	/Library/Application Support/Logic/Sampler Instruments/05 Synthesizers/04 Sequence Elements/Perc Cord.exs
Logic	exs	Pluck SQ 	/Library/Application Support/Logic/Sampler Instruments/05 Synthesizers/04 Sequence Elements/Pluck SQ .exs
Logic	exs	Power FM	/Library/Application Support/Logic/Sampler Instruments/05 Synthesizers/04 Sequence Elements/Power FM.exs
Logic	exs	PowerFM SQ	/Library/Application Support/Logic/Sampler Instruments/05 Synthesizers/04 Sequence Elements/PowerFM SQ.exs
Logic	exs	Rezz Off SQ	/Library/Application Support/Logic/Sampler Instruments/05 Synthesizers/04 Sequence Elements/Rezz Off SQ.exs
Logic	exs	Short Bells	/Library/Application Support/Logic/Sampler Instruments/05 Synthesizers/04 Sequence Elements/Short Bells.exs
Logic	exs	Short Cord	/Library/Application Support/Logic/Sampler Instruments/05 Synthesizers/04 Sequence Elements/Short Cord.exs
Logic	exs	Spacy Bells	/Library/Application Support/Logic/Sampler Instruments/05 Synthesizers/04 Sequence Elements/Spacy Bells.exs
Logic	exs	Spectrum Stack 01	/Library/Application Support/Logic/Sampler Instruments/05 Synthesizers/04 Sequence Elements/Spectrum Stack 01.exs
Logic	exs	Spectrum Stack 02	/Library/Application Support/Logic/Sampler Instruments/05 Synthesizers/04 Sequence Elements/Spectrum Stack 02.exs
Logic	exs	Spectrum Stack 03	/Library/Application Support/Logic/Sampler Instruments/05 Synthesizers/04 Sequence Elements/Spectrum Stack 03.exs
Logic	exs	Spectrum Stack 04	/Library/Application Support/Logic/Sampler Instruments/05 Synthesizers/04 Sequence Elements/Spectrum Stack 04.exs
Logic	exs	Spectrum Stack 05	/Library/Application Support/Logic/Sampler Instruments/05 Synthesizers/04 Sequence Elements/Spectrum Stack 05.exs
Logic	exs	Spectrum Stack 06	/Library/Application Support/Logic/Sampler Instruments/05 Synthesizers/04 Sequence Elements/Spectrum Stack 06.exs
Logic	exs	Spectrum Stack 07	/Library/Application Support/Logic/Sampler Instruments/05 Synthesizers/04 Sequence Elements/Spectrum Stack 07.exs
Logic	exs	Spectrum Stack 08	/Library/Application Support/Logic/Sampler Instruments/05 Synthesizers/04 Sequence Elements/Spectrum Stack 08.exs
Logic	exs	Stack 1 SQ	/Library/Application Support/Logic/Sampler Instruments/05 Synthesizers/04 Sequence Elements/Stack 1 SQ.exs
Logic	exs	Stack 2 SQ	/Library/Application Support/Logic/Sampler Instruments/05 Synthesizers/04 Sequence Elements/Stack 2 SQ.exs
Logic	exs	Strange FM	/Library/Application Support/Logic/Sampler Instruments/05 Synthesizers/04 Sequence Elements/Strange FM.exs
Logic	exs	Super FM LFO	/Library/Application Support/Logic/Sampler Instruments/05 Synthesizers/04 Sequence Elements/Super FM LFO.exs
Logic	exs	Super FM	/Library/Application Support/Logic/Sampler Instruments/05 Synthesizers/04 Sequence Elements/Super FM.exs
Logic	exs	Super PWM Chords	/Library/Application Support/Logic/Sampler Instruments/05 Synthesizers/04 Sequence Elements/Super PWM Chords.exs
Logic	exs	Super Sync SQ	/Library/Application Support/Logic/Sampler Instruments/05 Synthesizers/04 Sequence Elements/Super Sync SQ.exs
Logic	exs	Superstack Cord	/Library/Application Support/Logic/Sampler Instruments/05 Synthesizers/04 Sequence Elements/Superstack Cord.exs
Logic	exs	Superstack SQ	/Library/Application Support/Logic/Sampler Instruments/05 Synthesizers/04 Sequence Elements/Superstack SQ.exs
Logic	exs	Syncfilt	/Library/Application Support/Logic/Sampler Instruments/05 Synthesizers/04 Sequence Elements/Syncfilt.exs
Logic	exs	Synth Att SQ	/Library/Application Support/Logic/Sampler Instruments/05 Synthesizers/04 Sequence Elements/Synth Att SQ.exs
Logic	exs	Synth Fifth SQ	/Library/Application Support/Logic/Sampler Instruments/05 Synthesizers/04 Sequence Elements/Synth Fifth SQ.exs
Logic	exs	Synth LFO SQ	/Library/Application Support/Logic/Sampler Instruments/05 Synthesizers/04 Sequence Elements/Synth LFO SQ.exs
Logic	exs	Synth Oct Att SQ	/Library/Application Support/Logic/Sampler Instruments/05 Synthesizers/04 Sequence Elements/Synth Oct Att SQ.exs
Logic	exs	Synth Oct SQ	/Library/Application Support/Logic/Sampler Instruments/05 Synthesizers/04 Sequence Elements/Synth Oct SQ.exs
Logic	exs	Synth Oct Short	/Library/Application Support/Logic/Sampler Instruments/05 Synthesizers/04 Sequence Elements/Synth Oct Short.exs
Logic	exs	Synth Perc SQ	/Library/Application Support/Logic/Sampler Instruments/05 Synthesizers/04 Sequence Elements/Synth Perc SQ.exs
Logic	exs	Synth Velo SQ	/Library/Application Support/Logic/Sampler Instruments/05 Synthesizers/04 Sequence Elements/Synth Velo SQ.exs
Logic	exs	Trance Bell	/Library/Application Support/Logic/Sampler Instruments/05 Synthesizers/04 Sequence Elements/Trance Bell.exs
Logic	exs	Trancepad SQ	/Library/Application Support/Logic/Sampler Instruments/05 Synthesizers/04 Sequence Elements/Trancepad SQ.exs
Logic	exs	UniSync H	/Library/Application Support/Logic/Sampler Instruments/05 Synthesizers/04 Sequence Elements/UniSync H.exs
Logic	exs	UniSync L	/Library/Application Support/Logic/Sampler Instruments/05 Synthesizers/04 Sequence Elements/UniSync L.exs
Logic	exs	Warm SQ	/Library/Application Support/Logic/Sampler Instruments/05 Synthesizers/04 Sequence Elements/Warm SQ.exs
Logic	exs	Aarons Attack	/Library/Application Support/Logic/Sampler Instruments/05 Synthesizers/05 Motion Sequences/Aarons Attack.exs
Logic	exs	Aarons Decay	/Library/Application Support/Logic/Sampler Instruments/05 Synthesizers/05 Motion Sequences/Aarons Decay.exs
Logic	exs	Aarons Journey MW	/Library/Application Support/Logic/Sampler Instruments/05 Synthesizers/05 Motion Sequences/Aarons Journey MW.exs
Logic	exs	Aarons Journey	/Library/Application Support/Logic/Sampler Instruments/05 Synthesizers/05 Motion Sequences/Aarons Journey.exs
Logic	exs	Aarons Pitch Fx	/Library/Application Support/Logic/Sampler Instruments/05 Synthesizers/05 Motion Sequences/Aarons Pitch Fx.exs
Logic	exs	Aarons Sweep	/Library/Application Support/Logic/Sampler Instruments/05 Synthesizers/05 Motion Sequences/Aarons Sweep.exs
Logic	exs	Abraxas Attack	/Library/Application Support/Logic/Sampler Instruments/05 Synthesizers/05 Motion Sequences/Abraxas Attack.exs
Logic	exs	Abraxas Intro	/Library/Application Support/Logic/Sampler Instruments/05 Synthesizers/05 Motion Sequences/Abraxas Intro.exs
Logic	exs	Adventure	/Library/Application Support/Logic/Sampler Instruments/05 Synthesizers/05 Motion Sequences/Adventure.exs
Logic	exs	Atmo Sync	/Library/Application Support/Logic/Sampler Instruments/05 Synthesizers/05 Motion Sequences/Atmo Sync.exs
Logic	exs	Big Sweep	/Library/Application Support/Logic/Sampler Instruments/05 Synthesizers/05 Motion Sequences/Big Sweep.exs
Logic	exs	Bit Surround	/Library/Application Support/Logic/Sampler Instruments/05 Synthesizers/05 Motion Sequences/Bit Surround.exs
Logic	exs	Candlelight HPF	/Library/Application Support/Logic/Sampler Instruments/05 Synthesizers/05 Motion Sequences/Candlelight HPF.exs
Logic	exs	Candlelight RNDM	/Library/Application Support/Logic/Sampler Instruments/05 Synthesizers/05 Motion Sequences/Candlelight RNDM.exs
Logic	exs	Choir Vibes	/Library/Application Support/Logic/Sampler Instruments/05 Synthesizers/05 Motion Sequences/Choir Vibes.exs
Logic	exs	Crackle_Trance Morf ModW	/Library/Application Support/Logic/Sampler Instruments/05 Synthesizers/05 Motion Sequences/Crackle_Trance Morf ModW.exs
Logic	exs	Crosswaves	/Library/Application Support/Logic/Sampler Instruments/05 Synthesizers/05 Motion Sequences/Crosswaves.exs
Logic	exs	Crush Random	/Library/Application Support/Logic/Sampler Instruments/05 Synthesizers/05 Motion Sequences/Crush Random.exs
Logic	exs	Crushdecay	/Library/Application Support/Logic/Sampler Instruments/05 Synthesizers/05 Motion Sequences/Crushdecay.exs
Logic	exs	Crushsphere	/Library/Application Support/Logic/Sampler Instruments/05 Synthesizers/05 Motion Sequences/Crushsphere.exs
Logic	exs	Crushvelo MW	/Library/Application Support/Logic/Sampler Instruments/05 Synthesizers/05 Motion Sequences/Crushvelo MW.exs
Logic	exs	Digi Ducks Down	/Library/Application Support/Logic/Sampler Instruments/05 Synthesizers/05 Motion Sequences/Digi Ducks Down.exs
Logic	exs	Digi Ducks LFO	/Library/Application Support/Logic/Sampler Instruments/05 Synthesizers/05 Motion Sequences/Digi Ducks LFO.exs
Logic	exs	Digi Ducks Pitcher	/Library/Application Support/Logic/Sampler Instruments/05 Synthesizers/05 Motion Sequences/Digi Ducks Pitcher.exs
Logic	exs	Digi Ducks Rezz	/Library/Application Support/Logic/Sampler Instruments/05 Synthesizers/05 Motion Sequences/Digi Ducks Rezz.exs
Logic	exs	Emission	/Library/Application Support/Logic/Sampler Instruments/05 Synthesizers/05 Motion Sequences/Emission.exs
Logic	exs	FB Long_Fifth Stack	/Library/Application Support/Logic/Sampler Instruments/05 Synthesizers/05 Motion Sequences/FB Long_Fifth Stack.exs
Logic	exs	FM Fairysyn Velo	/Library/Application Support/Logic/Sampler Instruments/05 Synthesizers/05 Motion Sequences/FM Fairysyn Velo.exs
Logic	exs	FM Mega Oscillator LFO	/Library/Application Support/Logic/Sampler Instruments/05 Synthesizers/05 Motion Sequences/FM Mega Oscillator LFO.exs
Logic	exs	FM Power Groove	/Library/Application Support/Logic/Sampler Instruments/05 Synthesizers/05 Motion Sequences/FM Power Groove.exs
Logic	exs	Fairy X LFO	/Library/Application Support/Logic/Sampler Instruments/05 Synthesizers/05 Motion Sequences/Fairy X LFO.exs
Logic	exs	Fairy X	/Library/Application Support/Logic/Sampler Instruments/05 Synthesizers/05 Motion Sequences/Fairy X.exs
Logic	exs	Fat Jupi AmbiFall	/Library/Application Support/Logic/Sampler Instruments/05 Synthesizers/05 Motion Sequences/Fat Jupi AmbiFall.exs
Logic	exs	Fat Jupi LFO B	/Library/Application Support/Logic/Sampler Instruments/05 Synthesizers/05 Motion Sequences/Fat Jupi LFO B.exs
Logic	exs	Fat Jupi SweepBPF	/Library/Application Support/Logic/Sampler Instruments/05 Synthesizers/05 Motion Sequences/Fat Jupi SweepBPF.exs
Logic	exs	Fatsweep	/Library/Application Support/Logic/Sampler Instruments/05 Synthesizers/05 Motion Sequences/Fatsweep.exs
Logic	exs	Fifth Fiftie HPF	/Library/Application Support/Logic/Sampler Instruments/05 Synthesizers/05 Motion Sequences/Fifth Fiftie HPF.exs
Logic	exs	Filter Vox	/Library/Application Support/Logic/Sampler Instruments/05 Synthesizers/05 Motion Sequences/Filter Vox.exs
Logic	exs	Flyer	/Library/Application Support/Logic/Sampler Instruments/05 Synthesizers/05 Motion Sequences/Flyer.exs
Logic	exs	Follower	/Library/Application Support/Logic/Sampler Instruments/05 Synthesizers/05 Motion Sequences/Follower.exs
Logic	exs	Forma Fall BPF	/Library/Application Support/Logic/Sampler Instruments/05 Synthesizers/05 Motion Sequences/Forma Fall BPF.exs
Logic	exs	Forma Pad ModW	/Library/Application Support/Logic/Sampler Instruments/05 Synthesizers/05 Motion Sequences/Forma Pad ModW.exs
Logic	exs	Forma Sweep A	/Library/Application Support/Logic/Sampler Instruments/05 Synthesizers/05 Motion Sequences/Forma Sweep A.exs
Logic	exs	Forma Sweep Ambient	/Library/Application Support/Logic/Sampler Instruments/05 Synthesizers/05 Motion Sequences/Forma Sweep Ambient.exs
Logic	exs	Forma Sweep B	/Library/Application Support/Logic/Sampler Instruments/05 Synthesizers/05 Motion Sequences/Forma Sweep B.exs
Logic	exs	Forma Sweep Crazy	/Library/Application Support/Logic/Sampler Instruments/05 Synthesizers/05 Motion Sequences/Forma Sweep Crazy.exs
Logic	exs	Forma Sweep Dirty	/Library/Application Support/Logic/Sampler Instruments/05 Synthesizers/05 Motion Sequences/Forma Sweep Dirty.exs
Logic	exs	Forma Sweep HPF	/Library/Application Support/Logic/Sampler Instruments/05 Synthesizers/05 Motion Sequences/Forma Sweep HPF.exs
Logic	exs	Forma Sweep Pitch	/Library/Application Support/Logic/Sampler Instruments/05 Synthesizers/05 Motion Sequences/Forma Sweep Pitch.exs
Logic	exs	Forma Sweep Trancy	/Library/Application Support/Logic/Sampler Instruments/05 Synthesizers/05 Motion Sequences/Forma Sweep Trancy.exs
Logic	exs	Forma Sweep Velo	/Library/Application Support/Logic/Sampler Instruments/05 Synthesizers/05 Motion Sequences/Forma Sweep Velo.exs
Logic	exs	Forma_Bellsphere	/Library/Application Support/Logic/Sampler Instruments/05 Synthesizers/05 Motion Sequences/Forma_Bellsphere.exs
Logic	exs	Glider	/Library/Application Support/Logic/Sampler Instruments/05 Synthesizers/05 Motion Sequences/Glider.exs
Logic	exs	Happy Sync	/Library/Application Support/Logic/Sampler Instruments/05 Synthesizers/05 Motion Sequences/Happy Sync.exs
Logic	exs	Hellraiser Attack	/Library/Application Support/Logic/Sampler Instruments/05 Synthesizers/05 Motion Sequences/Hellraiser Attack.exs
Logic	exs	Hellraiser	/Library/Application Support/Logic/Sampler Instruments/05 Synthesizers/05 Motion Sequences/Hellraiser.exs
Logic	exs	Hellraiser_Bit Surround	/Library/Application Support/Logic/Sampler Instruments/05 Synthesizers/05 Motion Sequences/Hellraiser_Bit Surround.exs
Logic	exs	Hi Rezz	/Library/Application Support/Logic/Sampler Instruments/05 Synthesizers/05 Motion Sequences/Hi Rezz.exs
Logic	exs	Hybrid Flange	/Library/Application Support/Logic/Sampler Instruments/05 Synthesizers/05 Motion Sequences/Hybrid Flange.exs
Logic	exs	Hybrid Flange_Crackle	/Library/Application Support/Logic/Sampler Instruments/05 Synthesizers/05 Motion Sequences/Hybrid Flange_Crackle.exs
Logic	exs	Hybrid Ring_PWM Stack	/Library/Application Support/Logic/Sampler Instruments/05 Synthesizers/05 Motion Sequences/Hybrid Ring_PWM Stack.exs
Logic	exs	Hybrid Space	/Library/Application Support/Logic/Sampler Instruments/05 Synthesizers/05 Motion Sequences/Hybrid Space.exs
Logic	exs	Iron Vocals LFO	/Library/Application Support/Logic/Sampler Instruments/05 Synthesizers/05 Motion Sequences/Iron Vocals LFO.exs
Logic	exs	Iron Vocals	/Library/Application Support/Logic/Sampler Instruments/05 Synthesizers/05 Motion Sequences/Iron Vocals.exs
Logic	exs	JP Uni_Bit	/Library/Application Support/Logic/Sampler Instruments/05 Synthesizers/05 Motion Sequences/JP Uni_Bit.exs
Logic	exs	JP8 Syncspace	/Library/Application Support/Logic/Sampler Instruments/05 Synthesizers/05 Motion Sequences/JP8 Syncspace.exs
Logic	exs	Jimis Dream_Pad	/Library/Application Support/Logic/Sampler Instruments/05 Synthesizers/05 Motion Sequences/Jimis Dream_Pad.exs
Logic	exs	Jimis_Flange Stack	/Library/Application Support/Logic/Sampler Instruments/05 Synthesizers/05 Motion Sequences/Jimis_Flange Stack.exs
Logic	exs	Lightmachine	/Library/Application Support/Logic/Sampler Instruments/05 Synthesizers/05 Motion Sequences/Lightmachine.exs
Logic	exs	Long Sweep	/Library/Application Support/Logic/Sampler Instruments/05 Synthesizers/05 Motion Sequences/Long Sweep.exs
Logic	exs	Mega Fat Broken	/Library/Application Support/Logic/Sampler Instruments/05 Synthesizers/05 Motion Sequences/Mega Fat Broken.exs
Logic	exs	Mega Fat Hipa	/Library/Application Support/Logic/Sampler Instruments/05 Synthesizers/05 Motion Sequences/Mega Fat Hipa.exs
Logic	exs	Megafat_Glow Env	/Library/Application Support/Logic/Sampler Instruments/05 Synthesizers/05 Motion Sequences/Megafat_Glow Env.exs
Logic	exs	Megafat_Glowing Basic	/Library/Application Support/Logic/Sampler Instruments/05 Synthesizers/05 Motion Sequences/Megafat_Glowing Basic.exs
Logic	exs	Megafat_Glowing Spheric	/Library/Application Support/Logic/Sampler Instruments/05 Synthesizers/05 Motion Sequences/Megafat_Glowing Spheric.exs
Logic	exs	Megfat_Super Atmo	/Library/Application Support/Logic/Sampler Instruments/05 Synthesizers/05 Motion Sequences/Megfat_Super Atmo.exs
Logic	exs	Metal FX Pan LFO	/Library/Application Support/Logic/Sampler Instruments/05 Synthesizers/05 Motion Sequences/Metal FX Pan LFO.exs
Logic	exs	Metal FX Pan	/Library/Application Support/Logic/Sampler Instruments/05 Synthesizers/05 Motion Sequences/Metal FX Pan.exs
Logic	exs	Movepad	/Library/Application Support/Logic/Sampler Instruments/05 Synthesizers/05 Motion Sequences/Movepad.exs
Logic	exs	Noisy Vox Dark ModW	/Library/Application Support/Logic/Sampler Instruments/05 Synthesizers/05 Motion Sequences/Noisy Vox Dark ModW.exs
Logic	exs	Noisy Vox Smooth	/Library/Application Support/Logic/Sampler Instruments/05 Synthesizers/05 Motion Sequences/Noisy Vox Smooth.exs
Logic	exs	Noisy Vox	/Library/Application Support/Logic/Sampler Instruments/05 Synthesizers/05 Motion Sequences/Noisy Vox.exs
Logic	exs	Noisy Vox_Ambient Fx	/Library/Application Support/Logic/Sampler Instruments/05 Synthesizers/05 Motion Sequences/Noisy Vox_Ambient Fx.exs
Logic	exs	Noisy Vox_Energizer	/Library/Application Support/Logic/Sampler Instruments/05 Synthesizers/05 Motion Sequences/Noisy Vox_Energizer.exs
Logic	exs	Noisy_Smooth	/Library/Application Support/Logic/Sampler Instruments/05 Synthesizers/05 Motion Sequences/Noisy_Smooth.exs
Logic	exs	Noize Pitch Fall	/Library/Application Support/Logic/Sampler Instruments/05 Synthesizers/05 Motion Sequences/Noize Pitch Fall.exs
Logic	exs	Noizpad	/Library/Application Support/Logic/Sampler Instruments/05 Synthesizers/05 Motion Sequences/Noizpad.exs
Logic	exs	Noizy Ring FX	/Library/Application Support/Logic/Sampler Instruments/05 Synthesizers/05 Motion Sequences/Noizy Ring FX.exs
Logic	exs	PWM Sweep MW	/Library/Application Support/Logic/Sampler Instruments/05 Synthesizers/05 Motion Sequences/PWM Sweep MW.exs
Logic	exs	Pompeji Dark	/Library/Application Support/Logic/Sampler Instruments/05 Synthesizers/05 Motion Sequences/Pompeji Dark.exs
Logic	exs	Pompeji Fade	/Library/Application Support/Logic/Sampler Instruments/05 Synthesizers/05 Motion Sequences/Pompeji Fade.exs
Logic	exs	Pompeji	/Library/Application Support/Logic/Sampler Instruments/05 Synthesizers/05 Motion Sequences/Pompeji.exs
Logic	exs	Pompeji_Candle	/Library/Application Support/Logic/Sampler Instruments/05 Synthesizers/05 Motion Sequences/Pompeji_Candle.exs
Logic	exs	Pompeji_Jupi	/Library/Application Support/Logic/Sampler Instruments/05 Synthesizers/05 Motion Sequences/Pompeji_Jupi.exs
Logic	exs	Pompeji_Supergrain	/Library/Application Support/Logic/Sampler Instruments/05 Synthesizers/05 Motion Sequences/Pompeji_Supergrain.exs
Logic	exs	Rain in the Candlelight	/Library/Application Support/Logic/Sampler Instruments/05 Synthesizers/05 Motion Sequences/Rain in the Candlelight.exs
Logic	exs	Revo Nine	/Library/Application Support/Logic/Sampler Instruments/05 Synthesizers/05 Motion Sequences/Revo Nine.exs
Logic	exs	Revo Nine_HybFlange	/Library/Application Support/Logic/Sampler Instruments/05 Synthesizers/05 Motion Sequences/Revo Nine_HybFlange.exs
Logic	exs	Revo Nine_Jimi	/Library/Application Support/Logic/Sampler Instruments/05 Synthesizers/05 Motion Sequences/Revo Nine_Jimi.exs
Logic	exs	Revo Nine_Light Morf	/Library/Application Support/Logic/Sampler Instruments/05 Synthesizers/05 Motion Sequences/Revo Nine_Light Morf.exs
Logic	exs	Ring_Flange MorfModW	/Library/Application Support/Logic/Sampler Instruments/05 Synthesizers/05 Motion Sequences/Ring_Flange MorfModW.exs
Logic	exs	Saw FX	/Library/Application Support/Logic/Sampler Instruments/05 Synthesizers/05 Motion Sequences/Saw FX.exs
Logic	exs	Silver Pitch Fall	/Library/Application Support/Logic/Sampler Instruments/05 Synthesizers/05 Motion Sequences/Silver Pitch Fall.exs
Logic	exs	Smooth Digi Basic	/Library/Application Support/Logic/Sampler Instruments/05 Synthesizers/05 Motion Sequences/Smooth Digi Basic.exs
Logic	exs	Smooth_Fifth MorfModW	/Library/Application Support/Logic/Sampler Instruments/05 Synthesizers/05 Motion Sequences/Smooth_Fifth MorfModW.exs
Logic	exs	Smooth_Silver MorfModW	/Library/Application Support/Logic/Sampler Instruments/05 Synthesizers/05 Motion Sequences/Smooth_Silver MorfModW.exs
Logic	exs	Softsweep	/Library/Application Support/Logic/Sampler Instruments/05 Synthesizers/05 Motion Sequences/Softsweep.exs
Logic	exs	Spacious Sweep	/Library/Application Support/Logic/Sampler Instruments/05 Synthesizers/05 Motion Sequences/Spacious Sweep.exs
Logic	exs	Spacious Sync	/Library/Application Support/Logic/Sampler Instruments/05 Synthesizers/05 Motion Sequences/Spacious Sync.exs
Logic	exs	Supersync	/Library/Application Support/Logic/Sampler Instruments/05 Synthesizers/05 Motion Sequences/Supersync.exs
Logic	exs	Sync Fox	/Library/Application Support/Logic/Sampler Instruments/05 Synthesizers/05 Motion Sequences/Sync Fox.exs
Logic	exs	Synth Fifth Sweep	/Library/Application Support/Logic/Sampler Instruments/05 Synthesizers/05 Motion Sequences/Synth Fifth Sweep.exs
Logic	exs	Synth Oct Sweep	/Library/Application Support/Logic/Sampler Instruments/05 Synthesizers/05 Motion Sequences/Synth Oct Sweep.exs
Logic	exs	Trip	/Library/Application Support/Logic/Sampler Instruments/05 Synthesizers/05 Motion Sequences/Trip.exs
Logic	exs	Velo Q	/Library/Application Support/Logic/Sampler Instruments/05 Synthesizers/05 Motion Sequences/Velo Q.exs
Logic	exs	Virt_Light MorfModW	/Library/Application Support/Logic/Sampler Instruments/05 Synthesizers/05 Motion Sequences/Virt_Light MorfModW.exs
Logic	exs	Virtual Unison_Supergrain	/Library/Application Support/Logic/Sampler Instruments/05 Synthesizers/05 Motion Sequences/Virtual Unison_Supergrain.exs
Logic	exs	Vocal_Forma B	/Library/Application Support/Logic/Sampler Instruments/05 Synthesizers/05 Motion Sequences/Vocal_Forma B.exs
Logic	exs	Vocal_Forma Morf	/Library/Application Support/Logic/Sampler Instruments/05 Synthesizers/05 Motion Sequences/Vocal_Forma Morf.exs
Logic	exs	Voxy Groove	/Library/Application Support/Logic/Sampler Instruments/05 Synthesizers/05 Motion Sequences/Voxy Groove.exs
Logic	exs	Whisper Pitch	/Library/Application Support/Logic/Sampler Instruments/05 Synthesizers/05 Motion Sequences/Whisper Pitch.exs
Logic	exs	Whisperings	/Library/Application Support/Logic/Sampler Instruments/05 Synthesizers/05 Motion Sequences/Whisperings.exs
Logic	exs	XP Sweep B	/Library/Application Support/Logic/Sampler Instruments/05 Synthesizers/05 Motion Sequences/XP Sweep B.exs
Logic	exs	XP Swell	/Library/Application Support/Logic/Sampler Instruments/05 Synthesizers/05 Motion Sequences/XP Swell.exs
Logic	exs	Yellow Fever_Forma Sweep	/Library/Application Support/Logic/Sampler Instruments/05 Synthesizers/05 Motion Sequences/Yellow Fever_Forma Sweep.exs
Logic	exs	Falling Angels	/Library/Application Support/Logic/Sampler Instruments/05 Synthesizers/06 Synth Gated/Falling Angels.exs
Logic	exs	Hybrid Pitch Rise	/Library/Application Support/Logic/Sampler Instruments/05 Synthesizers/06 Synth Gated/Hybrid Pitch Rise.exs
Logic	exs	JP Uni Hipagroove	/Library/Application Support/Logic/Sampler Instruments/05 Synthesizers/06 Synth Gated/JP Uni Hipagroove.exs
Logic	exs	JP8 Unifix	/Library/Application Support/Logic/Sampler Instruments/05 Synthesizers/06 Synth Gated/JP8 Unifix.exs
Logic	exs	Jumper	/Library/Application Support/Logic/Sampler Instruments/05 Synthesizers/06 Synth Gated/Jumper.exs
Logic	exs	Mega Fat LFO BPF	/Library/Application Support/Logic/Sampler Instruments/05 Synthesizers/06 Synth Gated/Mega Fat LFO BPF.exs
Logic	exs	Mega Fat LFO	/Library/Application Support/Logic/Sampler Instruments/05 Synthesizers/06 Synth Gated/Mega Fat LFO.exs
Logic	exs	Metallic Swell	/Library/Application Support/Logic/Sampler Instruments/05 Synthesizers/06 Synth Gated/Metallic Swell.exs
Logic	exs	PWM_Jupi Grey LFO	/Library/Application Support/Logic/Sampler Instruments/05 Synthesizers/06 Synth Gated/PWM_Jupi Grey LFO.exs
Logic	exs	Super PWM LFO	/Library/Application Support/Logic/Sampler Instruments/05 Synthesizers/06 Synth Gated/Super PWM LFO.exs
Logic	exs	Syncer	/Library/Application Support/Logic/Sampler Instruments/05 Synthesizers/06 Synth Gated/Syncer.exs
Logic	exs	Virtual Unison LFO	/Library/Application Support/Logic/Sampler Instruments/05 Synthesizers/06 Synth Gated/Virtual Unison LFO.exs
Logic	exs	Energy Stabs	/Library/Application Support/Logic/Sampler Instruments/05 Synthesizers/07 Synth Brass/Energy Stabs.exs
Logic	exs	Fat Synbrass	/Library/Application Support/Logic/Sampler Instruments/05 Synthesizers/07 Synth Brass/Fat Synbrass.exs
Logic	exs	Flange Saw A Brass	/Library/Application Support/Logic/Sampler Instruments/05 Synthesizers/07 Synth Brass/Flange Saw A Brass.exs
Logic	exs	Hooky Brass	/Library/Application Support/Logic/Sampler Instruments/05 Synthesizers/07 Synth Brass/Hooky Brass.exs
Logic	exs	Matrix12 Synbrass	/Library/Application Support/Logic/Sampler Instruments/05 Synthesizers/07 Synth Brass/Matrix12 Synbrass.exs
Logic	exs	Matrix12 Synhorns H	/Library/Application Support/Logic/Sampler Instruments/05 Synthesizers/07 Synth Brass/Matrix12 Synhorns H.exs
Logic	exs	Matrix12 Synhorns L	/Library/Application Support/Logic/Sampler Instruments/05 Synthesizers/07 Synth Brass/Matrix12 Synhorns L.exs
Logic	exs	Soft Hornz	/Library/Application Support/Logic/Sampler Instruments/05 Synthesizers/07 Synth Brass/Soft Hornz.exs
Logic	exs	Soft Tune Brass	/Library/Application Support/Logic/Sampler Instruments/05 Synthesizers/07 Synth Brass/Soft Tune Brass.exs
Logic	exs	Synth Oct Brass	/Library/Application Support/Logic/Sampler Instruments/05 Synthesizers/07 Synth Brass/Synth Oct Brass.exs
Logic	exs	Tekkbrass	/Library/Application Support/Logic/Sampler Instruments/05 Synthesizers/07 Synth Brass/Tekkbrass.exs
Logic	exs	XP Brass mono	/Library/Application Support/Logic/Sampler Instruments/05 Synthesizers/07 Synth Brass/XP Brass mono.exs
Logic	exs	XP Jump Brass	/Library/Application Support/Logic/Sampler Instruments/05 Synthesizers/07 Synth Brass/XP Jump Brass.exs
Logic	exs	XP Slow Brass	/Library/Application Support/Logic/Sampler Instruments/05 Synthesizers/07 Synth Brass/XP Slow Brass.exs
Logic	exs	XP Softbrass	/Library/Application Support/Logic/Sampler Instruments/05 Synthesizers/07 Synth Brass/XP Softbrass.exs
Logic	exs	XP Synhorn mono	/Library/Application Support/Logic/Sampler Instruments/05 Synthesizers/07 Synth Brass/XP Synhorn mono.exs
Logic	exs	Cloud Chords	/Library/Application Support/Logic/Sampler Instruments/05 Synthesizers/08 Chords/Cloud Chords.exs
Logic	exs	Detroit Underground	/Library/Application Support/Logic/Sampler Instruments/05 Synthesizers/08 Chords/Detroit Underground.exs
Logic	exs	EVP Chords Bright	/Library/Application Support/Logic/Sampler Instruments/05 Synthesizers/08 Chords/EVP Chords Bright.exs
Logic	exs	EVP Chords LPF	/Library/Application Support/Logic/Sampler Instruments/05 Synthesizers/08 Chords/EVP Chords LPF.exs
Logic	exs	HardFM_PWM SidePB	/Library/Application Support/Logic/Sampler Instruments/05 Synthesizers/08 Chords/HardFM_PWM SidePB.exs
Logic	exs	Hybrid Chordz Atmo	/Library/Application Support/Logic/Sampler Instruments/05 Synthesizers/08 Chords/Hybrid Chordz Atmo.exs
Logic	exs	Hybrid Chordz Filter	/Library/Application Support/Logic/Sampler Instruments/05 Synthesizers/08 Chords/Hybrid Chordz Filter.exs
Logic	exs	Hybrid Chordz Short	/Library/Application Support/Logic/Sampler Instruments/05 Synthesizers/08 Chords/Hybrid Chordz Short.exs
Logic	exs	Hybrid Chordz Stab ModW	/Library/Application Support/Logic/Sampler Instruments/05 Synthesizers/08 Chords/Hybrid Chordz Stab ModW.exs
Logic	exs	Jupi Chords Sweep	/Library/Application Support/Logic/Sampler Instruments/05 Synthesizers/08 Chords/Jupi Chords Sweep.exs
Logic	exs	Mega Fat Side	/Library/Application Support/Logic/Sampler Instruments/05 Synthesizers/08 Chords/Mega Fat Side.exs
Logic	exs	Megafat Chords Bright	/Library/Application Support/Logic/Sampler Instruments/05 Synthesizers/08 Chords/Megafat Chords Bright.exs
Logic	exs	Megafat Chords Filter	/Library/Application Support/Logic/Sampler Instruments/05 Synthesizers/08 Chords/Megafat Chords Filter.exs
Logic	exs	Megafat Chords SQ	/Library/Application Support/Logic/Sampler Instruments/05 Synthesizers/08 Chords/Megafat Chords SQ.exs
Logic	exs	Megafat Chords Spheric	/Library/Application Support/Logic/Sampler Instruments/05 Synthesizers/08 Chords/Megafat Chords Spheric.exs
Logic	exs	Megafat Chords Stab ModW	/Library/Application Support/Logic/Sampler Instruments/05 Synthesizers/08 Chords/Megafat Chords Stab ModW.exs
Logic	exs	Mini SideLPF	/Library/Application Support/Logic/Sampler Instruments/05 Synthesizers/08 Chords/Mini SideLPF.exs
Logic	exs	Pluck Chords Bright	/Library/Application Support/Logic/Sampler Instruments/05 Synthesizers/08 Chords/Pluck Chords Bright.exs
Logic	exs	Trance Chords Filter	/Library/Application Support/Logic/Sampler Instruments/05 Synthesizers/08 Chords/Trance Chords Filter.exs
Logic	exs	Trance Chords Spheric	/Library/Application Support/Logic/Sampler Instruments/05 Synthesizers/08 Chords/Trance Chords Spheric.exs
Logic	exs	Trance Chords Stab ModW	/Library/Application Support/Logic/Sampler Instruments/05 Synthesizers/08 Chords/Trance Chords Stab ModW.exs
Logic	exs	Digital Choir	/Library/Application Support/Logic/Sampler Instruments/05 Synthesizers/09 Warped Voices/Digital Choir.exs
Logic	exs	Synth Soprano Solo	/Library/Application Support/Logic/Sampler Instruments/05 Synthesizers/09 Warped Voices/Synth Soprano Solo.exs
Logic	exs	Alan SQ	/Library/Application Support/Logic/Sampler Instruments/05 Synthesizers/10 Synth Waveforms/Analog Waveforms/Alan SQ.exs
Logic	exs	Hard Attack FM	/Library/Application Support/Logic/Sampler Instruments/05 Synthesizers/10 Synth Waveforms/Analog Waveforms/Hard Attack FM.exs
Logic	exs	HyperSyncH	/Library/Application Support/Logic/Sampler Instruments/05 Synthesizers/10 Synth Waveforms/Analog Waveforms/HyperSyncH.exs
Logic	exs	HyperSyncL	/Library/Application Support/Logic/Sampler Instruments/05 Synthesizers/10 Synth Waveforms/Analog Waveforms/HyperSyncL.exs
Logic	exs	JP8 Unison Decay	/Library/Application Support/Logic/Sampler Instruments/05 Synthesizers/10 Synth Waveforms/Analog Waveforms/JP8 Unison Decay.exs
Logic	exs	JP8 Unison Square	/Library/Application Support/Logic/Sampler Instruments/05 Synthesizers/10 Synth Waveforms/Analog Waveforms/JP8 Unison Square.exs
Logic	exs	JP8 Unison Sync	/Library/Application Support/Logic/Sampler Instruments/05 Synthesizers/10 Synth Waveforms/Analog Waveforms/JP8 Unison Sync.exs
Logic	exs	Ministack	/Library/Application Support/Logic/Sampler Instruments/05 Synthesizers/10 Synth Waveforms/Analog Waveforms/Ministack.exs
Logic	exs	Octave saw	/Library/Application Support/Logic/Sampler Instruments/05 Synthesizers/10 Synth Waveforms/Analog Waveforms/Octave saw.exs
Logic	exs	PWM Unison	/Library/Application Support/Logic/Sampler Instruments/05 Synthesizers/10 Synth Waveforms/Analog Waveforms/PWM Unison.exs
Logic	exs	PWMsubDark	/Library/Application Support/Logic/Sampler Instruments/05 Synthesizers/10 Synth Waveforms/Analog Waveforms/PWMsubDark.exs
Logic	exs	PWMsubHard	/Library/Application Support/Logic/Sampler Instruments/05 Synthesizers/10 Synth Waveforms/Analog Waveforms/PWMsubHard.exs
Logic	exs	PWMsubMedium	/Library/Application Support/Logic/Sampler Instruments/05 Synthesizers/10 Synth Waveforms/Analog Waveforms/PWMsubMedium.exs
Logic	exs	PWMsubSoft	/Library/Application Support/Logic/Sampler Instruments/05 Synthesizers/10 Synth Waveforms/Analog Waveforms/PWMsubSoft.exs
Logic	exs	Pulsone Velo	/Library/Application Support/Logic/Sampler Instruments/05 Synthesizers/10 Synth Waveforms/Analog Waveforms/Pulsone Velo.exs
Logic	exs	Pulstwo	/Library/Application Support/Logic/Sampler Instruments/05 Synthesizers/10 Synth Waveforms/Analog Waveforms/Pulstwo.exs
Logic	exs	Rezz Off	/Library/Application Support/Logic/Sampler Instruments/05 Synthesizers/10 Synth Waveforms/Analog Waveforms/Rezz Off.exs
Logic	exs	SQ Stack 1	/Library/Application Support/Logic/Sampler Instruments/05 Synthesizers/10 Synth Waveforms/Analog Waveforms/SQ Stack 1.exs
Logic	exs	SQ Stack 2	/Library/Application Support/Logic/Sampler Instruments/05 Synthesizers/10 Synth Waveforms/Analog Waveforms/SQ Stack 2.exs
Logic	exs	Sawone Velo	/Library/Application Support/Logic/Sampler Instruments/05 Synthesizers/10 Synth Waveforms/Analog Waveforms/Sawone Velo.exs
Logic	exs	Sawone	/Library/Application Support/Logic/Sampler Instruments/05 Synthesizers/10 Synth Waveforms/Analog Waveforms/Sawone.exs
Logic	exs	Sawtwo	/Library/Application Support/Logic/Sampler Instruments/05 Synthesizers/10 Synth Waveforms/Analog Waveforms/Sawtwo.exs
Logic	exs	Superstack 1	/Library/Application Support/Logic/Sampler Instruments/05 Synthesizers/10 Synth Waveforms/Analog Waveforms/Superstack 1.exs
Logic	exs	Superstack 2	/Library/Application Support/Logic/Sampler Instruments/05 Synthesizers/10 Synth Waveforms/Analog Waveforms/Superstack 2.exs
Logic	exs	Superstack 3	/Library/Application Support/Logic/Sampler Instruments/05 Synthesizers/10 Synth Waveforms/Analog Waveforms/Superstack 3.exs
Logic	exs	Superstack 4	/Library/Application Support/Logic/Sampler Instruments/05 Synthesizers/10 Synth Waveforms/Analog Waveforms/Superstack 4.exs
Logic	exs	Uni Sync	/Library/Application Support/Logic/Sampler Instruments/05 Synthesizers/10 Synth Waveforms/Analog Waveforms/Uni Sync.exs
Logic	exs	UniSyncH	/Library/Application Support/Logic/Sampler Instruments/05 Synthesizers/10 Synth Waveforms/Analog Waveforms/UniSyncH.exs
Logic	exs	UniSyncL	/Library/Application Support/Logic/Sampler Instruments/05 Synthesizers/10 Synth Waveforms/Analog Waveforms/UniSyncL.exs
Logic	exs	Waveform Saw	/Library/Application Support/Logic/Sampler Instruments/05 Synthesizers/10 Synth Waveforms/Analog Waveforms/Waveform Saw.exs
Logic	exs	XP Brass Stereo	/Library/Application Support/Logic/Sampler Instruments/05 Synthesizers/10 Synth Waveforms/Analog Waveforms/XP Brass Stereo.exs
Logic	exs	XP Brass	/Library/Application Support/Logic/Sampler Instruments/05 Synthesizers/10 Synth Waveforms/Analog Waveforms/XP Brass.exs
Logic	exs	XP Strings Stereo 1	/Library/Application Support/Logic/Sampler Instruments/05 Synthesizers/10 Synth Waveforms/Analog Waveforms/XP Strings Stereo 1.exs
Logic	exs	XP Strings Stereo 2	/Library/Application Support/Logic/Sampler Instruments/05 Synthesizers/10 Synth Waveforms/Analog Waveforms/XP Strings Stereo 2.exs
Logic	exs	XP Strings	/Library/Application Support/Logic/Sampler Instruments/05 Synthesizers/10 Synth Waveforms/Analog Waveforms/XP Strings.exs
Logic	exs	XP Synhorn Stereo	/Library/Application Support/Logic/Sampler Instruments/05 Synthesizers/10 Synth Waveforms/Analog Waveforms/XP Synhorn Stereo.exs
Logic	exs	XP Synhorn	/Library/Application Support/Logic/Sampler Instruments/05 Synthesizers/10 Synth Waveforms/Analog Waveforms/XP Synhorn.exs
Logic	exs	Aarons Journey INIT	/Library/Application Support/Logic/Sampler Instruments/05 Synthesizers/10 Synth Waveforms/Digital Waveforms/Aarons Journey INIT.exs
Logic	exs	Aarons Superstack INIT	/Library/Application Support/Logic/Sampler Instruments/05 Synthesizers/10 Synth Waveforms/Digital Waveforms/Aarons Superstack INIT.exs
Logic	exs	Abraxas INIT	/Library/Application Support/Logic/Sampler Instruments/05 Synthesizers/10 Synth Waveforms/Digital Waveforms/Abraxas INIT.exs
Logic	exs	Abstracta INIT	/Library/Application Support/Logic/Sampler Instruments/05 Synthesizers/10 Synth Waveforms/Digital Waveforms/Abstracta INIT.exs
Logic	exs	Ambi Drobz INIT	/Library/Application Support/Logic/Sampler Instruments/05 Synthesizers/10 Synth Waveforms/Digital Waveforms/Ambi Drobz INIT.exs
Logic	exs	Ambi Stack INIT	/Library/Application Support/Logic/Sampler Instruments/05 Synthesizers/10 Synth Waveforms/Digital Waveforms/Ambi Stack INIT.exs
Logic	exs	Attackbell INIT	/Library/Application Support/Logic/Sampler Instruments/05 Synthesizers/10 Synth Waveforms/Digital Waveforms/Attackbell INIT.exs
Logic	exs	Beach Bells INIT	/Library/Application Support/Logic/Sampler Instruments/05 Synthesizers/10 Synth Waveforms/Digital Waveforms/Beach Bells INIT.exs
Logic	exs	Beach Bells mono INIT	/Library/Application Support/Logic/Sampler Instruments/05 Synthesizers/10 Synth Waveforms/Digital Waveforms/Beach Bells mono INIT.exs
Logic	exs	Big 80ies INIT	/Library/Application Support/Logic/Sampler Instruments/05 Synthesizers/10 Synth Waveforms/Digital Waveforms/Big 80ies INIT.exs
Logic	exs	Choirpad INIT	/Library/Application Support/Logic/Sampler Instruments/05 Synthesizers/10 Synth Waveforms/Digital Waveforms/Choirpad INIT.exs
Logic	exs	ChromCrush1 INIT	/Library/Application Support/Logic/Sampler Instruments/05 Synthesizers/10 Synth Waveforms/Digital Waveforms/ChromCrush1 INIT.exs
Logic	exs	ChromCrush2 INIT	/Library/Application Support/Logic/Sampler Instruments/05 Synthesizers/10 Synth Waveforms/Digital Waveforms/ChromCrush2 INIT.exs
Logic	exs	ChromCrush3 INIT	/Library/Application Support/Logic/Sampler Instruments/05 Synthesizers/10 Synth Waveforms/Digital Waveforms/ChromCrush3 INIT.exs
Logic	exs	ChromCrush4 INIT	/Library/Application Support/Logic/Sampler Instruments/05 Synthesizers/10 Synth Waveforms/Digital Waveforms/ChromCrush4 INIT.exs
Logic	exs	ChromFM1 INIT	/Library/Application Support/Logic/Sampler Instruments/05 Synthesizers/10 Synth Waveforms/Digital Waveforms/ChromFM1 INIT.exs
Logic	exs	ChromFM2 INIT	/Library/Application Support/Logic/Sampler Instruments/05 Synthesizers/10 Synth Waveforms/Digital Waveforms/ChromFM2 INIT.exs
Logic	exs	ChromFM3 INIT	/Library/Application Support/Logic/Sampler Instruments/05 Synthesizers/10 Synth Waveforms/Digital Waveforms/ChromFM3 INIT.exs
Logic	exs	ChromFM4 INIT	/Library/Application Support/Logic/Sampler Instruments/05 Synthesizers/10 Synth Waveforms/Digital Waveforms/ChromFM4 INIT.exs
Logic	exs	ChromStereo1 INIT	/Library/Application Support/Logic/Sampler Instruments/05 Synthesizers/10 Synth Waveforms/Digital Waveforms/ChromStereo1 INIT.exs
Logic	exs	ChromStereo2 INIT	/Library/Application Support/Logic/Sampler Instruments/05 Synthesizers/10 Synth Waveforms/Digital Waveforms/ChromStereo2 INIT.exs
Logic	exs	ChromStereo3 INIT	/Library/Application Support/Logic/Sampler Instruments/05 Synthesizers/10 Synth Waveforms/Digital Waveforms/ChromStereo3 INIT.exs
Logic	exs	ChromStereo4 INIT	/Library/Application Support/Logic/Sampler Instruments/05 Synthesizers/10 Synth Waveforms/Digital Waveforms/ChromStereo4 INIT.exs
Logic	exs	Clouds INIT	/Library/Application Support/Logic/Sampler Instruments/05 Synthesizers/10 Synth Waveforms/Digital Waveforms/Clouds INIT.exs
Logic	exs	Cold Mystery INIT	/Library/Application Support/Logic/Sampler Instruments/05 Synthesizers/10 Synth Waveforms/Digital Waveforms/Cold Mystery INIT.exs
Logic	exs	Crosswaves INIT	/Library/Application Support/Logic/Sampler Instruments/05 Synthesizers/10 Synth Waveforms/Digital Waveforms/Crosswaves INIT.exs
Logic	exs	Crush Baby INIT	/Library/Application Support/Logic/Sampler Instruments/05 Synthesizers/10 Synth Waveforms/Digital Waveforms/Crush Baby INIT.exs
Logic	exs	Crushsphere INIT	/Library/Application Support/Logic/Sampler Instruments/05 Synthesizers/10 Synth Waveforms/Digital Waveforms/Crushsphere INIT.exs
Logic	exs	Dark FM Bass INIT	/Library/Application Support/Logic/Sampler Instruments/05 Synthesizers/10 Synth Waveforms/Digital Waveforms/Dark FM Bass INIT.exs
Logic	exs	Digi Ducks INIT	/Library/Application Support/Logic/Sampler Instruments/05 Synthesizers/10 Synth Waveforms/Digital Waveforms/Digi Ducks INIT.exs
Logic	exs	Disty Crush INIT	/Library/Application Support/Logic/Sampler Instruments/05 Synthesizers/10 Synth Waveforms/Digital Waveforms/Disty Crush INIT.exs
Logic	exs	DnB Shot INIT	/Library/Application Support/Logic/Sampler Instruments/05 Synthesizers/10 Synth Waveforms/Digital Waveforms/DnB Shot INIT.exs
Logic	exs	Dyn DX Bass INIT	/Library/Application Support/Logic/Sampler Instruments/05 Synthesizers/10 Synth Waveforms/Digital Waveforms/Dyn DX Bass INIT.exs
Logic	exs	Exception INIT	/Library/Application Support/Logic/Sampler Instruments/05 Synthesizers/10 Synth Waveforms/Digital Waveforms/Exception INIT.exs
Logic	exs	FM Bellsynth INIT	/Library/Application Support/Logic/Sampler Instruments/05 Synthesizers/10 Synth Waveforms/Digital Waveforms/FM Bellsynth INIT.exs
Logic	exs	FM Mega Octave INIT	/Library/Application Support/Logic/Sampler Instruments/05 Synthesizers/10 Synth Waveforms/Digital Waveforms/FM Mega Octave INIT.exs
Logic	exs	FM Mega Oscillator INIT	/Library/Application Support/Logic/Sampler Instruments/05 Synthesizers/10 Synth Waveforms/Digital Waveforms/FM Mega Oscillator INIT.exs
Logic	exs	FM Mega Stack INIT	/Library/Application Support/Logic/Sampler Instruments/05 Synthesizers/10 Synth Waveforms/Digital Waveforms/FM Mega Stack INIT.exs
Logic	exs	FM Percsyn 01 INIT	/Library/Application Support/Logic/Sampler Instruments/05 Synthesizers/10 Synth Waveforms/Digital Waveforms/FM Percsyn 01 INIT.exs
Logic	exs	FM Percsyn 02 INIT	/Library/Application Support/Logic/Sampler Instruments/05 Synthesizers/10 Synth Waveforms/Digital Waveforms/FM Percsyn 02 INIT.exs
Logic	exs	FM Pink EP INIT	/Library/Application Support/Logic/Sampler Instruments/05 Synthesizers/10 Synth Waveforms/Digital Waveforms/FM Pink EP INIT.exs
Logic	exs	FM Powerbaz INIT	/Library/Application Support/Logic/Sampler Instruments/05 Synthesizers/10 Synth Waveforms/Digital Waveforms/FM Powerbaz INIT.exs
Logic	exs	FM Puls Bass INIT	/Library/Application Support/Logic/Sampler Instruments/05 Synthesizers/10 Synth Waveforms/Digital Waveforms/FM Puls Bass INIT.exs
Logic	exs	FM Punch Bass INIT	/Library/Application Support/Logic/Sampler Instruments/05 Synthesizers/10 Synth Waveforms/Digital Waveforms/FM Punch Bass INIT.exs
Logic	exs	FM Spectrum INIT	/Library/Application Support/Logic/Sampler Instruments/05 Synthesizers/10 Synth Waveforms/Digital Waveforms/FM Spectrum INIT.exs
Logic	exs	Fairy DX INIT	/Library/Application Support/Logic/Sampler Instruments/05 Synthesizers/10 Synth Waveforms/Digital Waveforms/Fairy DX INIT.exs
Logic	exs	Fairy X INIT	/Library/Application Support/Logic/Sampler Instruments/05 Synthesizers/10 Synth Waveforms/Digital Waveforms/Fairy X INIT.exs
Logic	exs	Flange Saw A INIT	/Library/Application Support/Logic/Sampler Instruments/05 Synthesizers/10 Synth Waveforms/Digital Waveforms/Flange Saw A INIT.exs
Logic	exs	Flange Saw B INIT	/Library/Application Support/Logic/Sampler Instruments/05 Synthesizers/10 Synth Waveforms/Digital Waveforms/Flange Saw B INIT.exs
Logic	exs	Formant Pad INIT	/Library/Application Support/Logic/Sampler Instruments/05 Synthesizers/10 Synth Waveforms/Digital Waveforms/Formant Pad INIT.exs
Logic	exs	Hard Pluck Bass INIT	/Library/Application Support/Logic/Sampler Instruments/05 Synthesizers/10 Synth Waveforms/Digital Waveforms/Hard Pluck Bass INIT.exs
Logic	exs	Hybrid Space INIT	/Library/Application Support/Logic/Sampler Instruments/05 Synthesizers/10 Synth Waveforms/Digital Waveforms/Hybrid Space INIT.exs
Logic	exs	Iron Voc INIT	/Library/Application Support/Logic/Sampler Instruments/05 Synthesizers/10 Synth Waveforms/Digital Waveforms/Iron Voc INIT.exs
Logic	exs	LA Forever INIT	/Library/Application Support/Logic/Sampler Instruments/05 Synthesizers/10 Synth Waveforms/Digital Waveforms/LA Forever INIT.exs
Logic	exs	LA Organ INIT	/Library/Application Support/Logic/Sampler Instruments/05 Synthesizers/10 Synth Waveforms/Digital Waveforms/LA Organ INIT.exs
Logic	exs	LA Pad INIT	/Library/Application Support/Logic/Sampler Instruments/05 Synthesizers/10 Synth Waveforms/Digital Waveforms/LA Pad INIT.exs
Logic	exs	Laizer INIT	/Library/Application Support/Logic/Sampler Instruments/05 Synthesizers/10 Synth Waveforms/Digital Waveforms/Laizer INIT.exs
Logic	exs	LoFiPad INIT	/Library/Application Support/Logic/Sampler Instruments/05 Synthesizers/10 Synth Waveforms/Digital Waveforms/LoFiPad INIT.exs
Logic	exs	Lucky Time INIT	/Library/Application Support/Logic/Sampler Instruments/05 Synthesizers/10 Synth Waveforms/Digital Waveforms/Lucky Time INIT.exs
Logic	exs	Metal FX Pan INIT	/Library/Application Support/Logic/Sampler Instruments/05 Synthesizers/10 Synth Waveforms/Digital Waveforms/Metal FX Pan INIT.exs
Logic	exs	Movepad INIT	/Library/Application Support/Logic/Sampler Instruments/05 Synthesizers/10 Synth Waveforms/Digital Waveforms/Movepad INIT.exs
Logic	exs	My Wave INIT	/Library/Application Support/Logic/Sampler Instruments/05 Synthesizers/10 Synth Waveforms/Digital Waveforms/My Wave INIT.exs
Logic	exs	My Wave Stacked INIT	/Library/Application Support/Logic/Sampler Instruments/05 Synthesizers/10 Synth Waveforms/Digital Waveforms/My Wave Stacked INIT.exs
Logic	exs	Noizpad INIT	/Library/Application Support/Logic/Sampler Instruments/05 Synthesizers/10 Synth Waveforms/Digital Waveforms/Noizpad INIT.exs
Logic	exs	Noizy Ring FX INIT	/Library/Application Support/Logic/Sampler Instruments/05 Synthesizers/10 Synth Waveforms/Digital Waveforms/Noizy Ring FX INIT.exs
Logic	exs	PPGees INIT	/Library/Application Support/Logic/Sampler Instruments/05 Synthesizers/10 Synth Waveforms/Digital Waveforms/PPGees INIT.exs
Logic	exs	Pluck DX Bass INIT	/Library/Application Support/Logic/Sampler Instruments/05 Synthesizers/10 Synth Waveforms/Digital Waveforms/Pluck DX Bass INIT.exs
Logic	exs	Pluck SQ INIT	/Library/Application Support/Logic/Sampler Instruments/05 Synthesizers/10 Synth Waveforms/Digital Waveforms/Pluck SQ INIT.exs
Logic	exs	Retro Fair INIT	/Library/Application Support/Logic/Sampler Instruments/05 Synthesizers/10 Synth Waveforms/Digital Waveforms/Retro Fair INIT.exs
Logic	exs	SFX Kit INIT	/Library/Application Support/Logic/Sampler Instruments/05 Synthesizers/10 Synth Waveforms/Digital Waveforms/SFX Kit INIT.exs
Logic	exs	Silver Lake INIT	/Library/Application Support/Logic/Sampler Instruments/05 Synthesizers/10 Synth Waveforms/Digital Waveforms/Silver Lake INIT.exs
Logic	exs	Sine Sub Bass INIT	/Library/Application Support/Logic/Sampler Instruments/05 Synthesizers/10 Synth Waveforms/Digital Waveforms/Sine Sub Bass INIT.exs
Logic	exs	Spacious Keys INIT	/Library/Application Support/Logic/Sampler Instruments/05 Synthesizers/10 Synth Waveforms/Digital Waveforms/Spacious Keys INIT.exs
Logic	exs	Stackvox INIT	/Library/Application Support/Logic/Sampler Instruments/05 Synthesizers/10 Synth Waveforms/Digital Waveforms/Stackvox INIT.exs
Logic	exs	Stereo FM E-Piano INIT	/Library/Application Support/Logic/Sampler Instruments/05 Synthesizers/10 Synth Waveforms/Digital Waveforms/Stereo FM E-Piano INIT.exs
Logic	exs	Stringbells INIT	/Library/Application Support/Logic/Sampler Instruments/05 Synthesizers/10 Synth Waveforms/Digital Waveforms/Stringbells INIT.exs
Logic	exs	Tornado Bass A INIT	/Library/Application Support/Logic/Sampler Instruments/05 Synthesizers/10 Synth Waveforms/Digital Waveforms/Tornado Bass A INIT.exs
Logic	exs	Tornado Bass B INIT	/Library/Application Support/Logic/Sampler Instruments/05 Synthesizers/10 Synth Waveforms/Digital Waveforms/Tornado Bass B INIT.exs
Logic	exs	Trance Bell INIT	/Library/Application Support/Logic/Sampler Instruments/05 Synthesizers/10 Synth Waveforms/Digital Waveforms/Trance Bell INIT.exs
Logic	exs	Voxpad INIT	/Library/Application Support/Logic/Sampler Instruments/05 Synthesizers/10 Synth Waveforms/Digital Waveforms/Voxpad INIT.exs
Logic	exs	Whisperings INIT	/Library/Application Support/Logic/Sampler Instruments/05 Synthesizers/10 Synth Waveforms/Digital Waveforms/Whisperings INIT.exs
Logic	exs	Arco Strings	/Library/Application Support/Logic/Sampler Instruments/06 Pop Strings/Arco Strings.exs
Logic	exs	Cello (Arco)	/Library/Application Support/Logic/Sampler Instruments/06 Pop Strings/Cello (Arco).exs
Logic	exs	Cello (Pizzicato)	/Library/Application Support/Logic/Sampler Instruments/06 Pop Strings/Cello (Pizzicato).exs
Logic	exs	Double Bass (Arco)	/Library/Application Support/Logic/Sampler Instruments/06 Pop Strings/Double Bass (Arco).exs
Logic	exs	Double Bass (Pizzicato)	/Library/Application Support/Logic/Sampler Instruments/06 Pop Strings/Double Bass (Pizzicato).exs
Logic	exs	EXS Strings 1	/Library/Application Support/Logic/Sampler Instruments/06 Pop Strings/EXS Strings 1.exs
Logic	exs	EXS Strings 2	/Library/Application Support/Logic/Sampler Instruments/06 Pop Strings/EXS Strings 2.exs
Logic	exs	Violin (Arco)	/Library/Application Support/Logic/Sampler Instruments/06 Pop Strings/Violin (Arco).exs
Logic	exs	Violin (Pizzicato)	/Library/Application Support/Logic/Sampler Instruments/06 Pop Strings/Violin (Pizzicato).exs
Logic	exs	Baritone Sax	/Library/Application Support/Logic/Sampler Instruments/07 Pop Horns/Baritone Sax.exs
Logic	exs	Funk Horn Section	/Library/Application Support/Logic/Sampler Instruments/07 Pop Horns/Funk Horn Section.exs
Logic	exs	Soprano Sax	/Library/Application Support/Logic/Sampler Instruments/07 Pop Horns/Soprano Sax.exs
Logic	exs	12 String Acoustic Chords	/Library/Application Support/Logic/Sampler Instruments/08 Guitars/01 Acoustic Guitars/12 String Acoustic Chords.exs
Logic	exs	12 String Acoustic Guitar	/Library/Application Support/Logic/Sampler Instruments/08 Guitars/01 Acoustic Guitars/12 String Acoustic Guitar.exs
Logic	exs	12 String Dual	/Library/Application Support/Logic/Sampler Instruments/08 Guitars/01 Acoustic Guitars/12 String Dual.exs
Logic	exs	Acoustic Harmonics	/Library/Application Support/Logic/Sampler Instruments/08 Guitars/01 Acoustic Guitars/Acoustic Harmonics.exs
Logic	exs	Bluegrass Banjo	/Library/Application Support/Logic/Sampler Instruments/08 Guitars/01 Acoustic Guitars/Bluegrass Banjo.exs
Logic	exs	Bluesy Acoustic	/Library/Application Support/Logic/Sampler Instruments/08 Guitars/01 Acoustic Guitars/Bluesy Acoustic.exs
Logic	exs	Classical Acoustic Guitar	/Library/Application Support/Logic/Sampler Instruments/08 Guitars/01 Acoustic Guitars/Classical Acoustic Guitar.exs
Logic	exs	Dobro Chords	/Library/Application Support/Logic/Sampler Instruments/08 Guitars/01 Acoustic Guitars/Dobro Chords.exs
Logic	exs	Dobro Slide	/Library/Application Support/Logic/Sampler Instruments/08 Guitars/01 Acoustic Guitars/Dobro Slide.exs
Logic	exs	Roundback Acoustic Guitar	/Library/Application Support/Logic/Sampler Instruments/08 Guitars/01 Acoustic Guitars/Roundback Acoustic Guitar.exs
Logic	exs	Steel String Acoustic 1	/Library/Application Support/Logic/Sampler Instruments/08 Guitars/01 Acoustic Guitars/Steel String Acoustic 1.exs
Logic	exs	Clean Electric Guitar 1	/Library/Application Support/Logic/Sampler Instruments/08 Guitars/02 Electric Guitars/Clean Electric Guitar 1.exs
Logic	exs	Eighties Electric	/Library/Application Support/Logic/Sampler Instruments/08 Guitars/02 Electric Guitars/Eighties Electric.exs
Logic	exs	Eighties Power Chords	/Library/Application Support/Logic/Sampler Instruments/08 Guitars/02 Electric Guitars/Eighties Power Chords.exs
Logic	exs	Electric Guitar Harmonics	/Library/Application Support/Logic/Sampler Instruments/08 Guitars/02 Electric Guitars/Electric Guitar Harmonics.exs
Logic	exs	Electric Guitar Muted Notes	/Library/Application Support/Logic/Sampler Instruments/08 Guitars/02 Electric Guitars/Electric Guitar Muted Notes.exs
Logic	exs	Muted Electric Guitar	/Library/Application Support/Logic/Sampler Instruments/08 Guitars/02 Electric Guitars/Muted Electric Guitar.exs
Logic	exs	Pinch Harmonics	/Library/Application Support/Logic/Sampler Instruments/08 Guitars/02 Electric Guitars/Pinch Harmonics.exs
Logic	exs	Prog Rock Muted	/Library/Application Support/Logic/Sampler Instruments/08 Guitars/02 Electric Guitars/Prog Rock Muted.exs
Logic	exs	Sunburst Electric	/Library/Application Support/Logic/Sampler Instruments/08 Guitars/02 Electric Guitars/Sunburst Electric.exs
Logic	exs	Sunburst Power Chords	/Library/Application Support/Logic/Sampler Instruments/08 Guitars/02 Electric Guitars/Sunburst Power Chords.exs
Logic	exs	Twangy Electric	/Library/Application Support/Logic/Sampler Instruments/08 Guitars/02 Electric Guitars/Twangy Electric.exs
Logic	exs	Twangy Strumming	/Library/Application Support/Logic/Sampler Instruments/08 Guitars/02 Electric Guitars/Twangy Strumming.exs
Logic	exs	Acoustic Guitar	/Library/Application Support/Logic/Sampler Instruments/08 Guitars/Acoustic Guitar.exs
Logic	exs	Acoustic Harmonics	/Library/Application Support/Logic/Sampler Instruments/08 Guitars/Acoustic Harmonics.exs
Logic	exs	Classical Acoustic Guitar	/Library/Application Support/Logic/Sampler Instruments/08 Guitars/Classical Acoustic Guitar.exs
Logic	exs	Hawaiian Ukelele	/Library/Application Support/Logic/Sampler Instruments/08 Guitars/Hawaiian Ukelele.exs
Logic	exs	Steel String Acoustic	/Library/Application Support/Logic/Sampler Instruments/08 Guitars/Steel String Acoustic.exs
Logic	exs	Vintage Strat	/Library/Application Support/Logic/Sampler Instruments/08 Guitars/Vintage Strat.exs
Logic	exs	Warm Electric	/Library/Application Support/Logic/Sampler Instruments/08 Guitars/Warm Electric.exs
Logic	exs	Alto Sax	/Library/Application Support/Logic/Sampler Instruments/09 Orchestral/01 Woodwinds/Alto Sax.exs
Logic	exs	Bassoon Solo Legato	/Library/Application Support/Logic/Sampler Instruments/09 Orchestral/01 Woodwinds/Bassoon Solo Legato.exs
Logic	exs	Bassoon Solo Staccato	/Library/Application Support/Logic/Sampler Instruments/09 Orchestral/01 Woodwinds/Bassoon Solo Staccato.exs
Logic	exs	Bassoon Solo+	/Library/Application Support/Logic/Sampler Instruments/09 Orchestral/01 Woodwinds/Bassoon Solo+.exs
Logic	exs	Bassoon Solo	/Library/Application Support/Logic/Sampler Instruments/09 Orchestral/01 Woodwinds/Bassoon Solo.exs
Logic	exs	Clarinet Solo Legato	/Library/Application Support/Logic/Sampler Instruments/09 Orchestral/01 Woodwinds/Clarinet Solo Legato.exs
Logic	exs	Clarinet Solo Staccato	/Library/Application Support/Logic/Sampler Instruments/09 Orchestral/01 Woodwinds/Clarinet Solo Staccato.exs
Logic	exs	Clarinet Solo+	/Library/Application Support/Logic/Sampler Instruments/09 Orchestral/01 Woodwinds/Clarinet Solo+.exs
Logic	exs	Clarinet Solo	/Library/Application Support/Logic/Sampler Instruments/09 Orchestral/01 Woodwinds/Clarinet Solo.exs
Logic	exs	Clarinets Legato	/Library/Application Support/Logic/Sampler Instruments/09 Orchestral/01 Woodwinds/Clarinets Legato.exs
Logic	exs	Clarinets Staccato	/Library/Application Support/Logic/Sampler Instruments/09 Orchestral/01 Woodwinds/Clarinets Staccato.exs
Logic	exs	Clarinets+	/Library/Application Support/Logic/Sampler Instruments/09 Orchestral/01 Woodwinds/Clarinets+.exs
Logic	exs	Clarinets	/Library/Application Support/Logic/Sampler Instruments/09 Orchestral/01 Woodwinds/Clarinets.exs
Logic	exs	Classical Flute	/Library/Application Support/Logic/Sampler Instruments/09 Orchestral/01 Woodwinds/Classical Flute.exs
Logic	exs	English Horn Solo Legato	/Library/Application Support/Logic/Sampler Instruments/09 Orchestral/01 Woodwinds/English Horn Solo Legato.exs
Logic	exs	English Horn Solo Staccato	/Library/Application Support/Logic/Sampler Instruments/09 Orchestral/01 Woodwinds/English Horn Solo Staccato.exs
Logic	exs	English Horn Solo+	/Library/Application Support/Logic/Sampler Instruments/09 Orchestral/01 Woodwinds/English Horn Solo+.exs
Logic	exs	English Horn Solo	/Library/Application Support/Logic/Sampler Instruments/09 Orchestral/01 Woodwinds/English Horn Solo.exs
Logic	exs	Flute Solo Legato	/Library/Application Support/Logic/Sampler Instruments/09 Orchestral/01 Woodwinds/Flute Solo Legato.exs
Logic	exs	Flute Solo Staccato	/Library/Application Support/Logic/Sampler Instruments/09 Orchestral/01 Woodwinds/Flute Solo Staccato.exs
Logic	exs	Flute Solo+	/Library/Application Support/Logic/Sampler Instruments/09 Orchestral/01 Woodwinds/Flute Solo+.exs
Logic	exs	Flute Solo	/Library/Application Support/Logic/Sampler Instruments/09 Orchestral/01 Woodwinds/Flute Solo.exs
Logic	exs	Flutes Legato	/Library/Application Support/Logic/Sampler Instruments/09 Orchestral/01 Woodwinds/Flutes Legato.exs
Logic	exs	Flutes Staccato	/Library/Application Support/Logic/Sampler Instruments/09 Orchestral/01 Woodwinds/Flutes Staccato.exs
Logic	exs	Flutes+	/Library/Application Support/Logic/Sampler Instruments/09 Orchestral/01 Woodwinds/Flutes+.exs
Logic	exs	Flutes	/Library/Application Support/Logic/Sampler Instruments/09 Orchestral/01 Woodwinds/Flutes.exs
Logic	exs	Oboe Solo Legato	/Library/Application Support/Logic/Sampler Instruments/09 Orchestral/01 Woodwinds/Oboe Solo Legato.exs
Logic	exs	Oboe Solo Staccato	/Library/Application Support/Logic/Sampler Instruments/09 Orchestral/01 Woodwinds/Oboe Solo Staccato.exs
Logic	exs	Oboe Solo+	/Library/Application Support/Logic/Sampler Instruments/09 Orchestral/01 Woodwinds/Oboe Solo+.exs
Logic	exs	Oboe Solo	/Library/Application Support/Logic/Sampler Instruments/09 Orchestral/01 Woodwinds/Oboe Solo.exs
Logic	exs	Piccolo Legato	/Library/Application Support/Logic/Sampler Instruments/09 Orchestral/01 Woodwinds/Piccolo Legato.exs
Logic	exs	Piccolo Staccato	/Library/Application Support/Logic/Sampler Instruments/09 Orchestral/01 Woodwinds/Piccolo Staccato.exs
Logic	exs	Piccolo+	/Library/Application Support/Logic/Sampler Instruments/09 Orchestral/01 Woodwinds/Piccolo+.exs
Logic	exs	Piccolo	/Library/Application Support/Logic/Sampler Instruments/09 Orchestral/01 Woodwinds/Piccolo.exs
Logic	exs	French Horn Solo Legato	/Library/Application Support/Logic/Sampler Instruments/09 Orchestral/02 Brass/French Horn Solo Legato.exs
Logic	exs	French Horn Solo Staccato	/Library/Application Support/Logic/Sampler Instruments/09 Orchestral/02 Brass/French Horn Solo Staccato.exs
Logic	exs	French Horn Solo leg	/Library/Application Support/Logic/Sampler Instruments/09 Orchestral/02 Brass/French Horn Solo leg.exs
Logic	exs	French Horn Solo+	/Library/Application Support/Logic/Sampler Instruments/09 Orchestral/02 Brass/French Horn Solo+.exs
Logic	exs	French Horn Solo	/Library/Application Support/Logic/Sampler Instruments/09 Orchestral/02 Brass/French Horn Solo.exs
Logic	exs	French Horns Crescendo	/Library/Application Support/Logic/Sampler Instruments/09 Orchestral/02 Brass/French Horns Crescendo.exs
Logic	exs	French Horns Legato	/Library/Application Support/Logic/Sampler Instruments/09 Orchestral/02 Brass/French Horns Legato.exs
Logic	exs	French Horns Staccato	/Library/Application Support/Logic/Sampler Instruments/09 Orchestral/02 Brass/French Horns Staccato.exs
Logic	exs	French Horns+	/Library/Application Support/Logic/Sampler Instruments/09 Orchestral/02 Brass/French Horns+.exs
Logic	exs	French Horns	/Library/Application Support/Logic/Sampler Instruments/09 Orchestral/02 Brass/French Horns.exs
Logic	exs	Full Brass Legato	/Library/Application Support/Logic/Sampler Instruments/09 Orchestral/02 Brass/Full Brass Legato.exs
Logic	exs	Full Brass Staccato	/Library/Application Support/Logic/Sampler Instruments/09 Orchestral/02 Brass/Full Brass Staccato.exs
Logic	exs	Full Brass+	/Library/Application Support/Logic/Sampler Instruments/09 Orchestral/02 Brass/Full Brass+.exs
Logic	exs	Full Brass	/Library/Application Support/Logic/Sampler Instruments/09 Orchestral/02 Brass/Full Brass.exs
Logic	exs	Trombones Legato	/Library/Application Support/Logic/Sampler Instruments/09 Orchestral/02 Brass/Trombones Legato.exs
Logic	exs	Trombones Staccato	/Library/Application Support/Logic/Sampler Instruments/09 Orchestral/02 Brass/Trombones Staccato.exs
Logic	exs	Trombones+	/Library/Application Support/Logic/Sampler Instruments/09 Orchestral/02 Brass/Trombones+.exs
Logic	exs	Trombones	/Library/Application Support/Logic/Sampler Instruments/09 Orchestral/02 Brass/Trombones.exs
Logic	exs	Trumpets Legato	/Library/Application Support/Logic/Sampler Instruments/09 Orchestral/02 Brass/Trumpets Legato.exs
Logic	exs	Trumpets Staccato	/Library/Application Support/Logic/Sampler Instruments/09 Orchestral/02 Brass/Trumpets Staccato.exs
Logic	exs	Trumpets+	/Library/Application Support/Logic/Sampler Instruments/09 Orchestral/02 Brass/Trumpets+.exs
Logic	exs	Trumpets	/Library/Application Support/Logic/Sampler Instruments/09 Orchestral/02 Brass/Trumpets.exs
Logic	exs	Tuba Solo Legato	/Library/Application Support/Logic/Sampler Instruments/09 Orchestral/02 Brass/Tuba Solo Legato.exs
Logic	exs	Tuba Solo Staccato	/Library/Application Support/Logic/Sampler Instruments/09 Orchestral/02 Brass/Tuba Solo Staccato.exs
Logic	exs	Tuba Solo+	/Library/Application Support/Logic/Sampler Instruments/09 Orchestral/02 Brass/Tuba Solo+.exs
Logic	exs	Tuba Solo	/Library/Application Support/Logic/Sampler Instruments/09 Orchestral/02 Brass/Tuba Solo.exs
Logic	exs	Orchestral Kit	/Library/Application Support/Logic/Sampler Instruments/09 Orchestral/03 Percussion/Orchestral Kit.exs
Logic	exs	Crotales	/Library/Application Support/Logic/Sampler Instruments/09 Orchestral/04 Tuned Percussion/Crotales.exs
Logic	exs	Glockenspiel	/Library/Application Support/Logic/Sampler Instruments/09 Orchestral/04 Tuned Percussion/Glockenspiel.exs
Logic	exs	Timpani SingleStrokes	/Library/Application Support/Logic/Sampler Instruments/09 Orchestral/04 Tuned Percussion/Timpani SingleStrokes.exs
Logic	exs	Timpani Tremolo Crescendo	/Library/Application Support/Logic/Sampler Instruments/09 Orchestral/04 Tuned Percussion/Timpani Tremolo Crescendo.exs
Logic	exs	Timpani Tremolo	/Library/Application Support/Logic/Sampler Instruments/09 Orchestral/04 Tuned Percussion/Timpani Tremolo.exs
Logic	exs	Timpani+	/Library/Application Support/Logic/Sampler Instruments/09 Orchestral/04 Tuned Percussion/Timpani+.exs
Logic	exs	Timpani	/Library/Application Support/Logic/Sampler Instruments/09 Orchestral/04 Tuned Percussion/Timpani.exs
Logic	exs	Tubular Bells	/Library/Application Support/Logic/Sampler Instruments/09 Orchestral/04 Tuned Percussion/Tubular Bells.exs
Logic	exs	Xylophone	/Library/Application Support/Logic/Sampler Instruments/09 Orchestral/04 Tuned Percussion/Xylophone.exs
Logic	exs	Celesta	/Library/Application Support/Logic/Sampler Instruments/09 Orchestral/05 Keyboards/Celesta.exs
Logic	exs	Harpsichord	/Library/Application Support/Logic/Sampler Instruments/09 Orchestral/05 Keyboards/Harpsichord.exs
Logic	exs	Harp	/Library/Application Support/Logic/Sampler Instruments/09 Orchestral/06 Harp/Harp.exs
Logic	exs	Bass 1	/Library/Application Support/Logic/Sampler Instruments/09 Orchestral/07 Pipe Organ/Bass 1.exs
Logic	exs	Bass 2	/Library/Application Support/Logic/Sampler Instruments/09 Orchestral/07 Pipe Organ/Bass 2.exs
Logic	exs	Flutes + 2 Octaves	/Library/Application Support/Logic/Sampler Instruments/09 Orchestral/07 Pipe Organ/Flutes + 2 Octaves.exs
Logic	exs	Flutes + Fifth	/Library/Application Support/Logic/Sampler Instruments/09 Orchestral/07 Pipe Organ/Flutes + Fifth.exs
Logic	exs	Flutes + Octave	/Library/Application Support/Logic/Sampler Instruments/09 Orchestral/07 Pipe Organ/Flutes + Octave.exs
Logic	exs	Flutes 	/Library/Application Support/Logic/Sampler Instruments/09 Orchestral/07 Pipe Organ/Flutes .exs
Logic	exs	Full Organ	/Library/Application Support/Logic/Sampler Instruments/09 Orchestral/07 Pipe Organ/Full Organ.exs
Logic	exs	Principal + 2 Octaves	/Library/Application Support/Logic/Sampler Instruments/09 Orchestral/07 Pipe Organ/Principal + 2 Octaves.exs
Logic	exs	Principal + Mixture	/Library/Application Support/Logic/Sampler Instruments/09 Orchestral/07 Pipe Organ/Principal + Mixture.exs
Logic	exs	Principal + Octave	/Library/Application Support/Logic/Sampler Instruments/09 Orchestral/07 Pipe Organ/Principal + Octave.exs
Logic	exs	Principal	/Library/Application Support/Logic/Sampler Instruments/09 Orchestral/07 Pipe Organ/Principal.exs
Logic	exs	Boys Chamber Ensemble+	/Library/Application Support/Logic/Sampler Instruments/09 Orchestral/08 Choir/Boys Chamber Ensemble+.exs
Logic	exs	Boys Chamber Ensemble	/Library/Application Support/Logic/Sampler Instruments/09 Orchestral/08 Choir/Boys Chamber Ensemble.exs
Logic	exs	Boys Chamber Swells	/Library/Application Support/Logic/Sampler Instruments/09 Orchestral/08 Choir/Boys Chamber Swells.exs
Logic	exs	Chamber Ensemble Swells	/Library/Application Support/Logic/Sampler Instruments/09 Orchestral/08 Choir/Chamber Ensemble Swells.exs
Logic	exs	Chamber Ensemble+	/Library/Application Support/Logic/Sampler Instruments/09 Orchestral/08 Choir/Chamber Ensemble+.exs
Logic	exs	Chamber Ensemble	/Library/Application Support/Logic/Sampler Instruments/09 Orchestral/08 Choir/Chamber Ensemble.exs
Logic	exs	Chamber Female Ensemble+	/Library/Application Support/Logic/Sampler Instruments/09 Orchestral/08 Choir/Chamber Female Ensemble+.exs
Logic	exs	Chamber Female Ensemble	/Library/Application Support/Logic/Sampler Instruments/09 Orchestral/08 Choir/Chamber Female Ensemble.exs
Logic	exs	Chamber Female Swells	/Library/Application Support/Logic/Sampler Instruments/09 Orchestral/08 Choir/Chamber Female Swells.exs
Logic	exs	Chamber Male Ensemble+	/Library/Application Support/Logic/Sampler Instruments/09 Orchestral/08 Choir/Chamber Male Ensemble+.exs
Logic	exs	Chamber Male Ensemble	/Library/Application Support/Logic/Sampler Instruments/09 Orchestral/08 Choir/Chamber Male Ensemble.exs
Logic	exs	Chamber Male Swells	/Library/Application Support/Logic/Sampler Instruments/09 Orchestral/08 Choir/Chamber Male Swells.exs
Logic	exs	Church Choir	/Library/Application Support/Logic/Sampler Instruments/09 Orchestral/08 Choir/Church Choir.exs
Logic	exs	Classical Ensemble Swells	/Library/Application Support/Logic/Sampler Instruments/09 Orchestral/08 Choir/Classical Ensemble Swells.exs
Logic	exs	Classical Ensemble+	/Library/Application Support/Logic/Sampler Instruments/09 Orchestral/08 Choir/Classical Ensemble+.exs
Logic	exs	Classical Ensemble	/Library/Application Support/Logic/Sampler Instruments/09 Orchestral/08 Choir/Classical Ensemble.exs
Logic	exs	Classical Female Ensemble+	/Library/Application Support/Logic/Sampler Instruments/09 Orchestral/08 Choir/Classical Female Ensemble+.exs
Logic	exs	Classical Female Ensemble	/Library/Application Support/Logic/Sampler Instruments/09 Orchestral/08 Choir/Classical Female Ensemble.exs
Logic	exs	Classical Female Swells	/Library/Application Support/Logic/Sampler Instruments/09 Orchestral/08 Choir/Classical Female Swells.exs
Logic	exs	Classical Male Ensemble+	/Library/Application Support/Logic/Sampler Instruments/09 Orchestral/08 Choir/Classical Male Ensemble+.exs
Logic	exs	Classical Male Ensemble	/Library/Application Support/Logic/Sampler Instruments/09 Orchestral/08 Choir/Classical Male Ensemble.exs
Logic	exs	Classical Male Swells	/Library/Application Support/Logic/Sampler Instruments/09 Orchestral/08 Choir/Classical Male Swells.exs
Logic	exs	Gospel Ensemble Swells	/Library/Application Support/Logic/Sampler Instruments/09 Orchestral/08 Choir/Gospel Ensemble Swells.exs
Logic	exs	Gospel Ensemble+	/Library/Application Support/Logic/Sampler Instruments/09 Orchestral/08 Choir/Gospel Ensemble+.exs
Logic	exs	Gospel Ensemble	/Library/Application Support/Logic/Sampler Instruments/09 Orchestral/08 Choir/Gospel Ensemble.exs
Logic	exs	Gospel Voice Effects+	/Library/Application Support/Logic/Sampler Instruments/09 Orchestral/08 Choir/Gospel Voice Effects+.exs
Logic	exs	Gospel Voice Effects	/Library/Application Support/Logic/Sampler Instruments/09 Orchestral/08 Choir/Gospel Voice Effects.exs
Logic	exs	Gregorian Ensemble Swells	/Library/Application Support/Logic/Sampler Instruments/09 Orchestral/08 Choir/Gregorian Ensemble Swells.exs
Logic	exs	Gregorian Ensemble	/Library/Application Support/Logic/Sampler Instruments/09 Orchestral/08 Choir/Gregorian Ensemble.exs
Logic	exs	Mixed Choir	/Library/Application Support/Logic/Sampler Instruments/09 Orchestral/08 Choir/Mixed Choir.exs
Logic	exs	Basses Legato	/Library/Application Support/Logic/Sampler Instruments/09 Orchestral/09 Strings/Basses Legato.exs
Logic	exs	Basses Pizzicato	/Library/Application Support/Logic/Sampler Instruments/09 Orchestral/09 Strings/Basses Pizzicato.exs
Logic	exs	Basses Staccato	/Library/Application Support/Logic/Sampler Instruments/09 Orchestral/09 Strings/Basses Staccato.exs
Logic	exs	Basses Tremolo	/Library/Application Support/Logic/Sampler Instruments/09 Orchestral/09 Strings/Basses Tremolo.exs
Logic	exs	Basses Trill 1	/Library/Application Support/Logic/Sampler Instruments/09 Orchestral/09 Strings/Basses Trill 1.exs
Logic	exs	Basses Trill 2	/Library/Application Support/Logic/Sampler Instruments/09 Orchestral/09 Strings/Basses Trill 2.exs
Logic	exs	Basses+	/Library/Application Support/Logic/Sampler Instruments/09 Orchestral/09 Strings/Basses+.exs
Logic	exs	Basses	/Library/Application Support/Logic/Sampler Instruments/09 Orchestral/09 Strings/Basses.exs
Logic	exs	Cellos Legato	/Library/Application Support/Logic/Sampler Instruments/09 Orchestral/09 Strings/Cellos Legato.exs
Logic	exs	Cellos Pizzicato	/Library/Application Support/Logic/Sampler Instruments/09 Orchestral/09 Strings/Cellos Pizzicato.exs
Logic	exs	Cellos Staccato	/Library/Application Support/Logic/Sampler Instruments/09 Orchestral/09 Strings/Cellos Staccato.exs
Logic	exs	Cellos Tremolo	/Library/Application Support/Logic/Sampler Instruments/09 Orchestral/09 Strings/Cellos Tremolo.exs
Logic	exs	Cellos Trill 1	/Library/Application Support/Logic/Sampler Instruments/09 Orchestral/09 Strings/Cellos Trill 1.exs
Logic	exs	Cellos Trill 2	/Library/Application Support/Logic/Sampler Instruments/09 Orchestral/09 Strings/Cellos Trill 2.exs
Logic	exs	Cellos+	/Library/Application Support/Logic/Sampler Instruments/09 Orchestral/09 Strings/Cellos+.exs
Logic	exs	Cellos	/Library/Application Support/Logic/Sampler Instruments/09 Orchestral/09 Strings/Cellos.exs
Logic	exs	Deep Bass	/Library/Application Support/Logic/Sampler Instruments/09 Orchestral/09 Strings/Deep Bass.exs
Logic	exs	Full Strings Legato	/Library/Application Support/Logic/Sampler Instruments/09 Orchestral/09 Strings/Full Strings Legato.exs
Logic	exs	Full Strings Pizzicato	/Library/Application Support/Logic/Sampler Instruments/09 Orchestral/09 Strings/Full Strings Pizzicato.exs
Logic	exs	Full Strings Staccato	/Library/Application Support/Logic/Sampler Instruments/09 Orchestral/09 Strings/Full Strings Staccato.exs
Logic	exs	Full Strings Tremolo	/Library/Application Support/Logic/Sampler Instruments/09 Orchestral/09 Strings/Full Strings Tremolo.exs
Logic	exs	Full Strings Trill 1	/Library/Application Support/Logic/Sampler Instruments/09 Orchestral/09 Strings/Full Strings Trill 1.exs
Logic	exs	Full Strings Trill 2	/Library/Application Support/Logic/Sampler Instruments/09 Orchestral/09 Strings/Full Strings Trill 2.exs
Logic	exs	Full Strings+	/Library/Application Support/Logic/Sampler Instruments/09 Orchestral/09 Strings/Full Strings+.exs
Logic	exs	Full Strings	/Library/Application Support/Logic/Sampler Instruments/09 Orchestral/09 Strings/Full Strings.exs
Logic	exs	String Ensemble	/Library/Application Support/Logic/Sampler Instruments/09 Orchestral/09 Strings/String Ensemble.exs
Logic	exs	Strings	/Library/Application Support/Logic/Sampler Instruments/09 Orchestral/09 Strings/Strings.exs
Logic	exs	Violas Legato	/Library/Application Support/Logic/Sampler Instruments/09 Orchestral/09 Strings/Violas Legato.exs
Logic	exs	Violas Pizzicato	/Library/Application Support/Logic/Sampler Instruments/09 Orchestral/09 Strings/Violas Pizzicato.exs
Logic	exs	Violas Staccato	/Library/Application Support/Logic/Sampler Instruments/09 Orchestral/09 Strings/Violas Staccato.exs
Logic	exs	Violas Tremolo	/Library/Application Support/Logic/Sampler Instruments/09 Orchestral/09 Strings/Violas Tremolo.exs
Logic	exs	Violas Trill 1	/Library/Application Support/Logic/Sampler Instruments/09 Orchestral/09 Strings/Violas Trill 1.exs
Logic	exs	Violas Trill 2	/Library/Application Support/Logic/Sampler Instruments/09 Orchestral/09 Strings/Violas Trill 2.exs
Logic	exs	Violas+	/Library/Application Support/Logic/Sampler Instruments/09 Orchestral/09 Strings/Violas+.exs
Logic	exs	Violas	/Library/Application Support/Logic/Sampler Instruments/09 Orchestral/09 Strings/Violas.exs
Logic	exs	Violins 1 Legato	/Library/Application Support/Logic/Sampler Instruments/09 Orchestral/09 Strings/Violins 1 Legato.exs
Logic	exs	Violins 1 Pizzicato	/Library/Application Support/Logic/Sampler Instruments/09 Orchestral/09 Strings/Violins 1 Pizzicato.exs
Logic	exs	Violins 1 Staccato	/Library/Application Support/Logic/Sampler Instruments/09 Orchestral/09 Strings/Violins 1 Staccato.exs
Logic	exs	Violins 1 Tremolo	/Library/Application Support/Logic/Sampler Instruments/09 Orchestral/09 Strings/Violins 1 Tremolo.exs
Logic	exs	Violins 1 Trill 1	/Library/Application Support/Logic/Sampler Instruments/09 Orchestral/09 Strings/Violins 1 Trill 1.exs
Logic	exs	Violins 1 Trill 2	/Library/Application Support/Logic/Sampler Instruments/09 Orchestral/09 Strings/Violins 1 Trill 2.exs
Logic	exs	Violins 1+	/Library/Application Support/Logic/Sampler Instruments/09 Orchestral/09 Strings/Violins 1+.exs
Logic	exs	Violins 1	/Library/Application Support/Logic/Sampler Instruments/09 Orchestral/09 Strings/Violins 1.exs
Logic	exs	Violins 2 Legato	/Library/Application Support/Logic/Sampler Instruments/09 Orchestral/09 Strings/Violins 2 Legato.exs
Logic	exs	Violins 2 Pizzicato	/Library/Application Support/Logic/Sampler Instruments/09 Orchestral/09 Strings/Violins 2 Pizzicato.exs
Logic	exs	Violins 2 Staccato	/Library/Application Support/Logic/Sampler Instruments/09 Orchestral/09 Strings/Violins 2 Staccato.exs
Logic	exs	Violins 2 Tremolo	/Library/Application Support/Logic/Sampler Instruments/09 Orchestral/09 Strings/Violins 2 Tremolo.exs
Logic	exs	Violins 2 Trill 1	/Library/Application Support/Logic/Sampler Instruments/09 Orchestral/09 Strings/Violins 2 Trill 1.exs
Logic	exs	Violins 2 Trill 2	/Library/Application Support/Logic/Sampler Instruments/09 Orchestral/09 Strings/Violins 2 Trill 2.exs
Logic	exs	Violins 2+	/Library/Application Support/Logic/Sampler Instruments/09 Orchestral/09 Strings/Violins 2+.exs
Logic	exs	Violins 2	/Library/Application Support/Logic/Sampler Instruments/09 Orchestral/09 Strings/Violins 2.exs
Logic	exs	African Kalimba	/Library/Application Support/Logic/Sampler Instruments/10 World/01 African/African Kalimba.exs
Logic	exs	African Kit	/Library/Application Support/Logic/Sampler Instruments/10 World/01 African/African Kit.exs
Logic	exs	African Marimba	/Library/Application Support/Logic/Sampler Instruments/10 World/01 African/African Marimba.exs
Logic	exs	South African Singers+	/Library/Application Support/Logic/Sampler Instruments/10 World/01 African/South African Singers+.exs
Logic	exs	South African Singers	/Library/Application Support/Logic/Sampler Instruments/10 World/01 African/South African Singers.exs
Logic	exs	South African Voice Effects+	/Library/Application Support/Logic/Sampler Instruments/10 World/01 African/South African Voice Effects+.exs
Logic	exs	South African Voice Effects	/Library/Application Support/Logic/Sampler Instruments/10 World/01 African/South African Voice Effects.exs
Logic	exs	Asian Kit	/Library/Application Support/Logic/Sampler Instruments/10 World/02 Asian/Asian Kit.exs
Logic	exs	Chinese Di Zi Flute+	/Library/Application Support/Logic/Sampler Instruments/10 World/02 Asian/Chinese Di Zi Flute+.exs
Logic	exs	Chinese Di Zi Flute	/Library/Application Support/Logic/Sampler Instruments/10 World/02 Asian/Chinese Di Zi Flute.exs
Logic	exs	Chinese Erhu Violin+	/Library/Application Support/Logic/Sampler Instruments/10 World/02 Asian/Chinese Erhu Violin+.exs
Logic	exs	Chinese Erhu Violin	/Library/Application Support/Logic/Sampler Instruments/10 World/02 Asian/Chinese Erhu Violin.exs
Logic	exs	Chinese Guzheng Zither+	/Library/Application Support/Logic/Sampler Instruments/10 World/02 Asian/Chinese Guzheng Zither+.exs
Logic	exs	Chinese Ruan Moon Guitar+	/Library/Application Support/Logic/Sampler Instruments/10 World/02 Asian/Chinese Ruan Moon Guitar+.exs
Logic	exs	Chinese Ruan Moon Guitar	/Library/Application Support/Logic/Sampler Instruments/10 World/02 Asian/Chinese Ruan Moon Guitar.exs
Logic	exs	Chinese Xiao Flute+	/Library/Application Support/Logic/Sampler Instruments/10 World/02 Asian/Chinese Xiao Flute+.exs
Logic	exs	Chinese Xiao Flute	/Library/Application Support/Logic/Sampler Instruments/10 World/02 Asian/Chinese Xiao Flute.exs
Logic	exs	Japanese Koto+	/Library/Application Support/Logic/Sampler Instruments/10 World/02 Asian/Japanese Koto+.exs
Logic	exs	Japanese Koto	/Library/Application Support/Logic/Sampler Instruments/10 World/02 Asian/Japanese Koto.exs
Logic	exs	Japanese Shakuhachi Flute+	/Library/Application Support/Logic/Sampler Instruments/10 World/02 Asian/Japanese Shakuhachi Flute+.exs
Logic	exs	Japanese Shakuhachi Flute	/Library/Application Support/Logic/Sampler Instruments/10 World/02 Asian/Japanese Shakuhachi Flute.exs
Logic	exs	Tibetan Singing Bowls	/Library/Application Support/Logic/Sampler Instruments/10 World/02 Asian/Tibetan Singing Bowls.exs
Logic	exs	Afro-Cuban Piano	/Library/Application Support/Logic/Sampler Instruments/10 World/03 Caribbean/Afro-Cuban Piano.exs
Logic	exs	Caribbean Steel Drums+	/Library/Application Support/Logic/Sampler Instruments/10 World/03 Caribbean/Caribbean Steel Drums+.exs
Logic	exs	Caribbean Steel Drums	/Library/Application Support/Logic/Sampler Instruments/10 World/03 Caribbean/Caribbean Steel Drums.exs
Logic	exs	Celtic Hammered Dulcimer+	/Library/Application Support/Logic/Sampler Instruments/10 World/04 European/Celtic Hammered Dulcimer+.exs
Logic	exs	Celtic Hammered Dulcimer	/Library/Application Support/Logic/Sampler Instruments/10 World/04 European/Celtic Hammered Dulcimer.exs
Logic	exs	Celtic Harp	/Library/Application Support/Logic/Sampler Instruments/10 World/04 European/Celtic Harp.exs
Logic	exs	Celtic Tin Whistle+	/Library/Application Support/Logic/Sampler Instruments/10 World/04 European/Celtic Tin Whistle+.exs
Logic	exs	Celtic Tin Whistle	/Library/Application Support/Logic/Sampler Instruments/10 World/04 European/Celtic Tin Whistle.exs
Logic	exs	European Folk Kit	/Library/Application Support/Logic/Sampler Instruments/10 World/04 European/European Folk Kit.exs
Logic	exs	Highlands Bagpipe Ensemble	/Library/Application Support/Logic/Sampler Instruments/10 World/04 European/Highlands Bagpipe Ensemble.exs
Logic	exs	Irish Bouzouki+	/Library/Application Support/Logic/Sampler Instruments/10 World/04 European/Irish Bouzouki+.exs
Logic	exs	Irish Bouzouki	/Library/Application Support/Logic/Sampler Instruments/10 World/04 European/Irish Bouzouki.exs
Logic	exs	Irish Fiddle	/Library/Application Support/Logic/Sampler Instruments/10 World/04 European/Irish Fiddle.exs
Logic	exs	Medieval Lute	/Library/Application Support/Logic/Sampler Instruments/10 World/04 European/Medieval Lute.exs
Logic	exs	Medieval Recorder+	/Library/Application Support/Logic/Sampler Instruments/10 World/04 European/Medieval Recorder+.exs
Logic	exs	Medieval Recorder	/Library/Application Support/Logic/Sampler Instruments/10 World/04 European/Medieval Recorder.exs
Logic	exs	Metal Drum Palm	/Library/Application Support/Logic/Sampler Instruments/10 World/04 European/Metal Drum Palm.exs
Logic	exs	Metal Drum Ping	/Library/Application Support/Logic/Sampler Instruments/10 World/04 European/Metal Drum Ping.exs
Logic	exs	Metal Drum Slap	/Library/Application Support/Logic/Sampler Instruments/10 World/04 European/Metal Drum Slap.exs
Logic	exs	Polka Accordion	/Library/Application Support/Logic/Sampler Instruments/10 World/04 European/Polka Accordion.exs
Logic	exs	Russian Balalaika+	/Library/Application Support/Logic/Sampler Instruments/10 World/04 European/Russian Balalaika+.exs
Logic	exs	Russian Balalaika	/Library/Application Support/Logic/Sampler Instruments/10 World/04 European/Russian Balalaika.exs
Logic	exs	Tango Accordion	/Library/Application Support/Logic/Sampler Instruments/10 World/04 European/Tango Accordion.exs
Logic	exs	Whistler	/Library/Application Support/Logic/Sampler Instruments/10 World/04 European/Whistler.exs
Logic	exs	Eastern Solo	/Library/Application Support/Logic/Sampler Instruments/10 World/05 Middle Eastern/Eastern Solo.exs
Logic	exs	Persian Santoor+	/Library/Application Support/Logic/Sampler Instruments/10 World/05 Middle Eastern/Persian Santoor+.exs
Logic	exs	Persian Santoor	/Library/Application Support/Logic/Sampler Instruments/10 World/05 Middle Eastern/Persian Santoor.exs
Logic	exs	Turkish Oud Lute+	/Library/Application Support/Logic/Sampler Instruments/10 World/05 Middle Eastern/Turkish Oud Lute+.exs
Logic	exs	Turkish Oud Lute	/Library/Application Support/Logic/Sampler Instruments/10 World/05 Middle Eastern/Turkish Oud Lute.exs
Logic	exs	Turkish Saz Zither	/Library/Application Support/Logic/Sampler Instruments/10 World/05 Middle Eastern/Turkish Saz Zither.exs
Logic	exs	Native American Flute+	/Library/Application Support/Logic/Sampler Instruments/10 World/06 North American/Native American Flute+.exs
Logic	exs	Native American Flute	/Library/Application Support/Logic/Sampler Instruments/10 World/06 North American/Native American Flute.exs
Logic	exs	Latin Baby Bass	/Library/Application Support/Logic/Sampler Instruments/10 World/07 South American/Latin Baby Bass.exs
Logic	exs	Latin Kit	/Library/Application Support/Logic/Sampler Instruments/10 World/07 South American/Latin Kit.exs
Logic	exs	Mexican Guitarron	/Library/Application Support/Logic/Sampler Instruments/10 World/07 South American/Mexican Guitarron.exs
Logic	exs	Peruvian Panpipes+	/Library/Application Support/Logic/Sampler Instruments/10 World/07 South American/Peruvian Panpipes+.exs
Logic	exs	Peruvian Panpipes	/Library/Application Support/Logic/Sampler Instruments/10 World/07 South American/Peruvian Panpipes.exs
Logic	exs	Spanish Flamenco Guitar+	/Library/Application Support/Logic/Sampler Instruments/10 World/07 South American/Spanish Flamenco Guitar+.exs
Logic	exs	Spanish Flamenco Guitar	/Library/Application Support/Logic/Sampler Instruments/10 World/07 South American/Spanish Flamenco Guitar.exs
Logic	exs	Indian & Middle Eastern Kit	/Library/Application Support/Logic/Sampler Instruments/10 World/08 South Asian/Indian & Middle Eastern Kit.exs
Logic	exs	Indian Bansuri Flute+	/Library/Application Support/Logic/Sampler Instruments/10 World/08 South Asian/Indian Bansuri Flute+.exs
Logic	exs	Indian Bansuri Flute	/Library/Application Support/Logic/Sampler Instruments/10 World/08 South Asian/Indian Bansuri Flute.exs
Logic	exs	Indian Shehnai Oboe+	/Library/Application Support/Logic/Sampler Instruments/10 World/08 South Asian/Indian Shehnai Oboe+.exs
Logic	exs	Indian Shehnai Oboe	/Library/Application Support/Logic/Sampler Instruments/10 World/08 South Asian/Indian Shehnai Oboe.exs
Logic	exs	Indian Sitar	/Library/Application Support/Logic/Sampler Instruments/10 World/08 South Asian/Indian Sitar.exs
Logic	exs	Indonesian Gamelan Gongs+	/Library/Application Support/Logic/Sampler Instruments/10 World/09 Southeast Asian/Indonesian Gamelan Gongs+.exs
Logic	exs	Indonesian Gamelan Gongs	/Library/Application Support/Logic/Sampler Instruments/10 World/09 Southeast Asian/Indonesian Gamelan Gongs.exs
Logic	exs	Indonesian Gamelan+	/Library/Application Support/Logic/Sampler Instruments/10 World/09 Southeast Asian/Indonesian Gamelan+.exs
Logic	exs	Indonesian Gamelan	/Library/Application Support/Logic/Sampler Instruments/10 World/09 Southeast Asian/Indonesian Gamelan.exs
Logic	exs	Ambient Fx 1	/Library/Application Support/Logic/Sampler Instruments/11 Textures/01 Cinematic Textures/Ambient Fx 1.exs
Logic	exs	Ambient Fx 2	/Library/Application Support/Logic/Sampler Instruments/11 Textures/01 Cinematic Textures/Ambient Fx 2.exs
Logic	exs	Ambient Fx 3	/Library/Application Support/Logic/Sampler Instruments/11 Textures/01 Cinematic Textures/Ambient Fx 3.exs
Logic	exs	Ambient Fx 4	/Library/Application Support/Logic/Sampler Instruments/11 Textures/01 Cinematic Textures/Ambient Fx 4.exs
Logic	exs	Ambient Fx 5	/Library/Application Support/Logic/Sampler Instruments/11 Textures/01 Cinematic Textures/Ambient Fx 5.exs
Logic	exs	Ambient Fx 6	/Library/Application Support/Logic/Sampler Instruments/11 Textures/01 Cinematic Textures/Ambient Fx 6.exs
Logic	exs	Ambient Fx 7	/Library/Application Support/Logic/Sampler Instruments/11 Textures/01 Cinematic Textures/Ambient Fx 7.exs
Logic	exs	Atmospheric FX	/Library/Application Support/Logic/Sampler Instruments/11 Textures/01 Cinematic Textures/Atmospheric FX.exs
Logic	exs	Beam Up	/Library/Application Support/Logic/Sampler Instruments/11 Textures/01 Cinematic Textures/Beam Up.exs
Logic	exs	Big Bang	/Library/Application Support/Logic/Sampler Instruments/11 Textures/01 Cinematic Textures/Big Bang.exs
Logic	exs	Bubbles 1	/Library/Application Support/Logic/Sampler Instruments/11 Textures/01 Cinematic Textures/Bubbles 1.exs
Logic	exs	Bubbles 2	/Library/Application Support/Logic/Sampler Instruments/11 Textures/01 Cinematic Textures/Bubbles 2.exs
Logic	exs	Bubbles 3	/Library/Application Support/Logic/Sampler Instruments/11 Textures/01 Cinematic Textures/Bubbles 3.exs
Logic	exs	Bubbles 4	/Library/Application Support/Logic/Sampler Instruments/11 Textures/01 Cinematic Textures/Bubbles 4.exs
Logic	exs	DiveFX3	/Library/Application Support/Logic/Sampler Instruments/11 Textures/01 Cinematic Textures/DiveFX3.exs
Logic	exs	DiveFX5	/Library/Application Support/Logic/Sampler Instruments/11 Textures/01 Cinematic Textures/DiveFX5.exs
Logic	exs	Fireball Decay	/Library/Application Support/Logic/Sampler Instruments/11 Textures/01 Cinematic Textures/Fireball Decay.exs
Logic	exs	Rush 3	/Library/Application Support/Logic/Sampler Instruments/11 Textures/01 Cinematic Textures/Rush 3.exs
Logic	exs	SFX Kit	/Library/Application Support/Logic/Sampler Instruments/11 Textures/01 Cinematic Textures/SFX Kit.exs
Logic	exs	Sound FX	/Library/Application Support/Logic/Sampler Instruments/11 Textures/01 Cinematic Textures/Sound FX.exs
Logic	exs	Supergrain 4	/Library/Application Support/Logic/Sampler Instruments/11 Textures/01 Cinematic Textures/Supergrain 4.exs
Logic	exs	Supergrain 5	/Library/Application Support/Logic/Sampler Instruments/11 Textures/01 Cinematic Textures/Supergrain 5.exs
Logic	exs	Supergrain 8	/Library/Application Support/Logic/Sampler Instruments/11 Textures/01 Cinematic Textures/Supergrain 8.exs
Logic	exs	SweepFX1	/Library/Application Support/Logic/Sampler Instruments/11 Textures/01 Cinematic Textures/SweepFX1.exs
Logic	exs	SweepFX3	/Library/Application Support/Logic/Sampler Instruments/11 Textures/01 Cinematic Textures/SweepFX3.exs
Logic	exs	SweepFX4	/Library/Application Support/Logic/Sampler Instruments/11 Textures/01 Cinematic Textures/SweepFX4.exs
Logic	exs	SweepFX5	/Library/Application Support/Logic/Sampler Instruments/11 Textures/01 Cinematic Textures/SweepFX5.exs
Logic	exs	SweepFX6	/Library/Application Support/Logic/Sampler Instruments/11 Textures/01 Cinematic Textures/SweepFX6.exs
Logic	exs	SweepFX8	/Library/Application Support/Logic/Sampler Instruments/11 Textures/01 Cinematic Textures/SweepFX8.exs
Logic	exs	The Drifter	/Library/Application Support/Logic/Sampler Instruments/11 Textures/01 Cinematic Textures/The Drifter.exs
Logic	exs	Tiny Rowing Boat	/Library/Application Support/Logic/Sampler Instruments/11 Textures/01 Cinematic Textures/Tiny Rowing Boat.exs
Logic	exs	Transition FX	/Library/Application Support/Logic/Sampler Instruments/11 Textures/01 Cinematic Textures/Transition FX.exs
Logic	exs	TransitionFX1	/Library/Application Support/Logic/Sampler Instruments/11 Textures/01 Cinematic Textures/TransitionFX1.exs
Logic	exs	TransitionFX2	/Library/Application Support/Logic/Sampler Instruments/11 Textures/01 Cinematic Textures/TransitionFX2.exs
Logic	exs	TransitionFX3	/Library/Application Support/Logic/Sampler Instruments/11 Textures/01 Cinematic Textures/TransitionFX3.exs
Logic	exs	TransitionFX4	/Library/Application Support/Logic/Sampler Instruments/11 Textures/01 Cinematic Textures/TransitionFX4.exs
Logic	exs	TransitionFX5	/Library/Application Support/Logic/Sampler Instruments/11 Textures/01 Cinematic Textures/TransitionFX5.exs
Logic	exs	TransitionFX7	/Library/Application Support/Logic/Sampler Instruments/11 Textures/01 Cinematic Textures/TransitionFX7.exs
Logic	exs	Applause and Laugher	/Library/Application Support/Logic/Sampler Instruments/11 Textures/02 Ambient Environments/Applause and Laugher.exs
Logic	exs	City & Traffic Bank	/Library/Application Support/Logic/Sampler Instruments/11 Textures/02 Ambient Environments/City & Traffic Bank.exs
Logic	exs	Comedy Noises	/Library/Application Support/Logic/Sampler Instruments/11 Textures/02 Ambient Environments/Comedy Noises.exs
Logic	exs	Dive Effects Bank	/Library/Application Support/Logic/Sampler Instruments/11 Textures/02 Ambient Environments/Dive Effects Bank.exs
Logic	exs	Environments Bank	/Library/Application Support/Logic/Sampler Instruments/11 Textures/02 Ambient Environments/Environments Bank.exs
Logic	exs	Forrest Crickets	/Library/Application Support/Logic/Sampler Instruments/11 Textures/02 Ambient Environments/Forrest Crickets.exs
Logic	exs	Nature Sounds	/Library/Application Support/Logic/Sampler Instruments/11 Textures/02 Ambient Environments/Nature Sounds.exs
Logic	exs	People in Roma	/Library/Application Support/Logic/Sampler Instruments/11 Textures/02 Ambient Environments/People in Roma.exs
Logic	exs	Radio Sounds	/Library/Application Support/Logic/Sampler Instruments/11 Textures/02 Ambient Environments/Radio Sounds.exs
Logic	exs	Sweep Effects	/Library/Application Support/Logic/Sampler Instruments/11 Textures/02 Ambient Environments/Sweep Effects.exs
Logic	exs	The Alm	/Library/Application Support/Logic/Sampler Instruments/11 Textures/02 Ambient Environments/The Alm.exs
Logic	exs	Thunder 2	/Library/Application Support/Logic/Sampler Instruments/11 Textures/02 Ambient Environments/Thunder 2.exs
Logic	exs	Thunder	/Library/Application Support/Logic/Sampler Instruments/11 Textures/02 Ambient Environments/Thunder.exs
Logic	exs	Town Ambient	/Library/Application Support/Logic/Sampler Instruments/11 Textures/02 Ambient Environments/Town Ambient.exs
Logic	exs	Vocal Shout Effects	/Library/Application Support/Logic/Sampler Instruments/11 Textures/02 Ambient Environments/Vocal Shout Effects.exs
Logic	exs	Vocal Shouts	/Library/Application Support/Logic/Sampler Instruments/11 Textures/02 Ambient Environments/Vocal Shouts.exs
Logic	exs	Antigravity	/Library/Application Support/Logic/Sampler Instruments/11 Textures/Drones/Antigravity.exs
Logic	exs	Arcing Drone	/Library/Application Support/Logic/Sampler Instruments/11 Textures/Drones/Arcing Drone.exs
Logic	exs	Ascending Waves	/Library/Application Support/Logic/Sampler Instruments/11 Textures/Drones/Ascending Waves.exs
Logic	exs	Behold	/Library/Application Support/Logic/Sampler Instruments/11 Textures/Drones/Behold.exs
Logic	exs	Between Choir	/Library/Application Support/Logic/Sampler Instruments/11 Textures/Drones/Between Choir.exs
Logic	exs	Building Pressure	/Library/Application Support/Logic/Sampler Instruments/11 Textures/Drones/Building Pressure.exs
Logic	exs	Cosmology	/Library/Application Support/Logic/Sampler Instruments/11 Textures/Drones/Cosmology.exs
Logic	exs	Dark Woods	/Library/Application Support/Logic/Sampler Instruments/11 Textures/Drones/Dark Woods.exs
Logic	exs	Darkened Tremolo	/Library/Application Support/Logic/Sampler Instruments/11 Textures/Drones/Darkened Tremolo.exs
Logic	exs	Dreamscape	/Library/Application Support/Logic/Sampler Instruments/11 Textures/Drones/Dreamscape.exs
Logic	exs	Droning Orb	/Library/Application Support/Logic/Sampler Instruments/11 Textures/Drones/Droning Orb.exs
Logic	exs	Edgy Cycles	/Library/Application Support/Logic/Sampler Instruments/11 Textures/Drones/Edgy Cycles.exs
Logic	exs	Entranced	/Library/Application Support/Logic/Sampler Instruments/11 Textures/Drones/Entranced.exs
Logic	exs	Erosion	/Library/Application Support/Logic/Sampler Instruments/11 Textures/Drones/Erosion.exs
Logic	exs	Ethereal World	/Library/Application Support/Logic/Sampler Instruments/11 Textures/Drones/Ethereal World.exs
Logic	exs	Expansion	/Library/Application Support/Logic/Sampler Instruments/11 Textures/Drones/Expansion.exs
Logic	exs	Gamelan Glow	/Library/Application Support/Logic/Sampler Instruments/11 Textures/Drones/Gamelan Glow.exs
Logic	exs	Glimmer	/Library/Application Support/Logic/Sampler Instruments/11 Textures/Drones/Glimmer.exs
Logic	exs	Lucid Dream	/Library/Application Support/Logic/Sampler Instruments/11 Textures/Drones/Lucid Dream.exs
Logic	exs	Luminous Decay	/Library/Application Support/Logic/Sampler Instruments/11 Textures/Drones/Luminous Decay.exs
Logic	exs	Massive Bells	/Library/Application Support/Logic/Sampler Instruments/11 Textures/Drones/Massive Bells.exs
Logic	exs	Massive Buzz	/Library/Application Support/Logic/Sampler Instruments/11 Textures/Drones/Massive Buzz.exs
Logic	exs	Moving Fog	/Library/Application Support/Logic/Sampler Instruments/11 Textures/Drones/Moving Fog.exs
Logic	exs	Opening Channel	/Library/Application Support/Logic/Sampler Instruments/11 Textures/Drones/Opening Channel.exs
Logic	exs	Organum	/Library/Application Support/Logic/Sampler Instruments/11 Textures/Drones/Organum.exs
Logic	exs	Outburst	/Library/Application Support/Logic/Sampler Instruments/11 Textures/Drones/Outburst.exs
Logic	exs	Plasma Conduit	/Library/Application Support/Logic/Sampler Instruments/11 Textures/Drones/Plasma Conduit.exs
Logic	exs	Pressured Organ	/Library/Application Support/Logic/Sampler Instruments/11 Textures/Drones/Pressured Organ.exs
Logic	exs	Radiant Guitar	/Library/Application Support/Logic/Sampler Instruments/11 Textures/Drones/Radiant Guitar.exs
Logic	exs	Radio Waves	/Library/Application Support/Logic/Sampler Instruments/11 Textures/Drones/Radio Waves.exs
Logic	exs	Shadow Guitar	/Library/Application Support/Logic/Sampler Instruments/11 Textures/Drones/Shadow Guitar.exs
Logic	exs	Snowflakes	/Library/Application Support/Logic/Sampler Instruments/11 Textures/Drones/Snowflakes.exs
Logic	exs	Soft Radiance	/Library/Application Support/Logic/Sampler Instruments/11 Textures/Drones/Soft Radiance.exs
Logic	exs	Solemnis	/Library/Application Support/Logic/Sampler Instruments/11 Textures/Drones/Solemnis.exs
Logic	exs	Spellbound	/Library/Application Support/Logic/Sampler Instruments/11 Textures/Drones/Spellbound.exs
Logic	exs	Spoken Wind	/Library/Application Support/Logic/Sampler Instruments/11 Textures/Drones/Spoken Wind.exs
Logic	exs	Spreading Rain	/Library/Application Support/Logic/Sampler Instruments/11 Textures/Drones/Spreading Rain.exs
Logic	exs	Still Moment	/Library/Application Support/Logic/Sampler Instruments/11 Textures/Drones/Still Moment.exs
Logic	exs	Sublime Pattern	/Library/Application Support/Logic/Sampler Instruments/11 Textures/Drones/Sublime Pattern.exs
Logic	exs	Swelling Pattern	/Library/Application Support/Logic/Sampler Instruments/11 Textures/Drones/Swelling Pattern.exs
Logic	exs	Temptation	/Library/Application Support/Logic/Sampler Instruments/11 Textures/Drones/Temptation.exs
Logic	exs	Tranquility	/Library/Application Support/Logic/Sampler Instruments/11 Textures/Drones/Tranquility.exs
Logic	exs	Unknown Origins	/Library/Application Support/Logic/Sampler Instruments/11 Textures/Drones/Unknown Origins.exs
Logic	exs	Airy Stab	/Library/Application Support/Logic/Sampler Instruments/11 Textures/FX/Airy Stab.exs
Logic	exs	Bleep Chiff	/Library/Application Support/Logic/Sampler Instruments/11 Textures/FX/Bleep Chiff.exs
Logic	exs	Clicky Pop	/Library/Application Support/Logic/Sampler Instruments/11 Textures/FX/Clicky Pop.exs
Logic	exs	Disruptive Burst	/Library/Application Support/Logic/Sampler Instruments/11 Textures/FX/Disruptive Burst.exs
Logic	exs	Electric Chiff	/Library/Application Support/Logic/Sampler Instruments/11 Textures/FX/Electric Chiff.exs
Logic	exs	Electric Stab	/Library/Application Support/Logic/Sampler Instruments/11 Textures/FX/Electric Stab.exs
Logic	exs	Filtered Hit	/Library/Application Support/Logic/Sampler Instruments/11 Textures/FX/Filtered Hit.exs
Logic	exs	Gritty Stab	/Library/Application Support/Logic/Sampler Instruments/11 Textures/FX/Gritty Stab.exs
Logic	exs	Hat Hit	/Library/Application Support/Logic/Sampler Instruments/11 Textures/FX/Hat Hit.exs
Logic	exs	Laser Pulse	/Library/Application Support/Logic/Sampler Instruments/11 Textures/FX/Laser Pulse.exs
Logic	exs	Machine Burst	/Library/Application Support/Logic/Sampler Instruments/11 Textures/FX/Machine Burst.exs
Logic	exs	Metal Blast	/Library/Application Support/Logic/Sampler Instruments/11 Textures/FX/Metal Blast.exs
Logic	exs	Picked Edge Bass	/Library/Application Support/Logic/Sampler Instruments/11 Textures/FX/Picked Edge Bass.exs
Logic	exs	Shot Pulse	/Library/Application Support/Logic/Sampler Instruments/11 Textures/FX/Shot Pulse.exs
Logic	exs	Shotgun	/Library/Application Support/Logic/Sampler Instruments/11 Textures/FX/Shotgun.exs
Logic	exs	Shuffle	/Library/Application Support/Logic/Sampler Instruments/11 Textures/FX/Shuffle.exs
Logic	exs	Square Clip	/Library/Application Support/Logic/Sampler Instruments/11 Textures/FX/Square Clip.exs
Logic	exs	Trailer FX 2	/Library/Application Support/Logic/Sampler Instruments/11 Textures/FX/Trailer FX 2.exs
Logic	exs	Trailer FX 3	/Library/Application Support/Logic/Sampler Instruments/11 Textures/FX/Trailer FX 3.exs
Logic	exs	Trailer FX1	/Library/Application Support/Logic/Sampler Instruments/11 Textures/FX/Trailer FX1.exs
Logic	exs	Transmitter Stab	/Library/Application Support/Logic/Sampler Instruments/11 Textures/FX/Transmitter Stab.exs
Logic	exs	16mm Dream Sequence	/Library/Application Support/Logic/Sampler Instruments/11 Textures/Pads/16mm Dream Sequence.exs
Logic	exs	Billow Pad	/Library/Application Support/Logic/Sampler Instruments/11 Textures/Pads/Billow Pad.exs
Logic	exs	Cavernous Pad	/Library/Application Support/Logic/Sampler Instruments/11 Textures/Pads/Cavernous Pad.exs
Logic	exs	Discovery Pad	/Library/Application Support/Logic/Sampler Instruments/11 Textures/Pads/Discovery Pad.exs
Logic	exs	Electric String	/Library/Application Support/Logic/Sampler Instruments/11 Textures/Pads/Electric String.exs
Logic	exs	Electrified Winds	/Library/Application Support/Logic/Sampler Instruments/11 Textures/Pads/Electrified Winds.exs
Logic	exs	Light Pillars	/Library/Application Support/Logic/Sampler Instruments/11 Textures/Pads/Light Pillars.exs
Logic	exs	Momentum Pad	/Library/Application Support/Logic/Sampler Instruments/11 Textures/Pads/Momentum Pad.exs
Logic	exs	No Other Pad	/Library/Application Support/Logic/Sampler Instruments/11 Textures/Pads/No Other Pad.exs
Logic	exs	Overblown Pad	/Library/Application Support/Logic/Sampler Instruments/11 Textures/Pads/Overblown Pad.exs
Logic	exs	Overtone Pad	/Library/Application Support/Logic/Sampler Instruments/11 Textures/Pads/Overtone Pad.exs
Logic	exs	Sphere Pad	/Library/Application Support/Logic/Sampler Instruments/11 Textures/Pads/Sphere Pad.exs
Logic	exs	Sub Pad	/Library/Application Support/Logic/Sampler Instruments/11 Textures/Pads/Sub Pad.exs
Logic	exs	Tidal Pad	/Library/Application Support/Logic/Sampler Instruments/11 Textures/Pads/Tidal Pad.exs
Logic	exs	Uneven Pad	/Library/Application Support/Logic/Sampler Instruments/11 Textures/Pads/Uneven Pad.exs
Logic	exs	Guzheng	/Library/Application Support/Logic/Sampler Instruments/Chinese Traditional/Guzheng.exs
Logic	exs	Koto	/Library/Application Support/Logic/Sampler Instruments/Japanese Traditional/Koto.exs
Logic	exs	Taiko Drums	/Library/Application Support/Logic/Sampler Instruments/Japanese Traditional/Taiko Drums.exs
Logic	exs	Mellotron	/Library/Application Support/Logic/Sampler Instruments/Mellotron/Mellotron.exs
Logic	exs	Autumn Leaves FX 01	/Library/Application Support/Logic/Sampler Instruments/Other/Vision and Verse/Autumn Leaves FX 01.exs
Logic	exs	Autumn Leaves FX 02	/Library/Application Support/Logic/Sampler Instruments/Other/Vision and Verse/Autumn Leaves FX 02.exs
Logic	exs	Birdland Calls Piano 01	/Library/Application Support/Logic/Sampler Instruments/Other/Vision and Verse/Birdland Calls Piano 01.exs
Logic	exs	Birdland Calls Piano 02	/Library/Application Support/Logic/Sampler Instruments/Other/Vision and Verse/Birdland Calls Piano 02.exs
Logic	exs	Birdland Calls Piano 03	/Library/Application Support/Logic/Sampler Instruments/Other/Vision and Verse/Birdland Calls Piano 03.exs
Logic	exs	Blazing Hot Reverse Tape	/Library/Application Support/Logic/Sampler Instruments/Other/Vision and Verse/Blazing Hot Reverse Tape.exs
Logic	exs	Blazing Hot Vox	/Library/Application Support/Logic/Sampler Instruments/Other/Vision and Verse/Blazing Hot Vox.exs
Logic	exs	Brooklyn Feels Chord	/Library/Application Support/Logic/Sampler Instruments/Other/Vision and Verse/Brooklyn Feels Chord.exs
Logic	exs	Brooklyn Feels Piano Chord	/Library/Application Support/Logic/Sampler Instruments/Other/Vision and Verse/Brooklyn Feels Piano Chord.exs
Logic	exs	Cinematic Funk Electric Guitar	/Library/Application Support/Logic/Sampler Instruments/Other/Vision and Verse/Cinematic Funk Electric Guitar.exs
Logic	exs	Cinematic Funk Tape FX 01	/Library/Application Support/Logic/Sampler Instruments/Other/Vision and Verse/Cinematic Funk Tape FX 01.exs
Logic	exs	Cinematic Funk Tape FX 02	/Library/Application Support/Logic/Sampler Instruments/Other/Vision and Verse/Cinematic Funk Tape FX 02.exs
Logic	exs	Jazz Vanguard FX	/Library/Application Support/Logic/Sampler Instruments/Other/Vision and Verse/Jazz Vanguard FX.exs
Logic	exs	Midnight Sillage Electric Piano	/Library/Application Support/Logic/Sampler Instruments/Other/Vision and Verse/Midnight Sillage Electric Piano.exs
Logic	exs	Midtown Summer EPiano 01	/Library/Application Support/Logic/Sampler Instruments/Other/Vision and Verse/Midtown Summer EPiano 01.exs
Logic	exs	Midtown Summer EPiano 02	/Library/Application Support/Logic/Sampler Instruments/Other/Vision and Verse/Midtown Summer EPiano 02.exs
Logic	exs	Midtown Summer Trumpet	/Library/Application Support/Logic/Sampler Instruments/Other/Vision and Verse/Midtown Summer Trumpet.exs
Logic	exs	No Man's Joint Electric Guitar	/Library/Application Support/Logic/Sampler Instruments/Other/Vision and Verse/No Man's Joint Electric Guitar.exs
Logic	exs	No Man's Joint Synth Pad 01	/Library/Application Support/Logic/Sampler Instruments/Other/Vision and Verse/No Man's Joint Synth Pad 01.exs
Logic	exs	No Man's Joint Synth Pad 02	/Library/Application Support/Logic/Sampler Instruments/Other/Vision and Verse/No Man's Joint Synth Pad 02.exs
Logic	exs	Onyx Club Tape FX	/Library/Application Support/Logic/Sampler Instruments/Other/Vision and Verse/Onyx Club Tape FX.exs
Logic	exs	Rolling Up Tape FX	/Library/Application Support/Logic/Sampler Instruments/Other/Vision and Verse/Rolling Up Tape FX.exs
Logic	exs	Thick Heat Acoustic Piano	/Library/Application Support/Logic/Sampler Instruments/Other/Vision and Verse/Thick Heat Acoustic Piano.exs
Logic	exs	Twilight Drive Sax	/Library/Application Support/Logic/Sampler Instruments/Other/Vision and Verse/Twilight Drive Sax.exs
Logic	exs	Vintage Cinema Electric Guitar	/Library/Application Support/Logic/Sampler Instruments/Other/Vision and Verse/Vintage Cinema Electric Guitar.exs
Logic	exs	Warm Breeze Electric Piano	/Library/Application Support/Logic/Sampler Instruments/Other/Vision and Verse/Warm Breeze Electric Piano.exs
Logic	exs	Studio Horns - 3 piece - RnB Section	/Library/Application Support/Logic/Sampler Instruments/Studio Horns/Section Instruments/Studio Horns - 3 piece - RnB Section.exs
Logic	exs	Studio Horns - 6 piece - Soul Section	/Library/Application Support/Logic/Sampler Instruments/Studio Horns/Section Instruments/Studio Horns - 6 piece - Soul Section.exs
Logic	exs	Studio Horns - 7 piece - Jazz Section	/Library/Application Support/Logic/Sampler Instruments/Studio Horns/Section Instruments/Studio Horns - 7 piece - Jazz Section.exs
Logic	exs	Studio Alt Sax 1	/Library/Application Support/Logic/Sampler Instruments/Studio Horns/Single Instruments/Studio Alt Sax 1.exs
Logic	exs	Studio Alt Sax 2	/Library/Application Support/Logic/Sampler Instruments/Studio Horns/Single Instruments/Studio Alt Sax 2.exs
Logic	exs	Studio Baritone Sax	/Library/Application Support/Logic/Sampler Instruments/Studio Horns/Single Instruments/Studio Baritone Sax.exs
Logic	exs	Studio Bass Trombone	/Library/Application Support/Logic/Sampler Instruments/Studio Horns/Single Instruments/Studio Bass Trombone.exs
Logic	exs	Studio Tenor Sax 1	/Library/Application Support/Logic/Sampler Instruments/Studio Horns/Single Instruments/Studio Tenor Sax 1.exs
Logic	exs	Studio Tenor Sax 2	/Library/Application Support/Logic/Sampler Instruments/Studio Horns/Single Instruments/Studio Tenor Sax 2.exs
Logic	exs	Studio Trombone 1	/Library/Application Support/Logic/Sampler Instruments/Studio Horns/Single Instruments/Studio Trombone 1.exs
Logic	exs	Studio Trombone 2	/Library/Application Support/Logic/Sampler Instruments/Studio Horns/Single Instruments/Studio Trombone 2.exs
Logic	exs	Studio Trombone 3	/Library/Application Support/Logic/Sampler Instruments/Studio Horns/Single Instruments/Studio Trombone 3.exs
Logic	exs	Studio Trumpet 1	/Library/Application Support/Logic/Sampler Instruments/Studio Horns/Single Instruments/Studio Trumpet 1.exs
Logic	exs	Studio Trumpet 2	/Library/Application Support/Logic/Sampler Instruments/Studio Horns/Single Instruments/Studio Trumpet 2.exs
Logic	exs	Studio Trumpet 3	/Library/Application Support/Logic/Sampler Instruments/Studio Horns/Single Instruments/Studio Trumpet 3.exs
Logic	exs	Studio Trumpet 4	/Library/Application Support/Logic/Sampler Instruments/Studio Horns/Single Instruments/Studio Trumpet 4.exs
Logic	exs	Disco Strings	/Library/Application Support/Logic/Sampler Instruments/Studio Strings/Section Instruments/Disco Strings.exs
Logic	exs	Singer Songwriter	/Library/Application Support/Logic/Sampler Instruments/Studio Strings/Section Instruments/Singer Songwriter.exs
Logic	exs	Small Section	/Library/Application Support/Logic/Sampler Instruments/Studio Strings/Section Instruments/Small Section.exs
Logic	exs	String Ensemble	/Library/Application Support/Logic/Sampler Instruments/Studio Strings/Section Instruments/String Ensemble.exs
Logic	exs	Studio Cellos	/Library/Application Support/Logic/Sampler Instruments/Studio Strings/Single Instruments/Studio Cellos.exs
Logic	exs	Studio Double Basses	/Library/Application Support/Logic/Sampler Instruments/Studio Strings/Single Instruments/Studio Double Basses.exs
Logic	exs	Studio Violas	/Library/Application Support/Logic/Sampler Instruments/Studio Strings/Single Instruments/Studio Violas.exs
Logic	exs	Studio Violins 1	/Library/Application Support/Logic/Sampler Instruments/Studio Strings/Single Instruments/Studio Violins 1.exs
Logic	exs	Studio Violins 2	/Library/Application Support/Logic/Sampler Instruments/Studio Strings/Single Instruments/Studio Violins 2.exs
Logic	exs	American Upright	/Library/Application Support/Logic/Sampler Instruments/z_Internal/Studio Bass/American Upright.exs
Logic	exs	Classic Bass Finger	/Library/Application Support/Logic/Sampler Instruments/z_Internal/Studio Bass/Classic Bass Finger.exs
Logic	exs	Classic Bass Pick	/Library/Application Support/Logic/Sampler Instruments/z_Internal/Studio Bass/Classic Bass Pick.exs
Logic	exs	Classic Bass Slap	/Library/Application Support/Logic/Sampler Instruments/z_Internal/Studio Bass/Classic Bass Slap.exs
Logic	exs	Modern Bass Finger	/Library/Application Support/Logic/Sampler Instruments/z_Internal/Studio Bass/Modern Bass Finger.exs
Logic	exs	Modern Bass Pick	/Library/Application Support/Logic/Sampler Instruments/z_Internal/Studio Bass/Modern Bass Pick.exs
Logic	exs	Modern Bass Slap	/Library/Application Support/Logic/Sampler Instruments/z_Internal/Studio Bass/Modern Bass Slap.exs
Logic	exs	Rock Bass Finger	/Library/Application Support/Logic/Sampler Instruments/z_Internal/Studio Bass/Rock Bass Finger.exs
Logic	exs	Rock Bass Pick	/Library/Application Support/Logic/Sampler Instruments/z_Internal/Studio Bass/Rock Bass Pick.exs
Logic	exs	Session Bass Finger	/Library/Application Support/Logic/Sampler Instruments/z_Internal/Studio Bass/Session Bass Finger.exs
Logic	exs	Session Bass Pick	/Library/Application Support/Logic/Sampler Instruments/z_Internal/Studio Bass/Session Bass Pick.exs
Logic	exs	Sixties Bass Finger	/Library/Application Support/Logic/Sampler Instruments/z_Internal/Studio Bass/Sixties Bass Finger.exs
Logic	exs	Sixties Bass Pick	/Library/Application Support/Logic/Sampler Instruments/z_Internal/Studio Bass/Sixties Bass Pick.exs
Logic	exs	Concert Grand Piano	/Library/Application Support/Logic/Sampler Instruments/z_Internal/Studio Piano/Concert Grand Piano.exs
Logic	exs	Studio Grand Piano (One Mic)	/Library/Application Support/Logic/Sampler Instruments/z_Internal/Studio Piano/Studio Grand Piano (One Mic).exs
Logic	exs	Studio Grand Piano	/Library/Application Support/Logic/Sampler Instruments/z_Internal/Studio Piano/Studio Grand Piano.exs
Logic	exs	Vintage Upright Piano	/Library/Application Support/Logic/Sampler Instruments/z_Internal/Studio Piano/Vintage Upright Piano.exs
